:020000040800F2
:10000000B84E01244103000831110108B10601086E
:10001000390E0108991200088174010800000000DF
:10002000000000000000000000000000D1200108D6
:100030006941000800000000611701085121010812
:100040005F0300085F0300085F0300085F03000808
:100050005F0300085F0300085F0300085F030008F8
:100060005F0300085F0300085F03000841200008E9
:1000700051200008612000085F0300085F030008AA
:100080005F0300085F0300085F0300088948000859
:10009000A948000899480008B94800085F0300080B
:1000A0005F0300085F0300085F0300085F030008A8
:1000B0005F0300085F0300085F0300085F03000898
:1000C0005F0300085F0300085F0300085F03000888
:1000D0005F030008393701085F0300085F03000869
:1000E0005F0300085F030008000000005F030008D2
:1000F0005F0300085F0300085F0300085F03000858
:100100005F0300085F0300085F0300085F03000847
:100110005F0300085F0300085F030008E92301088C
:100120005F0300085F0300085F0300085F03000827
:100130005F0300085F0300085F0300085F03000817
:1001400000000000000000000000000000000000AF
:100150005F0300085F0300085F03000849370108D8
:100160005F0300085F0300085F0300085F030008E7
:100170005F0300085F0300085F0300080000000041
:100180005F0300085F0300085F0300085F030008C7
:100190005F0300085F0300085F0300085F030008B7
:1001A0005F0300085F0300085F0300085F030008A7
:1001B0005F0300085F0300085F0300085F03000897
:1001C0005F0300085F0300085F0300085F03000887
:1001D0005F030008A91101085F0300085F0300081E
:1001E0005F0300085F0300085F0300085F03000867
:1001F0005F0300085F0300085F0300085F03000857
:100200005F0300085F0300085F0300085F03000846
:100210005F0300085F0300085F0300085F03000836
:100220005F0300085F0300085F0300080000000090
:100230005F0300085F030008000000005F03000880
:100240005F0300085F0300085F0300085F03000806
:100250005F0300085F0300085F0300085F030008F6
:100260005F0300085F0300085F0300085F030008E6
:100270005F0300085F0300085F0300080000000040
:100280005F0300085F0300085F0300080000000030
:10029000000000005F03000800F002F800F040F8E2
:1002A0000AA090E8000C82448344AAF10107DA45D1
:1002B00001D100F035F8AFF2090EBAE80F0013F0E3
:1002C000010F18BFFB1A43F00103184704C30100D4
:1002D00024C30100103A24BF78C878C1FAD8520765
:1002E00024BF30C830C144BF04680C6070470000B0
:1002F0000023002400250026103A28BF78C1FBD82F
:10030000520728BF30C148BF0B6070471FB51BF0B4
:10031000A2FD9DE8030000F0EDF91FBD10B510BD72
:1003200000F054FA1146FFF7F1FF17F049FB00F017
:1003300072FA03B4FFF7F2FF03BC00F0A3FA000067
:100340000A4880470A4880470A480047FEE7FEE718
:10035000FEE7FEE7FEE7FEE7FEE7FEE7FEE7FEE775
:1003600005480649064A074B7047000061480008E7
:100370005922010899020008B8FE0024B84E012451
:10038000B83E0124B83E012470B5064600F096F947
:10039000056806F10B0020F00704B4429CBF002062
:1003A00070BD2B466A68BAB11068A04210D304F140
:1003B000080188423CBF5068586007D35168101943
:1003C00041601168091B016058601460101D70BD08
:1003D00013465268002AE7D12146284600F076F9F4
:1003E0000028DED170BD70B50446051F00F066F927
:1003F0000068002C14BF446870BD002C18BFAC42CC
:100400003CBF20466468F8D301680A18AA4218BFA6
:10041000456003D12A6805461144016028684119E6
:10042000A1421CBF6C6070BD6168696021680844AE
:10043000286070BD53EA020C00F069802DE9F04B92
:100440004FF00006002B1FBFB3FA83F503FA05F443
:1004500024FA05F65E4012BF1643B2FA82F502FA9C
:1004600005F4C5F120051EBF22FA05FC44EA0C0480
:10047000203556EA044C4FEA144418BF641C4FF070
:1004800000084FF00009904271EB030C39D30029AA
:1004900019BFB1FA81F701FA07F6B0FA80F700FA4E
:1004A00007F6C7F120071EBF20FA07FC46EA0C0634
:1004B0002037B6FBF4FCA7EB0507103F07F01F0B36
:1004C000CBF120062CFA06F60CFA0BFB44BFB34620
:1004D0000026202FA4BF5E464FF0000B5BEA060CFF
:1004E00008BF4FF0010B19EB0B0948EB0608ABFBFB
:1004F000027C06FB02CC0BFB03CCC01B71EB0C0196
:10050000C1E70B46024641464846BDE8F08B13B5AD
:10051000084318BF4FF0FF300146AFF30080BDE83D
:100520001C407047032A40F2308010F0030C00F0AA
:10053000158011F8013BBCF1020F624498BF11F81D
:1005400001CB00F8013B38BF11F8013BA2F10402D6
:1005500098BF00F801CB38BF00F8013B11F003034E
:1005600000F02580083AC0F0088051F8043B083AB2
:1005700051F804CBA0E80810F5E7121D5CBF51F854
:10058000043B40F8043BAFF30080D20724BF11F8CE
:10059000013B11F801CB48BF11F8012B24BF00F833
:1005A000013B00F801CB48BF00F8012B704710B5A4
:1005B000203AC0F00B80B1E81850A0E81850B1E81C
:1005C0001850A0E81850203ABFF4F5AF5FEA027C5B
:1005D00024BFB1E81850A0E8185044BF18C918C08B
:1005E000BDE810405FEA827C24BF51F8043B40F82C
:1005F000043B08BF7047D20728BF31F8023B48BF11
:1006000011F8012B28BF20F8023B48BF00F8012B4E
:10061000704702F0FF0343EA032242EA024200F07D
:1006200024B84FF000020429C0F0128010F0030C2F
:1006300000F01B80CCF1040CBCF1020F18BF00F8D5
:10064000012BA8BF20F8022BA1EB0C0100F00DB884
:100650005FEAC17C24BF00F8012B00F8012B48BFE2
:1006600000F8012B70474FF0000200B51346944686
:100670009646203922BFA0E80C50A0E80C50B1F1FA
:100680002001BFF4F7AF090728BFA0E80C5048BF0E
:100690000CC05DF804EB890028BF40F8042B08BFAC
:1006A000704748BF20F8022B11F0804F18BF00F8A8
:1006B000012B704770477047704700000048704733
:1006C00028010024704770477047704738B50446CA
:1006D0000A4600206946AFF30080002808BF38BDF5
:1006E00002460099204600F04FF8012038BD012055
:1006F00000F064B8F8B5AFF30080054600200C4662
:10070000102000BF0646A819A0420DD932466946FE
:100710000020AFF30080070008BF00F04FF80098FA
:10072000A04218BF0546C419FFF7C8FF0560074679
:10073000F01D20F007004619284600F00AF8B442E0
:1007400008BFF8BDA21B31463868BDE8F84000F08C
:100750001BB800210160C0E90110704710207047EC
:1007600010B500F00DF8006810BD10B5044600F09B
:1007700007F8046010BD0000004870472001002405
:100780000048704720010024034640688C4600283A
:1007900018BF88423CBF03464068F8D31868184425
:1007A000884207D00CF1030020F00700001D411A19
:1007B000521A0146081D0A60FFF715BE10B500F079
:1007C00039F8BDE8104000F02FB870477546FFF7C4
:1007D000D3FFAE4605006946534620F00700854624
:1007E00018B020B5FFF7BCFDBDE820404FF0000673
:1007F0004FF000074FF000084FF0000BAC46ACE89C
:10080000C009ACE8C009ACE8C009ACE8C00921F0F7
:1008100007018D46704710B50446AFF300802046AF
:10082000BDE81040FFF785BD002801D000F02AB8D0
:100830007047000010B5012805D0002103A000F08A
:1008400027F8012010BD09A1F8E7000053494752DD
:10085000544D454D3A204F7574206F662068656190
:1008600070206D656D6F7279000000003A20486558
:100870006170206D656D6F727920636F7272757033
:100880007465640001491820ABBEFEE72600020033
:1008900070B505460C460A2000E06D1C00F011F80A
:1008A00035B128780028F8D102E0641C00F009F87E
:1008B00014B120780028F8D1BDE870400A20AFF3C9
:1008C000008008B569468DF800000320ABBE08BD66
:1008D00084B08DED021ACDED010A8DED000A9DED7B
:1008E000000A9FED271AB4EE410AF1EE10FA0ADB76
:1008F000FFE79DED000A9FED231AB4EE410AF1EEE9
:1009000010FA04DDFFE700208DF80F0033E09DEDC5
:10091000010A9FED1B1AB4EE410AF1EE10FA0ADB50
:10092000FFE79DED010A9FED171AB4EE410AF1EEC3
:1009300010FA04DDFFE700208DF80F001BE09DEDAD
:10094000020A9FED0F1AB4EE410AF1EE10FA0ADB2B
:10095000FFE79DED020A9FED0B1AB4EE410AF1EE9E
:1009600010FA04DDFFE700208DF80F0003E00120FE
:100970008DF80F00FFE79DF80F0004B0704700BF2F
:10098000000034C30000344380B58CB08DED0B1AE9
:10099000CDED0A0A8DED090A089007919DED090A2F
:1009A0009FED202A20EE020A8DED060A9DED060A33
:1009B0009DED0A1A01EE020A8DED050A9DED060A6B
:1009C0001AF03EFF8DED010A9DED050A1AF038FF81
:1009D0009DED011A9FED142A8DED022A20EE020AE8
:1009E0009FED122A8DED032A01EE020A089880ED90
:1009F000000A9DED060A1BF023F88DED040A9DED1B
:100A0000050A1BF01DF89DED023A9DED032A9DEDB0
:100A1000041A20EE030A01EE020A079880ED000A8C
:100A20000CB080BD35FA8E3C000091430000B44309
:100A300080B592B08DED101ACDED0F0A8DED0E0A36
:100A40000D908DF833100D9820B9FFE700208DF838
:100A50004700B7E00E980B900F980A909DED0B1A87
:100A60009DED0A0A20EE000A01EE010A8DED090A49
:100A70009DED090A1BF0ACF88DED080A9DED080A02
:100A80009FED521AB4EE410AF1EE10FA0ADCFFE7CC
:100A90009DED080A9FED4E1AB4EE410AF1EE10FAF0
:100AA00004DAFFE700208DF847008BE09DED090A8E
:100AB0009FED481A30EE010A9FED471A30EE010A09
:100AC0009FED461A80EE010A8DED070A9DED070A9B
:100AD000B7EE001AB4EE410AF1EE10FA04DDFFE7BA
:100AE0004FF07E500790FFE79DED070ABFEE001A1A
:100AF000B4EE410AF1EE10FA05DAFFE70020CBF67A
:100B000080700790FFE79DF8330038B9FFE79DED4F
:100B1000070A1AF0B3FC8DED060A08E09DED070AFE
:100B20001AF0ACFCB1EE400A8DED060AFFE79DED30
:100B30000A0ADDED0B0A1AF02DFD8DED030A9DED7D
:100B4000060A1AF07DFF9FED261A8DED011A20EEA0
:100B5000010A8DED020A9DED060A1AF071FE9DED67
:100B6000012AB0EE401A9DED020ADFED1E0A41EEA9
:100B7000020A1AF00FFDB0EE401A9DED030A30EEA6
:100B8000410A8DED050A9DED050A9FED171A8DEDC1
:100B9000041A20EE010A00F09BF89DED041A0D984E
:100BA00080ED000A9DED060A20EE010A00F090F8A3
:100BB0000D9880ED010A0D990020886001208DF8C4
:100BC0004700FFE79DF8470012B080BDA480224493
:100BD000E1FA8B420020FDC70042A4C700E84B4861
:100BE000000091430000B443E12E65420000000084
:100BF00080B5ECB04BF68471C0F601013DA80190C0
:100C0000BC220492FFF7D3FC019802F049FC014694
:100C100046F21C70C2F2004002900160006802F0CF
:100C2000EBFD029800689FED280A8DED030ADFEDC9
:100C3000270A02F085FD0298DDED030A0068B0EE98
:100C4000600A02F095FD049A4CF24001C0F60101E1
:100C50000EA80590FFF7ABFC059800F005FF0146D4
:100C600046F22070C2F200400160006800F0F4FE1D
:100C70000020069004F098FD014606980D910D990C
:100C8000079104218DF8201001218DF82110ADF875
:100C900022004FF4FA71ADF8241014218DF82610BB
:100CA00040F2DC51ADF828100021C3F6B4510B918D
:100CB0008DF8300007A804F037FE46F22471C2F226
:100CC000004108606CB080BD00002042CDCCCC3D1E
:100CD00080B582B08DED010A9DED010ADFED170AA6
:100CE0001AF056FE8DED000A9DED000A9FED141AD4
:100CF000B4EE410AF1EE10FA09DDFFE79DED000ABE
:100D00009FED101A30EE010A8DED000AFFE79DED10
:100D1000000A9FED0D1AB4EE410AF1EE10FA09DA5D
:100D2000FFE79DED000A9FED051A30EE010A8DEDFB
:100D3000000AFFE79DED000A02B080BD0000B44349
:100D4000000034430000B4C3000034C300000000BE
:100D500081B0009046F21C70C2F200400068F0B111
:100D6000FFE746F21C70C2F20040006890F8FE01F6
:100D7000A8B1FFE746F21C70C2F20040006890ED97
:100D8000031A46F21870C2F2004090ED000A9FED7F
:100D9000202A01EE020A009880ED000AFFE746F2E1
:100DA0002070C2F20040006800B3FFE746F22070F6
:100DB000C2F20040006890F8D601B8B1FFE746F2F1
:100DC0002070C2F20040006890ED090AB3EE031AE9
:100DD00080EE010A9FED0F1A30EE010A009890EDA7
:100DE000001A30EE410A80ED010AFFE746F2247056
:100DF000C2F20040006848B1FFE746F22470C2F238
:100E000000400068C06800998860FFE701B0704743
:100E1000E12E65C20000344380B586B005A900917B
:100E200081ED001A41ED010A01ED020A46F21C7043
:100E3000C2F20040006811ED021A46F21871C2F2C7
:100E4000004191ED000A30EE410A02F0C5FC009924
:100E500046F22070C2F20040006811ED021A11ED56
:100E6000010A9FED182A30EE020A30EE010AB3EEB5
:100E7000031A20EE010A00F077FF009890ED000AB7
:100E80009FED111A80EE010ABDEEC00A10EE100AA5
:100E9000ADF80A0046F22470C2F2004001900068EA
:100EA000BDF90A1004F048FE019800684FF4FA7189
:100EB00004F052FE01980068142104F02DFE06B0E3
:100EC00080BD00BF000034C30000B43D000000003E
:100ED00080B582B00190FFE700F006F8012016F01F
:100EE0005FFEF9E70000000080B594B00DA80990FE
:100EF00046F69C40C2F200400068C07B8DF84F006F
:100F000041F25860C2F200400A90FFF721FF0A99AF
:100F100008684A688B6841F21461C2F200418B6034
:100F20004A6008609DF84F0081F83A0041F2546031
:100F3000C2F20040007801460B9150B1FFE70B98D8
:100F4000012800F0AC80FFE70B98022800F0D78062
:100F500097E146F21C70C2F200400068002800F0E1
:100F60009D80FFE746F21C70C2F20040006890F8D6
:100F7000FE01002800F09280FFE746F22070C2F2E6
:100F800000400068002800F08980FFE746F22070EA
:100F9000C2F20040006890F8D60100287ED0FFE73A
:100FA00046F21770C2F200400078F8B9FFE746F247
:100FB0001C70C2F20040006890ED030A9FEDB51A64
:100FC00020EE010A46F21870C2F2004080ED000ADD
:100FD00046F22070C2F20040006800F0ADFE46F21A
:100FE0001771C2F20041012008704AE141F25860D5
:100FF000C2F200400590FFF7ABFE05980168426819
:10100000836845F69870C2F20040089083604260A1
:10101000016090ED000AD0ED010A90ED021A45F64C
:10102000A470C2F20040069045F6A871C2F20041D9
:101030000791FFF7A9FC069A07990898136841F2EF
:101040001462C2F200425362096891620168426808
:10105000836847F2B060C2F2004083604260016082
:1010600090ED000AD0ED010A90ED021AFFF7D4FED0
:1010700046F21C70C2F20040006802F0E5F902F08E
:101080002FFF47F2AC60C2F2004080ED000A41F24F
:101090005461C2F2004101200870FFE7F1E045F61B
:1010A0009870C2F2004001684268836847F2B060FD
:1010B000C2F2004083604260016090ED000AD0ED12
:1010C000010A90ED021AFFF7A7FE02F009FF47F2AE
:1010D000AC60C2F2004090ED001A30EE410AB7EE6B
:1010E000001AB4EE410AF1EE10FA07DBFFE741F215
:1010F0005461C2F2004102200870FFE7C1E09DF890
:101100004F0001280FD1FFE745F69871C2F2004168
:1011100008684A688B6847F2B061C2F200418B6090
:101120004A60086094E09DF84F00022840F08F80EC
:10113000FFE7099845F6A471C2F2004191ED000A5B
:101140009FED521A30EE010A80ED030A45F6A871B0
:10115000C2F2004191ED000A9FED4D1A30EE010AF6
:1011600080ED040A002103911291109941F214625A
:10117000C2F200420492D1621199116390ED031AF8
:1011800090ED040A20EE000A01EE010A1AF020FD9B
:1011900009980399049A82ED0D0A90ED030AD0EDA7
:1011A000040A90ED051A0DA8FFF742FC04998DF88A
:1011B00033000D980E9A0F9B0B62CA6188619DF8EF
:1011C000330081F838009DF8330058B1FFE70998E3
:1011D00090ED000AD0ED010A90ED021AFFF778FBBE
:1011E000029002E000200290FFE702988DF83200A2
:1011F0009DF8320041F21461C2F2004181F83900D9
:101200009DF83300D0B1FFE79DF83200B0B1FFE7A1
:101210000D9847F2B061C2F2004108600E98486034
:1012200045F69870C2F200408068886041F214610F
:10123000C2F20041888F0130888707E041F21461D3
:10124000C2F20041C88F0130C887FFE7FFE7FFE720
:1012500047F2B060C2F20040019090ED000AD0ED7C
:10126000010A90ED021AFFF7D7FD019908684A6854
:101270008B6841F21461C2F200414B610A61C8609F
:10128000FFE701F049FF14B080BD00BF0000FAC3C2
:1012900000004843E12E6542FFE7FEE70000000042
:1012A00084B08DF80F000291ADF806209DF80F0074
:1012B0000146009123281DD80099DFE801F01213A0
:1012C0001415161B1B1B1B1B1B1B1B1B1B1B1B1B80
:1012D0001B1B1B1B1B1B1B1B1B1B1B1B1B1B171865
:1012E000191A08E007E006E005E004E003E002E088
:1012F00001E000E0FFE7002004B0704700000000BC
:10130000002070470000000080B582B045F6142030
:10131000C2F20040009040F61461C2F20041002287
:10132000019212F0C1FD009840F21461C2F2004136
:1013300012F09AFD019A009840F60001C3F20401F0
:1013400012F0B2FD009840F20001C3F2040112F065
:101350008BFD019802B080BD80B584B003900291EE
:1013600003980299096815F00FFE039945F61420B9
:10137000C2F20040019012F077FD019812F018FDC2
:10138000002004B080BD000083B0029001918DF870
:10139000032000208DF802009DF9020003B0704781
:1013A00080B586B00490ADF80E1000208DF80D00C9
:1013B00045F61420C2F20040D0F8BC020290029818
:1013C000D0F8140220B1FFE701208DF8170013E0D8
:1013D0000499BDF80E2045F61420C2F20040019099
:1013E00012F062FD019812F06BFE8DF80D009DF871
:1013F0000D008DF81700FFE79DF8170006B080BDBF
:1014000080B504F0B9FB00F0BBFC80BD000000001B
:1014100080B582B001900FF0CFFCFFE7012016F0FD
:10142000BFFBFBE70000000081B000200090FFE759
:101430000098052821D8FFE7009947F2A460C2F27E
:101440000040405CA0B1FFE7009947F28C60C2F217
:10145000004050F8210058B1FFE7009947F28C6036
:10146000C2F2004050F8211000200863C862FFE774
:10147000FFE7009801300090DAE701B07047000004
:1014800080B586B08DED050ACDED040A9DED050A07
:1014900000F09EFC8DED030A9DED040A00F098FC1F
:1014A0008DED020A9DED020A9DED031A30EE410A10
:1014B0008DED010A9DED010A9FED161AB4EE410A69
:1014C000F1EE10FA09DDFFE79DED010A9FED141A18
:1014D00030EE010A8DED010A13E09DED010A9FED4A
:1014E0000E1AB4EE410AF1EE10FA09DAFFE79DEDAB
:1014F000010A9FED0A1A30EE010A8DED010AFFE79D
:10150000FFE79DED050A9DED011A30EE010A06B0D8
:1015100080BD00BF00003443000034C30000B4436A
:101520000000B4C30000000083B002900191029853
:1015300018B1FFE7019808B9FFE715E000208DF822
:101540000300FFE79DF8030007280DD8FFE7019887
:101550009DF80320805C02998854FFE79DF8030002
:1015600001308DF80300EDE703B070470000000084
:1015700082B00090009845F65861C2F2004188425E
:1015800006D1FFE745F65C10C2F20040019010E082
:10159000009845F6F861C2F20041884206D1FFE7A3
:1015A00045F6B810C2F20040019002E00020019020
:1015B000FFE7019802B0704780B582B00190FFE765
:1015C00000F006F804F068F9012016F0E9FAF7E7F0
:1015D00080B58AB0FFF728FF45F69C01C2F20041B2
:1015E000C8680130C860002081F829000790FFE733
:1015F000079846F21671C2F200410978884280F0DD
:101600009381FFE7079941F27C70C2F2004050F8E5
:1016100021000690069828B1FFE70698D0F8C0018F
:1016200008B9FFE77CE1069810F09EFA069834307E
:101630000590069840300490069803900698B0F8FC
:10164000D401ADF82200059800F0CAF98DF8250004
:101650009DF8250038B1FFE7069890F8D7010028DB
:1016600000F0E180FFE70498D0F878010190059838
:101670000079012807D1FFE79DED010AB1EE400A8C
:101680008DED010AFFE7059840884006002839D50E
:10169000FFE705980088402834D1FFE70598807956
:1016A000012806D1FFE70498D0F86801006802908D
:1016B00012E00398406A02900598007A01280AD146
:1016C000FFE7039890ED090ADDED010AFFF7D8FE68
:1016D0008DED010AFFE7FFE705984079012807D162
:1016E000FFE79DED020AB1EE400A8DED020AFFE729
:1016F00004989DED020ADDED010A0FF025FF8DED46
:10170000010AFFE705984088000700283ED5FFE75B
:101710000598008810F0480F38D0FFE70598407A08
:1017200010F00A0F0CD0FFE70498D0F8740190ED88
:10173000001A9DED010A30EE010A8DED010AFFE766
:101740000598C079012806D1FFE70498D0F86C010C
:101750000068029003E0039800690290FFE7059893
:101760004079012807D1FFE79DED020AB1EE400A5A
:101770008DED020AFFE7049878309DED020ADDED59
:10178000010A0FF0E1FE8DED010AFFE70598407AAE
:10179000C00760B1FFE70498D0F8700190ED001A1F
:1017A0009DED010A30EE010A8DED010AFFE7059873
:1017B0004088C00700B3FFE70398B0F9140000EEBB
:1017C000100AB8EEC00A8DED020A0598407901288A
:1017D00007D1FFE79DED020AB1EE400A8DED020A46
:1017E000FFE70498F0309DED020ADDED010A0FF0ED
:1017F000ABFE8DED010AFFE79DED010ABDEEC00ACB
:1018000010EE100AADF82200BDF822000699A1F8EA
:10181000D4019DF8250028B1FFE70699002081F842
:10182000D701FFE7FFE7069890F8C4018DF827007D
:10183000069890F8C5018DF826009DF82700052828
:101840000ADCFFE79DF8271047F28C60C2F20040E7
:1018500050F8210008B9FFE762E09DF823009DF8E9
:10186000272047F28C61C2F2004151F822209DF8F6
:10187000263002EB430282F82C00BDF822009DF8CE
:10188000272051F822109DF8262001EB420181F813
:101890002D000498D0F8780145F69C01C2F2004171
:1018A0004864BDF82200A1F848009DF8270081F89F
:1018B00027009DF8260081F82800069890F8C701B7
:1018C00078B9FFE79DF8271047F28C60C2F200401C
:1018D00050F821009DF8261000EB4101002088857A
:1018E000FFE79DF8271047F28C60C2F2004050F8E5
:1018F00021108A6A45F69C01C2F20041CA649DF833
:10190000272050F822009DF8262000EB420090F896
:101910002C2090F82D0040EA0220A1F85000FFE7AB
:1019200007980130079063E600200790FFE70798CB
:10193000052851D8FFE7079945F69C00C2F2004000
:101940000144002081F85200079947F2A460C2F2D6
:101950000040405C70B1FFE70799012000FA01F2F6
:1019600045F69C01C2F2004191F82900104381F82C
:101970002900FFE7079947F2A460C2F20040405CEB
:1019800028B3FFE7079947F28C60C2F2004050F895
:101990002100E0B1FFE7079947F28C60C2F20040F6
:1019A00050F8210000F068FA80B1FFE7079945F68A
:1019B0009C00C2F200404218012182F8521007999F
:1019C00000EB8101886D01308865FFE7FFE7FFE7E5
:1019D000079801300790AAE70AB080BD0000000018
:1019E00082B00090009820B9FFE700208DF8070032
:1019F0002BE0009840884006002809D5FFE70098B2
:101A00000088402804D1FFE701208DF807001CE082
:101A100000984088000700280AD5FFE70098008852
:101A200010F0480F04D0FFE701208DF807000CE00C
:101A300000984088C00720B1FFE701208DF807001B
:101A400003E000208DF80700FFE79DF8070002B0D3
:101A5000704700000000000081B000900099012054
:101A600081F8C70101B0704780B58EB00C900C981A
:101A700060B9FFE745F69C01C2F2004148680130B9
:101A800048600220887600200D902CE147F2AA6081
:101A9000C2F20040007880B9FFE70EF00DFE60B999
:101AA000FFE745F69C01C2F20041486801304860FA
:101AB0000320887600200D9015E146F21670C2F2E0
:101AC000004000780C280CDBFFE745F69C01C2F2D1
:101AD00000414868013048600420887600200D905D
:101AE00001E14FF4EC70FEF74FFC0590059860B9EA
:101AF000FFE745F69C01C2F20041486801304860AA
:101B00000520887600200D90EDE005984FF4EC71EB
:101B1000FEF7A9FD0C9890F8A000059981F8C60180
:101B200005990C9BD3F89400D3F89820D3F89C30F7
:101B3000CB638A634863059800F598700C990FF0A1
:101B4000D3FD0598B8300C992C310FF0CDFD0598D8
:101B500040300C9958310FF0C7FD0C98D0F8840034
:101B60000599C1F8A8010C98D0F888000599C1F82A
:101B7000AC010C98D0F88C000599C1F8B0010C9814
:101B8000D0F890000599C1F8B401DDF830E0DEF836
:101B9000A400DEF8A810DEF8AC20DEF8B030DEF8E5
:101BA000B4C0DEF8B8E0CDF82CE0CDF828C0099339
:101BB000089207910690059806A90FF041F978B9A7
:101BC000FFE70598FEF70FFC45F69C01C2F20041C5
:101BD0004868013048600620887600200D9082E039
:101BE00000208DF8240044F27110C0F600000A9025
:101BF00005980B9006A803F01BFA0599C1F8C001DF
:101C00000598D0F8C00178B9FFE70598FEF7EBFB1F
:101C100045F69C01C2F20041486801304860072047
:101C2000887600200D905EE005980FF09DFF022061
:101C3000ADF808000020ADF80A0041F6F140C0F60A
:101C4000000003900598049002A802F041FA05995B
:101C5000C1F8C8010598D0F8C801D8B9FFE70598C0
:101C6000D0F8C01100200190C1F8B8000599D1F852
:101C7000C011C1F8BC000598FEF7B5FB019845F608
:101C80009C02C2F2004251680131516008219176F4
:101C90000D9028E00598FFF7DFFE059846F21673D1
:101CA000C2F200431A78511C197041F27C71C2F2E1
:101CB000004141F8220045F69C01C2F2004108684B
:101CC000013008600020887607980861089848610C
:101CD000059890F8C4010876059890F8C5014876F3
:101CE00005980D90FFE70D980EB080BD0000000034
:101CF00083B0029002980190019828B1FFE7019803
:101D0000D0F8C00108B9FFE712E00199002081F87E
:101D1000C7010198D0F8C001016845F65862C2F2C7
:101D200000420220914208BF0120ADF80200FFE707
:101D300003B070470000000081B00090009808B91F
:101D4000FFE70FE00099C8690862009900208861E8
:101D5000009890ED090A90ED0C1A30EE010A80ED22
:101D60000C0AFFE701B0704782B001908DED000AC8
:101D700000980199C1F8B80102B070470000000056
:101D800080B5E2B04CF2B811C0F6010133A8019061
:101D9000BC220292FEF70BFC0198FFF765FE029A47
:101DA00040F2AC11C2F2004108604CF2FC01C0F6F6
:101DB000010104A80390FEF7FAFB0398FFF754FE15
:101DC00040F2B011C2F20041086062B080BD000074
:101DD00080B582B08DED010A9DED010ADFED0D0A9F
:101DE00019F0D6FD8DED010A9DED010AB5EE400A10
:101DF000F1EE10FA09DAFFE79DED010A9FED051AF1
:101E000030EE010A8DED010AFFE79DED010A02B0F7
:101E100080BD00BF0000B44384B003A90191ADF8B8
:101E20000A00BDF90A00012804DBFFE7BDF90A003A
:101E3000009004E0BDF90A0040420090FFE70098DE
:101E4000082803DCFFE7002003900DE00198BDF9AE
:101E50000A1000EE101AB8EEC00AB1EE081A20EE11
:101E6000010A80ED000AFFE7019890ED000A04B036
:101E7000704700000000000080B58CB00A900A98FE
:101E800020B1FFE70A98006820B9FFE700208DF82D
:101E90002F00A4E00A98806A01900020029003902D
:101EA00008210491059006900790089009900A98DF
:101EB0000068FFF75DFB00900A98006807F0E8FDF6
:101EC00078BBFFE7009840B3FFE70099C86901308D
:101ED000C861009988690130886101980099886219
:101EE00004980099C86207980099086301F0D4FF2C
:101EF0000098BCEEC00A80ED0D0A009903204864EA
:101F00000A980068D0F89C000099886400984C30CA
:101F10000A992C31FFF708FBFFE700208DF82F000E
:101F20005DE00A9A52F82C0B01A907F06DFB58B33B
:101F3000FFE7009820B3FFE70099886901308861C6
:101F400001980099886204980099C86207980099DE
:101F5000086301F0A1FF0098BCEEC00A80ED0D0AF5
:101F60000099012048640A980068D0F89C00009904
:101F7000886400984C300A992C31FFF7D5FAFFE7B6
:101F800000208DF82F002AE0009820B3FFE7009989
:101F90004869013048610198009988620498009965
:101FA000C86207980099086301F076FF0098BCEEBC
:101FB000C00A80ED0D0A0099002048640A98006864
:101FC000D0F89C000099886400984C300A992C3114
:101FD000FFF7AAFAFFE701208DF82F00FFE79DF831
:101FE0002F000CB080BD000082B000900098102837
:101FF00004D3FFE700208DF8070008E000994CF2B9
:102000006040C0F60100405C8DF80700FFE79DF8D6
:10201000070002B07047000082B00190BDF80600D2
:1020200000F00F008DF803009DF803104CF2704093
:10203000C0F60100405C02B07047000000000000E4
:1020400080B545F6E050C2F2004005F021F980BDB0
:1020500080B545F6F040C2F2004005F019F980BDA8
:1020600080B545F66850C2F2004005F011F980BD18
:1020700083B002900298016801201022C4F202028B
:102080009142009000F0A380FFE7029801680120D0
:102090002822C4F202029142009000F09880FFE7EB
:1020A0000298016801204022C4F20202914200908D
:1020B00000F08D80FFE70298016801205822C4F2E9
:1020C00002029142009000F08280FFE702980168CE
:1020D00001207022C4F202029142009077D0FFE703
:1020E0000298016801208822C4F202029142009005
:1020F0006DD0FFE7029801680120A022C4F202021D
:102100009142009063D0FFE7029801680120B82255
:10211000C4F202029142009059D0FFE70298016890
:10212000012040F21042C4F20202914200904ED0CF
:10213000FFE702980168012040F22842C4F202023F
:102140009142009043D0FFE702980168012040F2DD
:102150004042C4F202029142009038D0FFE7029858
:102160000168012040F25842C4F2020291420090FC
:102170002DD0FFE702980168012040F27042C4F2BE
:1021800002029142009022D0FFE7029801680120EC
:1021900040F28842C4F202029142009017D0FFE759
:1021A00002980168012040F2A042C4F2020291426A
:1021B00000900CD0FFE7029800684FF64831CBF64C
:1021C000FD710844B0FA80F040090090FFE70098E4
:1021D000C00740B3FFE70298007810384AF6AB21F9
:1021E000CAF6AA21A0FB011000090190019800F095
:1021F00007014CF29040C0F60100405C0299C865AE
:102200000198042807D3FFE702990868042262F3C3
:102210000900886506E00299086840F2FF329043A1
:102220008865FFE705E00299086820F0FF008865EF
:10223000FFE70298806D03B07047000000000000C7
:1022400084B003900398006801900398016801200E
:1022500045F20842C5F60202914200904ED0FFE7D7
:1022600003980168012045F21C42C5F60202914222
:10227000009043D0FFE703980168012045F2304207
:10228000C5F602029142009038D0FFE7039801683A
:10229000012045F24442C5F60202914200902DD041
:1022A000FFE703980168012045F25842C5F6020293
:1022B0009142009022D0FFE703980168012045F287
:1022C0006C42C5F602029142009017D0FFE70398D6
:1022D0000168012045F28042C5F602029142009059
:1022E0000CD0FFE7039800684AF66C31CAF2FD7122
:1022F0000844B0FA80F040090090FFE70098C0075A
:1023000010B3FFE70398007808384CF6CD41CCF6BF
:10231000CC41A0FB011000090290029945F6000093
:10232000C5F6020000EB810003990866039945F6A3
:102330008000C5F602004866029800F01F010120E7
:1023400088400399886635E00398007810384AF68B
:10235000AB21CAF6AA21A0FB011000090290019846
:1023600040F2B841C4F2020188420CD8FFE701985C
:1023700040F21041C4F20201884204D3FFE7029800
:1023800008300290FFE7029940F60000C4F2020014
:1023900000EB810003990866039940F68000C4F2BF
:1023A00002004866029800F01F010120884003994E
:1023B0008866FFE704B0704783B002900298007906
:1023C00001900198002800F08A80FFE70198082812
:1023D00000F28580FFE702980168012045F208427B
:1023E000C5F60202914200904ED0FFE702980168C4
:1023F000012045F21C42C5F602029142009043D0F2
:10240000FFE702980168012045F23042C5F602025A
:102410009142009038D0FFE702980168012045F210
:102420004442C5F60202914200902DD0FFE7029887
:102430000168012045F25842C5F60202914200901F
:1024400022D0FFE702980168012045F26C42C5F6F0
:1024500002029142009017D0FFE702980168012024
:1024600045F28042C5F60202914200900CD0FFE78F
:10247000029800684AF66C31CAF2FD710844B0FA5D
:1024800080F040090090FFE70098C00780B1FFE7A7
:10249000019945F6FC00C5F6020000EB81000299A7
:1024A000C866029945F64010C5F6020008670FE0BD
:1024B000019940F6FC00C4F2020000EB8100029991
:1024C000C866029940F64010C4F202000867FFE7B0
:1024D0000198411E0120884002994867FFE703B038
:1024E000704700000000000085B0049000208DF8C7
:1024F0000F000498806918BBFFE70498806A029077
:1025000003281BD80299DFE801F0020D0218049895
:1025100090F82F00C00720B1FFE701208DF80F00D1
:10252000FFE70CE00498C06AB0F1C07F04D1FFE778
:1025300001208DF80F00FFE701E000E0FFE747E032
:1025400004988069B0F5005F26D1FFE70498806A9F
:10255000019003281ED80199DFE801F0020602115C
:1025600001208DF80F0016E0049890F82F00C007A6
:1025700020B1FFE701208DF80F00FFE70BE0049882
:10258000C06AB0F1C07F04D1FFE701208DF80F00D1
:10259000FFE700E0FFE71AE00498806A0090032854
:1025A00004D3FFE70098032804D00EE001208DF843
:1025B0000F000BE0049890F82F00C00720B1FFE750
:1025C00001208DF80F00FFE700E0FFE7FFE7FFE7DE
:1025D0009DF80F0005B0704789B0089007910692EA
:1025E00005930898806D04900898806D0390089872
:1025F000016801201022C4F202029142029000F010
:102600000381FFE70898016801202822C4F2020232
:102610009142029000F0F880FFE7089801680120DD
:102620004022C4F202029142029000F0ED80FFE7E6
:102630000898016801205822C4F2020291420290D7
:1026400000F0E280FFE70898016801207022C4F2E0
:1026500002029142029000F0D780FFE708980168DB
:1026600001208822C4F202029142029000F0CC8044
:10267000FFE7089801680120A022C4F202029142FB
:10268000029000F0C180FFE7089801680120B8229D
:10269000C4F202029142029000F0B680FFE708986F
:1026A0000168012040F21042C4F2020291420290FD
:1026B00000F0AA80FFE708980168012040F2284254
:1026C000C4F202029142029000F09E80FFE7089857
:1026D0000168012040F24042C4F20202914202909D
:1026E00000F09280FFE708980168012040F258420C
:1026F000C4F202029142029000F08680FFE708983F
:102700000168012040F27042C4F20202914202903C
:102710007AD0FFE708980168012040F28842C4F2AD
:102720000202914202906FD0FFE7089801680120F1
:1027300040F2A042C4F202029142029064D0FFE74C
:1027400008980168012040F2B842C4F202029142A6
:10275000029059D0FFE708980168012045F208422D
:10276000C5F60202914202904ED0FFE70898016838
:10277000012045F21C42C5F602029142029043D06C
:10278000FFE708980168012045F23042C5F60202D1
:102790009142029038D0FFE708980168012045F285
:1027A0004442C5F60202914202902DD0FFE70898FC
:1027B0000168012045F25842C5F60202914202909A
:1027C00022D0FFE708980168012045F26C42C5F667
:1027D00002029142029017D0FFE708980168012099
:1027E00045F28042C5F60202914202900CD0FFE70A
:1027F000089800684AF66C31CAF2FD710844B0FAD4
:1028000080F040090290FFE70298C00770B1FFE72F
:102810000898416E806E48600898C06E28B1FFE746
:102820000898016F406F4860FFE7FFE7089801686C
:1028300001201022C4F202029142019000F0A38014
:10284000FFE70898016801202822C4F202029142A1
:10285000019000F09880FFE708980168012040226D
:10286000C4F202029142019000F08D80FFE70898C7
:10287000016801205822C4F202029142019000F046
:102880008280FFE70898016801207022C4F20202EA
:102890009142019077D0FFE70898016801208822D3
:1028A000C4F20202914201906DD0FFE708980168DE
:1028B0000120A022C4F202029142019063D0FFE7FE
:1028C000089801680120B822C4F2020291420190E6
:1028D00059D0FFE708980168012040F21042C4F285
:1028E0000202914201904ED0FFE708980168012052
:1028F00040F22842C4F202029142019043D0FFE725
:1029000008980168012040F24042C4F2020291425C
:10291000019038D0FFE708980168012040F2584242
:10292000C4F20202914201902DD0FFE7089801689D
:10293000012040F27042C4F202029142019022D082
:10294000FFE708980168012040F28842C4F20202C1
:102950009142019017D0FFE708980168012040F2EA
:10296000A042C4F20202914201900CD0FFE7089805
:1029700000684FF64831CBF6FD710844B0FA80F09C
:1029800040090190FFE70198C00750B3FFE708989E
:10299000C06D00F01F013F208840049988600898AE
:1029A0000168086820F48020086005980899096883
:1029B000486008988068402809D1FFE70698089980
:1029C00009688860079808990968C86008E007984E
:1029D000089909688860069808990968C860FFE73F
:1029E00082E008980168012045F20842C5F602021B
:1029F000914200904ED0FFE708980168012045F20F
:102A00001C42C5F602029142009043D0FFE70898AD
:102A10000168012045F23042C5F602029142009061
:102A200038D0FFE708980168012045F24442C5F616
:102A30000202914200902DD0FFE708980168012022
:102A400045F25842C5F602029142009022D0FFE7BB
:102A500008980168012045F26C42C5F602029142D5
:102A6000009017D0FFE708980168012045F28042E6
:102A7000C5F60202914200900CD0FFE7089800686A
:102A80004AF66C31CAF2FD710844B0FA80F0400990
:102A90000090FFE70098C00720B3FFE70898C06DDB
:102AA00000F01F01012088400399486005980899AB
:102AB0000968486008988068402809D1FFE70698AF
:102AC000089909688860079808990968C86008E04B
:102AD0000798089909688860069808990968C86085
:102AE000FFE700E0FFE7FFE709B0704700000000E4
:102AF00080B586B08DED050ACDED040A9DED050A81
:102B000000F0A6FE8DED030A9DED040A00F0A0FE84
:102B10008DED020A9DED020A9DED031A30EE410A89
:102B20008DED010A9DED010A9FED161AB4EE410AE2
:102B3000F1EE10FA09DDFFE79DED010A9FED141A91
:102B400030EE010A8DED010A13E09DED010A9FEDC3
:102B50000E1AB4EE410AF1EE10FA09DAFFE79DED24
:102B6000010A9FED0A1A30EE010A8DED010AFFE716
:102B7000FFE79DED050A9DED011A30EE010A06B052
:102B800080BD00BF00003443000034C30000B443E4
:102B90000000B4C30000000080B594B013901398F7
:102BA00008B9FFE706E213983030129013984030CE
:102BB000119013981090139890F8FE0170B9FFE7E8
:102BC000139890ED732ADFEDDE1AB0EE610AF0EE95
:102BD000610AB0EE611A00F07FFEEBE11198D0F8C7
:102BE00078010F9012980079012807D1FFE79DED39
:102BF0000F0AB1EE400A8DED0F0AFFE79DED0F0AB7
:102C00009FEDD01A20EE010A8DED0E0A9DED0E0A01
:102C1000DFEDCD0A18F0BCFE8DED0E0A9DED0E0A1B
:102C2000B5EE400AF1EE10FA09DAFFE79DED0E0A63
:102C30009FEDC51A30EE010A8DED0E0AFFE79DEDFE
:102C40000E0A9FEDDE1A20EE010A8DED0F0A129892
:102C5000007A01285AD1FFE7109890ED030A9FED02
:102C6000D71A20EE010A8DED0D0A1298407901283D
:102C700007D1FFE79DED0D0AB1EE400A8DED0D0A7B
:102C8000FFE79DED0D0ADDED0F0AFFF731FF8DED3A
:102C90000F0A9DED0F0A9FEDC81A20EE010A8DED77
:102CA0000E0A9DED0E0A139890ED741AB1EE411ABA
:102CB000B4EE410AF1EE10FA08DCFFE7139890ED4C
:102CC000740AB1EE400A8DED030A1AE09DED0E0A7A
:102CD000139890ED741AB4EE410AF1EE10FA06DB87
:102CE000FFE7139890ED740A8DED020A04E09DED64
:102CF0000E0A8DED020AFFE79DED020A8DED030A33
:102D0000FFE79DED030A8DED0E0AFFE71398D0F85B
:102D1000F80104909DED040AB5EE400AF1EE10FAB8
:102D20000ADDFFE79DED040A9FEDA51AB4EE410A06
:102D3000F1EE10FA06DDFFE741F26F20C3F68320C3
:102D40000490FFE7139890F8EC01A0B9FFE7109802
:102D5000C0681399C1F8E401109890ED080A9FED3E
:102D6000961A20EE010A139880ED7A0A1399012031
:102D700081F8EC01FFE71398D0F8E4010C90139868
:102D8000D0F8E8010B901398D0F8DC010790139865
:102D9000D0F8E00106909DED070AB5EE400AF1EE8D
:102DA00010FA07DAFFE79DED070AB1EE400A8DED54
:102DB000070AFFE79DED060AB5EE400AF1EE10FAAC
:102DC00007DAFFE79DED060AB1EE400A8DED060A2F
:102DD000FFE79DED060A9FED7B1AB4EE410AF1EE86
:102DE00010FA06DAFFE743F2BD70C3F28650069090
:102DF000FFE79DED0E0A9DED0C1A30EE410A8DEDB8
:102E00000A0A9DED0A2ABFEE001AB7EE000AB5EED7
:102E1000402AF1EE10FA20FE010A8DED080A9DED20
:102E20000A0AB5EE400AF1EE10FA05DBFFE79DED68
:102E30000A0A8DED010A06E09DED0A0AB1EE400A8C
:102E40008DED010AFFE79DED010A8DED090A9DED6B
:102E50000B0A20EE000A9DED061A31EE011A80EEF3
:102E6000010A8DED050A9DED090A9DED051AB4EEE6
:102E7000410AF1EE10FA0FDCFFE79DED080A9DED27
:102E8000061A20EE011A9DED042A9DED0B0A01EEB3
:102E9000420A8DED0B0A0EE09DED080A9DED061A23
:102EA00020EE011A9DED042A9DED0B0A01EE020AA7
:102EB0008DED0B0AFFE79DED0B0A9DED071AB4EEB1
:102EC000410AF1EE10FA03DDFFE707980B9013E0DB
:102ED0009DED0B0A9DED071AB1EE411AB4EE410AC1
:102EE000F1EE10FA07DAFFE79DED070AB1EE400AAE
:102EF0008DED0B0AFFE7FFE79DED0B1A9DED042A10
:102F00009DED0C0A01EE020A8DED0C0A9DED080AFA
:102F1000B5EE400AF1EE10FA0ADDFFE79DED0C0A6E
:102F20009DED0E1AB4EE410AF1EE10FA18DCFFE73F
:102F30009DED080AB5EE400AF1EE10FA15DA05E04B
:102F40000000000035FA8E3CDB0FC9409DED0C0AF5
:102F50009DED0E1AB4EE410AF1EE10FA05DAFFE724
:102F60000E980C9000200B90FFE70C981399C1F875
:102F7000E4010B981399C1F8E80113989DED0C0A30
:102F8000DDED0B0A9FED101A00F086FC1198D0F8C9
:102F9000780145F60C11C2F20041C8629DED0B0AA2
:102FA0009FED061A20EE010ABDEEC00A10EE100ACF
:102FB0000886FFE714B080BD35FA8E3CE12E6542ED
:102FC000CDCCCC3DBD3786350000000000000000B0
:102FD00082B00090009820B9FFE700208DF807002C
:102FE0002DE0009840884006002809D5FFE70098AA
:102FF0000088402804D1FFE701208DF807001EE07B
:1030000000984088000700280AD5FFE7009800884C
:1030100010F0480F04D0FFE701208DF807000EE004
:103020000098408840F2E931084204D0FFE70120CF
:103030008DF8070003E000208DF80700FFE79DF8FA
:10304000070002B07047000086B08DED050ACDED97
:10305000040A8DED031A8DF80B009DED030A9DED1A
:10306000041A30EE410A8DED010A049800909DED9E
:10307000050A9DED041AB4EE410AF1EE10FA03DAE6
:10308000FFE704980590FFE79DED050A9DED031A03
:10309000B4EE410AF1EE10FA03DDFFE70398059064
:1030A000FFE79DED050A9DED001A30EE410A9DF8FF
:1030B0000B1001208840013801EE100AB8EEC11A49
:1030C00020EE010A9DED011A80EE010ABCEEC00A55
:1030D00010EE100A06B0704781B00090009808B951
:1030E000FFE716E00099D1F8D401C1F8DC0100989F
:1030F00090ED750A30EE000A80ED780A0099002004
:10310000C1F8E4010099C1F8E801009981F8EC01E7
:10311000FFE701B07047000080B58EB004A80290B0
:1031200045F60C11C2F20041C8680130C8600020A9
:103130000D90FFE70D9841F2AC71C2F200410978A1
:10314000884280F07D81FFE70D9941F2B070C2F2B4
:10315000004050F821000C900C9828B1FFE70C9823
:10316000D0F8C00108B9FFE766E10C9830300B9049
:103170000C9840300A900C9809900B98FFF728FFA4
:103180008DF80F000C9890F8C60110BBFFE70C9863
:1031900090F8C50178B9FFE70C98D0F8C0114FF04E
:1031A000FF30C1F82F00C8620C98D0F8C011FD2084
:1031B00081F8330003E00C98FFF7EEFCFFE70C9872
:1031C000D0F8C00100F0B0FC0C99002081F8FF019C
:1031D00032E10A98D0F87801089000200690059016
:1031E00004909DF80F0038B1FFE70C9890F8FF01AC
:1031F000002800F0D680FFE70B980079012808D15D
:10320000FFE7029890ED040AB1EE400A80ED040A4F
:10321000FFE70B984088400600282FD5FFE70B9862
:10322000008840282AD1FFE70B988079012806D131
:10323000FFE70A98D0F868010068079003E0099852
:10324000806A0790FFE70B984079012808D1FFE7D3
:10325000029890ED030AB1EE400A80ED030AFFE701
:1032600002990A9891ED030AD1ED040A0EF06CF967
:10327000029880ED020A06980890FFE70B984088B4
:103280000007002844D5FFE70B98008810F0480F8E
:103290003ED0FFE70B98407A10F00A0F0DD0FFE701
:1032A00002980A99D1F8741191ED001A90ED040A70
:1032B00030EE010A80ED040AFFE70B98C07901287F
:1032C00006D1FFE70A98D0F86C010068079003E088
:1032D0000998006A0790FFE70B984079012808D108
:1032E000FFE7029890ED030AB1EE400A80ED030A71
:1032F000FFE702990A98783091ED030AD1ED040AAC
:103300000EF022F9029880ED010A05980890FFE777
:103310000B98407AC00768B1FFE702980A99D1F884
:10332000701191ED001A90ED040A30EE010A80ED63
:10333000040AFFE70B98408840F2E93108421FD0A9
:10334000FFE70998806907900B984079012808D118
:10335000FFE7029890ED030AB1EE400A80ED030A00
:10336000FFE702990A98F03091ED030AD1ED040AC3
:103370000EF0EAF8029880ED000A04980890FFE742
:1033800002980A99D1F8782145F60C11C2F2004151
:10339000CA6290ED040ABDEEC00A10EE100A08865B
:1033A000FFE70C9890F8C50178B9FFE70C98D0F8C2
:1033B000C0114FF0FF30C1F82F00C8620C98D0F850
:1033C000C011FD2081F8330027E00C9890F8C60169
:1033D00001460191012804D0FFE70198022809D095
:1033E0000FE002990C9891ED020AD1ED010A00F06C
:1033F0000BFB11E002990C9891ED010A00F054FBCF
:103400000AE002990C9891ED020AD1ED010A91EDC2
:10341000001A00F041FAFFE7FFE70C98D0F8C0016E
:1034200000F082FB9DF80F0028B1FFE70C99002007
:1034300081F8FF01FFE7FFE70D9801300D9079E675
:103440000EB080BD0000000080B582B001900198F0
:1034500028B1FFE70198D0F8C00108B9FFE71DE0E7
:103460000198D0F8C00100900199012081F8C501B0
:1034700000994FF0FF30C1F82F00C8620099FC207E
:1034800081F83300009800F04FFB00990020C1F84C
:103490002F00C862019800F0B7FBFFE702B080BDC3
:1034A00010B58EB00C900C9860B9FFE745F60C1182
:1034B000C2F20041486801304860012008740020D1
:1034C0000D9024E141F2AC70C2F20040007808286F
:1034D0000CDBFFE745F60C11C2F2004148680130F1
:1034E00048600220087400200D9010E14FF4007035
:1034F000FCF74AFF0590059860B9FFE745F60C1107
:10350000C2F200414868013048600320087400207E
:103510000D90FCE005984FF40071FDF7A4F80C98AD
:1035200090F8A000059981F8C40105990C9BD3F887
:103530009400D3F89820D3F89C308B634A630863D7
:1035400005990020019081F8C601059981F8C5010F
:10355000059800F598700C990EF0C6F80598B830EB
:103560000C992C310EF0C0F8059840300C99583168
:103570000EF0BAF80C98D0F884000599C1F8A801AB
:103580000C98D0F888000599C1F8AC010C98D0F8D7
:103590008C000599C1F8B0010C98D0F890000599FD
:1035A000C1F8B401059800F077FB0598FFF794FD8A
:1035B00001980C9CD4F8A410D4F8A820D4F8AC300E
:1035C000D4F8B0C0D4F8B4E0D4F8B8400B94CDF837
:1035D00028E0CDF824C00893079206918DF82400C6
:1035E00044F24150C0F600000A9005980B9045F651
:1035F0000C11C2F200410420087406A801F018FD65
:103600000599C1F8C0010598D0F8C00178B9FFE765
:103610000598FCF7E8FE45F60C11C2F20041486837
:10362000013048600520087400200D906FE0059877
:10363000D0F8C01144F24150C0F60000C1F8B80003
:103640000598D0F8C011C1F8BC000598D0F8C001A9
:10365000082101F069FD002004900390029043F2DC
:103660001970C0F600000390059804900320ADF88F
:10367000080002A800F02CFD0599C1F8F00105989A
:10368000D0F8F001D8B9FFE70598D0F8C0110020B4
:103690000090C1F8B8000599D1F8C011C1F8BC007C
:1036A0000598FCF7A0FE009845F60C12C2F2004205
:1036B000516801315160062111740D9027E0059881
:1036C000FFF7C2FE059800F09FFA059841F2AC732F
:1036D000C2F200431A78511C197041F2B071C2F263
:1036E000004141F8220045F60C11C2F20041086881
:1036F0000130086000200874079888820898488282
:10370000059890F8C601487405980D90FFE70D984C
:103710000EB010BD0000000082B001900198009032
:10372000009828B1FFE70098D0F8C00108B9FFE77A
:1037300004E00099002081F8C501FFE702B070475E
:1037400083B002908DED010ACDED000A029808B910
:10375000FFE708E001980299C1F8C80100980299B2
:10376000C1F8CC01FFE703B0704700000000000083
:1037700083B002908DED010ACDED000A029808B9E0
:10378000FFE726E09DED010AB5EE400AF1EE10FAE2
:1037900007DAFFE79DED010AB1EE400A8DED010A5F
:1037A000FFE79DED000AB5EE400AF1EE10FA07DAE8
:1037B000FFE79DED000AB1EE400A8DED000AFFE73C
:1037C00001980299C1F8DC0100980299C1F8E00162
:1037D000FFE703B07047000082B001908DED000A52
:1037E000019808B9FFE704E000980199C1F8B80111
:1037F000FFE702B07047000080B584B003900398E3
:1038000028B1FFE70398D0F8C00108B9FFE71BE033
:103810000398D0F8C001029003990020019081F82C
:10382000C50102994FF0FF30C1F82F00C86202991C
:10383000FD2081F83300029800F076F90198029992
:10384000C1F82F00C862FFE704B080BD000000008F
:1038500080B582B08DED010A9DED010ADFED0D0A04
:1038600018F096F88DED000A9DED000AB5EE400ABD
:10387000F1EE10FA09DAFFE79DED000A9FED051A57
:1038800030EE010A8DED000AFFE79DED000A02B05F
:1038900080BD00BF0000B44380B586B005908DEDBB
:1038A000040ACDED030A8DED021A059800F5E470C7
:1038B000019005989DED040ADDED030A9DED021AC5
:1038C0000199D1ED001A91ED012A00F005F806B03A
:1038D00080BD00000000000080B590B00AA90391EF
:1038E000014603980F9180ED040AC0ED030A80EDB4
:1038F000021AC0ED011A80ED002A0F9901F5E4715A
:1039000009910F99D1F8C011089190ED040A099816
:1039100090ED021AF1EE410A1020FFF795FB0146E7
:103920000398ADF81E1090ED030A099890ED031A64
:10393000F1EE410A0C200490FFF786FB0399024642
:103940000498ADF81C2091ED010ADFED2D0ACDEDB4
:10395000010A9FED2C1A8DED021AFFF775FBDDEDC4
:10396000010A9DED021A039902460498ADF81A2047
:1039700091ED000AFFF768FB039902460498ADF841
:10398000182091ED020A099991ED041AF1EE410A0D
:10399000FFF75AFBADF816009DF81F00089981F853
:1039A0002C00BDF81E00089981F82D00BDF81C0000
:1039B0000009089981F82E00BDF81C109DF81B0025
:1039C00040EA0110089981F82F00BDF81A00089903
:1039D00081F83000BDF818000009089981F831001D
:1039E000BDF818109DF8170040EA0110089981F8F9
:1039F0003200BDF81600089981F8330010B080BD80
:103A0000000000000000FA4380B588B007908DEDFB
:103A1000060ACDED050A079800F5E47004900798B2
:103A2000D0F8C00103909DED060A049890ED021AAB
:103A3000F1EE410A10200190FFF706FB01460198C4
:103A4000ADF80A109DED050A049991ED031AF1EE07
:103A5000410AFFF7F9FAADF808009DF80B00039949
:103A600081F82C00BDF80A00039981F82D009DF81B
:103A70000900039981F82E00BDF80800039981F828
:103A80002F000399002081F83000039981F831005C
:103A9000039981F832000399FC2081F8330008B0C3
:103AA00080BD00000000000080B586B004A9009130
:103AB00001460098059180ED000A059901F5E47131
:103AC00003910599D1F8C011029190ED000A039875
:103AD00090ED031AF1EE410A1020FFF7B5FAADF8A8
:103AE00006009DF80700029981F82C00BDF8060039
:103AF000029981F82D000299002081F82E00029988
:103B000081F82F00029981F83000029981F8310084
:103B1000029981F832000299FC2081F8330006B046
:103B200080BD00000000000080B58CB00A900A98AB
:103B300020B1FFE70A98006820B9FFE700208DF860
:103B40002F005AE00A98806A0190002002900390AA
:103B500008210491059006900790089009900A9A10
:103B600052F82C0B01A905F04FFD68B1FFE745F6AF
:103B70000C11C2F20041C86B0130C863002081F80B
:103B800034008DF82F0038E045F60C12C2F20042E6
:103B90000092906B01309063012082F834000A9902
:103BA000896A51860A9991F82C1082F840100A9976
:103BB00091F82D1082F841100A9991F82E1082F890
:103BC00042100A9991F82F1082F843100A9991F83F
:103BD000301082F844100A9991F8311082F845109B
:103BE0000A9991F8321082F846100A9991F8331028
:103BF00082F847108DF82F00FFE79DF82F000CB0DA
:103C000080BD00000000000080B584B003900398E0
:103C100028B1FFE70398D0F8C00108B9FFE739E001
:103C20000398D0F8C00102900298806A019002992E
:103C300040F2FF7088620198029981F82C00019887
:103C4000C0F30220029981F82D000299552081F8D5
:103C50002E0002990A2081F82F00039890F8C601DF
:103C60000130029981F8300002990020009081F81B
:103C70003100029981F83200029981F833000298EC
:103C8000FFF752FF00980199029A91620299086326
:103C9000C862FFE704B080BD83B00290029800F5CF
:103CA000E470019001994FF07E50086001994CF644
:103CB000CD40C3F64C604860029890F8C4010438C7
:103CC00001460091032844D80099DFE801F0021270
:103CD000223201990020C4F2481088600199002026
:103CE000C4F2F010C86001990020C4F220100861ED
:103CF0003FE001990020C4F248108860019900203B
:103D0000C4F2F010C86001990020C4F220100861CC
:103D10002FE001990020C4F248108860019900202A
:103D2000C4F2F010C86001990020C4F220100861AC
:103D30001FE001990020C4F248108860019900201A
:103D4000C4F2A010C86001990020C4F220100861DC
:103D50000FE001990020C4F248108860019900200A
:103D6000C4F2F010C86001990020C4F2201008616C
:103D7000FFE703B07047000086B0ADF816008DED88
:103D8000040ACDED030A8DF80B109DED030A9DED9D
:103D9000041A30EE410A8DED010A04980090BDF836
:103DA000160000EE100AB8EE400A9DED011A20EE52
:103DB000010A9DF80B1001208840013801EE100A1D
:103DC000B8EEC11A80EE010A9DED001A30EE010A2C
:103DD00006B070470000000081B040F2B410C2F29B
:103DE0000040007870BBFFE740F2B411C2F200411E
:103DF0000120087041F20400CEF20000006800903B
:103E0000009840F29811C2F200410968884208D235
:103E1000FFE740F29C11C2F20041086801300860DF
:103E2000FFE741F20400CEF20000006840F2981172
:103E3000C2F20041086040F2B411C2F20041002019
:103E40000870FFE701B0704780B584B0039041F27D
:103E50000400CEF2000000680290029803990968FD
:103E6000401A00EE100AB8EE400A40F28410C2F286
:103E7000004090ED001AB8EE411A80EE010A8DED77
:103E8000010A029803990860FFF7A6FF9DED010A59
:103E900004B080BD0000000080B582B000F098F84A
:103EA00040F2E810C2F20040016883884FF47A7251
:103EB00001FB023100EE101AB8EE400AC08801EE94
:103EC000100AB8EEC11A9FED052A01EE020A8DED27
:103ED000010A9DED010A02B080BD00BF6F12833A56
:103EE00080B582B000F074F840F2E810C2F20040F1
:103EF00090ED000AB8EE400A818801EE101AB8EE83
:103F0000C11A9FED092A01EE020AC08801EE100ACB
:103F1000B8EEC11A9FED052A01EE020A8DED010AE5
:103F20009DED010A02B080BD6F12833ABD37863520
:103F300080B582B001904EF6FC51CEF200010868C7
:103F400040F08070086041F6B071CEF200014CF68E
:103F50005560CCF2AC50086041F20401CEF2000191
:103F60000020086041F20002CEF20002116841F028
:103F700001011160019944F24022C0F20F024A434C
:103F800040F28411C2F200410A600A6844F6D35339
:103F9000C1F26203A2FB0332920940F28813C2F21B
:103FA00000431A6009684DF68362C4F21B32A1FB1C
:103FB0000221890C40F28C12C2F20042116040F2E0
:103FC0009C11C2F200410860FFF706FF02B080BDFD
:103FD000B0B586B041F20400CEF200000068059052
:103FE000FFF7FAFE40F29C10C2F20040016805980B
:103FF000002302934FF0FF3C1A46E1FB0C0240F213
:104000009011C2F2004100914A6008600868496856
:1040100040F28414C2F200442268FCF70BFA029BBF
:1040200002468C46009940F2B810C2F20040C0F837
:1040300004C00260D1F800C04968D0F800E04268CE
:104040002468AEFB04E502FB0452BCEB0E0C61EBF2
:10405000020240F2C011C2F200410391C1F800C057
:104060004A60006840F2E812C2F200420492106016
:104070000868496840F28812C2F200420192126850
:10408000FCF7D8F9DDF804C0029B049A01460398B6
:104090009180016840689288DCF800C002FB0CF255
:1040A0008A1A60F1000040F2C811C2F200410A60B1
:1040B00048600868496840F28C12C2F200421268F7
:1040C000FCF7B8F90499C88006B0B0BD0000000044
:1040D00080B584B003901020FCF756F90290029945
:1040E0000020C86088604860086003988068029972
:1040F000C8600398008818B9FFE76420019003E0C6
:10410000039800880190FFE70198029908800398BE
:104110004068029948600398408820B9FFE70298F8
:104120000088009003E0039840880090FFE7009823
:1041300002990881029846F21573C2F200431A7878
:10414000511C197041F26461C2F2004141F8220031
:10415000029804B080BD000081B0009000990888EA
:10416000088101B0704700007047000000000000A7
:1041700080B58EB00D900D9808B9FFE7D1E10D988C
:1041800090F8B40006280CD8FFE70D9890F8B50019
:1041900028B9FFE70D99082081F8B40000E0C0E1DC
:1041A000FFE70D986D300C900D98D0F8BC000B9087
:1041B0000B9860B9FFE70D9801F0CAFF0B900B98C0
:1041C00020B1FFE70B980DF0CFFCFFE7FFE70B985E
:1041D00008B9FFE7A5E145F69C01C2F200418868F5
:1041E000013088600B980A900B98D0F8C80130B164
:1041F000FFE70B98D0F8C801FFF7AEFFFFE70B9879
:1042000000F5E670FFF720FE0B9880ED740A0A991E
:10421000488808800C980178407840EA01200A9983
:1042200048800A98418800EE101AB8EE400A9FEDC7
:10423000BE1A20EE010A80ED010A0C988178C07840
:1042400040EA0120ADF822000C980179407940EA5B
:104250000120ADF82000BDF92200FDF7DDFD8DED58
:10426000070ABDF822000A99088107980A99C860D0
:104270000A99B1F9140000EE100AB8EEC01ABDF99F
:10428000200000EE100AB8EEC00A9FEDA82A20EE2A
:10429000020A9FEDA72A01EE020ABDEEC00A10EE47
:1042A000100A88820C9880790A9988750B9890F882
:1042B000D601002859D1FFE70A9948880880079855
:1042C0000A9908610A990020C8620A9A5188D16146
:1042D0000A9AD16911620A9988610A9A51689162B1
:1042E0000A9991ED0A0A91ED0C1A30EE410A81ED1E
:1042F000090A0B9A012182F8D6110B9A82F8D7117C
:104300000D99D1F8B02045F69C01C2F2004104910C
:10431000CA610A9A52880A84BDF822204A84BDF8EC
:1043200020208A840A9A927D81F826200B9A92F89E
:10433000C42181F827200B9A92F8C52181F8282002
:10434000C8620A9A92690A630B9A92ED740A9FED09
:104350007B1A20EE010A81ED0D0A0A9A12698A631E
:10436000C8630A98406A0864DBE00A9948880988AB
:10437000401A09900998B0F5805F09DDFFE70998B8
:10438000A0F5005009900A99C86A0138C8620EE089
:10439000099810F5805F09DAFFE7099800F50050E9
:1043A00009900A99C86A0130C862FFE7FFE70B98D5
:1043B00090ED740AB5EE400AF1EE10FA23DDFFE746
:1043C0000998012803DBFFE70998039003E00998A7
:1043D00040420390FFE70398012803DCFFE7002039
:1043E00006900FE09DED090AB8EEC00A9FED4E1A47
:1043F00020EE010A0B9890ED741A80EE010A8DED03
:10440000060AFFE702E000200690FFE70A9890ED19
:10441000041A9DED070A9FED472A20EE020A9FED40
:10442000462A01EE020A80ED040A9DED070AB5EE68
:10443000400AF1EE10FA13D1FFE70998012803DBD7
:10444000FFE70998029003E0099840420290FFE7D5
:104450000298012804DCFFE70A9900200861FFE7C1
:104460009DED090AB8EEC00A9FED2F1A20EE010A51
:104470008DED050A099A0A99C8691044C8610A991C
:10448000C8690A6A801A88619DED051A0A9890ED3C
:104490000A0A30EE010A80ED0A0A0A9890ED0A0A2B
:1044A00090ED0C1A30EE410A80ED090A0B990120BB
:1044B00081F8D7010D98D0F8B00045F69C01C2F202
:1044C00000410191C8610A9840880884BDF8220023
:1044D0004884BDF8200088840A98807D81F82600F1
:1044E0000B9890F8C40181F827000B9890F8C5014B
:1044F00081F828000998C8620A98806908630B98B7
:1045000090ED740A9FED0D1A20EE010A81ED0D0A5F
:104510000A98006988630698C8630A98406A086424
:10452000FFE70EB080BD00BFACFF333D6666663F5F
:10453000D0CCCC3D3333B33E6666263F00007A4490
:1045400080B590B00F900F9808B9FFE76CE10F9815
:1045500090F8B40006280CD8FFE70F9890F8B50043
:1045600028B9FFE70F99082081F8B40000E05BE16B
:10457000FFE70F986D300E900F98D0F8BC000D90AB
:104580000D9808B9FFE74FE145F60C11C2F2004162
:104590008868013088600D980C900D9800F5E470E3
:1045A0000B900D98D0F8F00130B1FFE70D98D0F8DE
:1045B000F001FFF7D1FDFFE70D9800F5FA70FFF766
:1045C00043FC0D9880ED7E0A0E98007800F00F00F5
:1045D0000C9908720E98007800090C9948720E9890
:1045E0004178807840EA0120ADF82A000E99C87819
:1045F0000979000140EA1110ADF828000E98017900
:10460000407901F00F0140EA0120ADF82600BDF825
:104610002A000C990880BDF828000C994880BDF844
:1046200026000C9988800C99C8680861BDF82A009A
:104630000B99D1ED020AB1EE600A1021FFF79CFB45
:104640008DED080ABDF828000B99D1ED030AB1EEF3
:10465000600A0C210391FFF78FFB03998DED070A88
:10466000BDF826000B9AD2ED040AB1EE600AFFF7FE
:1046700083FB8DED060A08980C99C86007980C9981
:1046800048610C98806905909DED051A9DED060A1C
:104690009FED662A20EE020A9FED652A01EE020ACE
:1046A0000C9880ED060A0E9880790C9988710E9806
:1046B000C0790C99C8719DED080A9FED5E1A20EE35
:1046C000010A0C9880ED070A9DED070A20EE010A09
:1046D0008DED040A0C9890ED081A9DED040A9FEDEB
:1046E000562A20EE020A9FED552A01EE020A80EDBD
:1046F000080A0D9890F8FE01D8BBFFE708980C99BE
:1047000008619DED070A9FED4B1A20EE010A0C98F7
:1047100080ED080A0C99002048620C99C8698862EB
:104720000C98C0690D99C1F8B8010D99012081F864
:10473000FE010D9981F8FF01BDF82A0045F60C1124
:10474000C2F200410291C882BDF828000883BDF87A
:10475000260048830C9880790877089808620798A3
:1047600048620C98806A88620F98D0F8B00048823E
:104770005AE09DED080A0C9890ED041A30EE410ABB
:104780009FED2F1AB4EE410AF1EE10FA05DDFFE7B6
:104790000C99486A0138486214E09DED080A0C98AB
:1047A00090ED041A30EE410A9FED261AB4EE410A4C
:1047B000F1EE10FA05DAFFE70C99486A0130486219
:1047C000FFE7FFE70C9890ED070A90ED092A90EDBE
:1047D0000B1AB8EEC22A9FED1C3A02EE030A30EE25
:1047E000410A80ED0A0A0D99012081F8FF01BDF808
:1047F0002A0045F60C11C2F200410191C882BDF8B1
:1048000028000883BDF8260048830C988079087733
:1048100008980862079848620C98806A88620F9826
:10482000D0F8B0004882FFE710B080BD6666663FF2
:10483000D0CCCC3DE12E65423333B33E6666263F95
:10484000DB0F4940DB0F49C00000B443000000000B
:1048500081B0EFF3108072B60090FFE7FEE7000032
:1048600044F60C01C5F60201086840F00200086039
:10487000FFE744F60400C5F6020000688004002843
:1048800001D4FFE7F5E7704780B545F65860C2F2FE
:10489000004005F00DF980BD80B545F65860C2F2C4
:1048A000004005F005F980BD80B545F6F860C2F21C
:1048B000004005F0FDF880BD80B545F6F860C2F215
:1048C000004005F0F5F880BD80B58AB008908DF8FD
:1048D0001F10089820B1FFE70898006818B9FFE793
:1048E0000020099027E10898006800F025FB069059
:1048F000069818B9FFE7002009901CE108980068A5
:1049000000F066FB04909DF81F00002867D0FFE7C9
:1049100046F21470C2F200400078202803DBFFE763
:104920000020099007E108988068A0B1FFE7089887
:1049300081680020B0EBD12F0DD1FFE7049850B172
:10494000FFE704980899896850F8210018B1FFE73B
:1049500000200990EFE000208DF80F00FFE79DF8A0
:104960000F0046F21471C2F200410978884235DA2C
:10497000FFE70898806850B3FFE79DF80F1045F2F5
:10498000D870C2F2004050F8210000B3FFE79DF854
:104990000F1045F2D870C2F2004050F821000068B4
:1049A00008990968884212D1FFE79DF80F1045F277
:1049B000D870C2F2004050F82100D0F8B000089939
:1049C0008968884203D1FFE700200990B3E0FFE740
:1049D0009DF80F0001308DF80F00C0E7FFE7C02001
:1049E000FBF7D2FC0590059818B9FFE70020099065
:1049F000A1E00598C021FBF736FE089840680599AC
:104A000048600599002088600599C860059A0821CA
:104A10001161059948610899097B002918BF012196
:104A20000905059A91610899097B002918BF0121A0
:104A30004905059AD1610599086205994862089867
:104A400000680599086008984068059988629DF893
:104A50001F0020B1FFE708988068029002E0002064
:104A60000290FFE702980599C1F8B0000898007B12
:104A7000002818BF0120059981F8B5009DF81F0096
:104A800020B1FFE708980069019002E00020019042
:104A9000FFE701980599C1F8B8009DF81F0020B103
:104AA000FFE708984069009002E000200090FFE7CF
:104AB00000980599C1F8BC000599082081F86C00A0
:104AC000059800F0ADFB069800F086F830B1FFE7DE
:104AD0000598FBF788FC002009902CE09DF81F004A
:104AE00030B3FFE70598D0F8B00090B1FFE7059824
:104AF000D0F8B0100020B0EBD12F0AD1FFE7049816
:104B000038B1FFE705980499D0F8B02041F82200A9
:104B1000FFE7059846F21473C2F200431A78511C5D
:104B2000197045F2D871C2F2004141F82200FFE746
:104B300005980990FFE709980AB080BD00000000C1
:104B400080B582B0019001980021FFF7BDFE02B050
:104B500080BD00000000000084B0039002918DF839
:104B600007209DF80700092803D3FFE708200090DD
:104B700003E09DF807000090FFE700988DF805001E
:104B800000208DF80600FFE79DF806009DF805104F
:104B900088420DDAFFE702989DF80620805C0399B1
:104BA0008854FFE79DF8060001308DF80600EBE71A
:104BB000FFE79DF8060007280CD8FFE703999DF84A
:104BC000062000208854FFE79DF8060001308DF88C
:104BD0000600EEE704B0704780B586B004900498F4
:104BE00018B9FFE70020029003E0049800680290E3
:104BF000FFE7029800F0C8F90390049820B9FFE796
:104C000001208DF817007EE00498007920B1FFE7BD
:104C100000208DF8170076E00498006869460123AB
:104C20000B600021022204F05FFDA8B1FFE70398AA
:104C300070B1FFE70399886801308860039901200B
:104C4000486404980068D0F89C0003998864FFE7E2
:104C500001208DF8170056E00498006805F018FD53
:104C6000A8B1FFE7039870B1FFE7039988680130A6
:104C7000886003990120486404980068D0F89C007B
:104C800003998864FFE701208DF817003BE0049842
:104C900000681121002204F037FCC8B1FFE7049836
:104CA000006805F01DFD039870B1FFE7039988685F
:104CB0000130886003990120486404980068D0F8A6
:104CC0009C0003998864FFE701208DF817001AE023
:104CD000049901200871039888B1FFE70399012026
:104CE00008700399486801304860039900204864BF
:104CF00004980068D0F89C0003998864FFE70020BE
:104D00008DF81700FFE79DF8170006B080BD000082
:104D100080B5A0B01F901E911F9800F035F901904A
:104D2000FFE71F981E9904F01BFD002800F08B8000
:104D3000FFE71F981E9914AA04AB04F02DFD68B17B
:104D4000FFE7019848B1FFE70199012048641F98E7
:104D5000D0F89C0001998864FFE774E01F9814A9BB
:104D600000F076F803900398179900F06DF98DF82C
:104D70000B0000208DF80A000398A8B3FFE79DF808
:104D80000B0048B9FFE7039800F046F920B9FFE7A8
:104D900008208DF80B00FFE79DF80B00412804DB8D
:104DA000FFE740208DF80B00FFE79DF80B0003990B
:104DB00081F8B4009DF80B0040B1FFE703986D3017
:104DC0009DF80B2004A9FBF7ADFBFFE70398D0F893
:104DD000B80040B1FFE70398D0F8B8108847012029
:104DE0008DF80A00FFE7FFE7019858B3FFE7149832
:104DF0000199886317980199C863FFF74DF80198E6
:104E0000BCEEC00A80ED100A0199002048641F988A
:104E1000D0F89C0001998864019854309DF80B20CB
:104E200004A9FFF799FE9DF80A0028B1FFE7019950
:104E3000086A0130086204E00199486A013048625A
:104E4000FFE7FFE76DE720B080BD00000000000035
:104E500080B586B004900391049818B1FFE70398D9
:104E600018B9FFE70020059061E003984068E8B9B1
:104E7000FFE7039801680020B0EBD12F16D1FFE7C0
:104E8000049800F0A5F80290029870B1FFE702982C
:104E90000399096850F8210038B1FFE70298039997
:104EA000096850F82100059041E0FFE700200190DB
:104EB000FFE7019846F21471C2F200410978884276
:104EC00032D2FFE7019945F2D870C2F2004050F8A3
:104ED000210008B9FFE723E00498019A45F2D87150
:104EE000C2F2004151F822100968884217D1FFE749
:104EF00003980068019A45F2D871C2F2004151F856
:104F00002210D1F8B010884209D1FFE7019945F28B
:104F1000D870C2F2004050F82100059007E0FFE78A
:104F2000019801300190C4E700200590FFE7059843
:104F300006B080BD0000000083B00190002000900A
:104F4000FFE70098012819D8FFE7009940F2FC001C
:104F5000C2F2004050F831000199884209D1FFE7C0
:104F6000009940F2FC00C2F2004000EBC100029048
:104F700007E0FFE7009801300090E2E70020029090
:104F8000FFE7029803B0704782B00090009845F6A2
:104F90005861C2F20041884206D1FFE745F65C1035
:104FA000C2F20040019010E0009845F6F861C2F2AC
:104FB0000041884206D1FFE745F6B810C2F2004032
:104FC000019002E000200190FFE7019802B07047D5
:104FD00082B00090009845F65861C2F200418842C4
:104FE00006D1FFE741F2D870C2F20040019010E014
:104FF000009845F6F861C2F20041884206D1FFE709
:1050000043F2D870C2F20040019002E0002001900B
:10501000FFE7019802B0704781B000900098C06926
:10502000A0F50010B0FA80F0400901B07047000010
:1050300080B582B0019001980121FFF745FC02B0D4
:1050400080BD00000000000080B586B00490039190
:10505000BDF80E0090B1FFE70398FCF7DDFF8DF877
:1050600007009DF8070018B9FFE7039828B9FFE784
:105070009DF807008DF8170052E0FFE70398082815
:1050800004D8FFE703988DF8170049E0049848B169
:10509000FFE70498FFF7C0FF20B9FFE708208DF86D
:1050A00017003DE0039800F00F0002900298FCF713
:1050B0009BFF8DF807009DF8070028B1FFE79DF8DA
:1050C00007008DF817002BE003980C38014600917B
:1050D000342821D80099DFE801F01B1F1F1F1B1F78
:1050E0001F1F1B1F1F1F1B1F1F1F1F1F1F1F1B1FDC
:1050F0001F1F1F1F1F1F1F1F1F1F1F1F1F1F1B1FC4
:105100001F1F1F1F1F1F1F1F1F1F1F1F1F1F1B00D2
:1051100003988DF8170003E000208DF81700FFE7D3
:105120009DF8170006B080BD80B582B001908DF863
:105130000310019808B9FFE76FE09DF8030028B15C
:10514000FFE79DF80300412801DBFFE765E00198D8
:1051500000F066F80198FFF75FFF8DF802009DF8F8
:10516000020048B9FFE79DF80300092804D3FFE7D0
:1051700008208DF80300FFE79DF80200002846D0C4
:10518000FFE79DF80300312804D3FFE740208DF8A6
:1051900003003BE09DF80300212804D3FFE7302003
:1051A0008DF8030031E09DF80300192804D3FFE7D0
:1051B00020208DF8030027E09DF80300152804D374
:1051C000FFE718208DF803001DE09DF8030011286B
:1051D00004D3FFE714208DF8030013E09DF80300CB
:1051E0000D2804D3FFE710208DF8030009E09DF897
:1051F0000300092804D3FFE70C208DF80300FFE724
:10520000FFE7FFE7FFE7FFE7FFE7FFE7FFE79DF8BF
:105210000300019981F86C00FFE702B080BD000037
:1052200080B582B001900198FFF7F6FE019981F8F0
:10523000B500019890F8B50030B9FFE7019900205A
:1052400088610199C861FFE701980068FFF79CFE3B
:105250000090009850B1FFE7019890F8B5000099D0
:1052600088700198C06900990863FFE702B080BDAB
:1052700084B002900298406B009002980068D0F8C9
:1052800084004FF6FC718843009940EA810002993E
:105290000968C1F8840002980068D0F8840020F4FE
:1052A0007F00029A1168926B40EA0240C1F88400C4
:1052B0000298816B00980844009002980068D0F82A
:1052C00088006FF38F00009940EA81000299096815
:1052D000C1F8880002980068D0F8880020F4FE0029
:1052E000029A1168D26B40EA0240C1F88800029825
:1052F000C16B009800EB4100009002980068D0F864
:10530000A0006FF38F00009940EA810002990968BC
:10531000C1F8A00002980068D0F8A00020F4FE00B8
:10532000029A1168126C40EA0240C1F8A00002998A
:10533000086C496C009A00FB0120009002980068FC
:10534000D0F8B0006FF38F00009940EA8100029915
:105350000968C1F8B00002980068D0F8B00020F4E5
:10536000FE00029A1168926C40EA0240C1F8B00057
:105370000299886CC96C009A00FB01200090029889
:105380000068D0F8AC006FF38F00009940EA81000C
:1053900002990968C1F8AC000299086D496D009A3C
:1053A00000FB0120009002980068D0F8F0006FF335
:1053B0008F00009940EA810002990968C1F8F00065
:1053C00002980068D0F8F00020F47C10029A11686E
:1053D000926D40EA0240C1F8F0000298816D009899
:1053E00000EB4100009002980068D0F8C0006FF315
:1053F0008F00009940EA810002990968C1F8C00055
:1054000002980068D0F8C00020F47C10029A11685D
:10541000D26D40EA0240C1F8C00002980068D0F89E
:10542000C00020F07C50029A1168126E40EA0260BF
:10543000C1F8C00002994A6B4AF60040C4F200006D
:1054400000EB8200C86602998A6BC86E00EB82008E
:1054500008670299CA6B086F00EBC200486702999F
:105460000A6C4B6C486F5A4300EB820088670299C4
:105470008A6CCB6C886F5A4300EB8200C867029934
:105480000A6D4B6DC86F5A4300EB8200C1F8800073
:1054900002998A6DD1F8800000EBC200C1F8840047
:1054A0000299CA6D8B6ED1F884005A4300EB8200DA
:1054B000C1F8880002990A6E8B6ED1F888005A43B1
:1054C00000EB8200C1F890000298D0F890004DF2F5
:1054D000FD31C4F2000188420FD3FFE70299D1F8F1
:1054E0009C0040F02000C1F89C000299032081F844
:1054F000980001208DF80F0017E00298C06E01900F
:10550000FFE701980299D1F89010884208D2FFE78E
:10551000019900200860FFE7019804300190F0E74E
:10552000FFE700208DF80F00FFE79DF80F0004B0A3
:10553000704700000000000088B0079006910592B7
:1055400004930698406848B9FFE7069801688268A6
:105550000069104340EA8140039009E00698016821
:10556000826800691043084340F080400390FFE7E1
:105570000698D0F820C0C16842698369C06940EAD2
:105580000C601843104340EA014002900798826E75
:10559000D0F884000499514300EB810001900398F6
:1055A00001990860019804300190029801990860FF
:1055B00001980430019000200090FFE700980699C0
:1055C000CA684CF28041C0F60101895C88420DD264
:1055D000FFE7059800994058019908600198043048
:1055E0000190FFE7009804300090E7E708B07047AB
:1055F00080B592B010908DF83F1000208DF8040017
:105600009DF83F00FE2807D0FFE7109820B1FFE784
:105610001098407B20B9FFE700208DF847000AE092
:1056200010989DF83F100DF1050201AB00F0ECFA67
:105630008DF84700FFE79DF8470012B080BD0000DD
:1056400080B584B084460798DDF818E08DF80DC069
:105650008DF80C1002928DF80730ADF80400069812
:1056600068B1FFE7BDF804009DF8071006318842D5
:1056700005DBFFE79DF807003B2804D3FFE7002088
:10568000ADF80E003CE09DF8070002308DF80200F6
:105690000699FF200870069948709DF80D0006993C
:1056A00088709DF802000699C8709DF80C00069954
:1056B000087100208DF80300FFE79DF803009DF8B6
:1056C000071088420EDAFFE702989DF80310405C4D
:1056D000069A11444871FFE79DF8030001308DF8E8
:1056E0000300EAE7069800F00FF8069A9DF8071005
:1056F000114448719DF807000630ADF80E00FFE731
:10570000BDF80E0004B080BD83B002900020ADF85B
:1057100004000298C0788DF8070002208DF803007D
:10572000FFE79DF803009DF807100331C9B28842D6
:1057300010DAFFE702989DF80310415CBDF8040001
:105740000844ADF80400FFE79DF8030001308DF830
:105750000300E6E79DF8040080F0FF0003B0704707
:1057600084B0039002910192ADF80230039870B1B9
:10577000FFE70398007B012809D1FFE79DF80300AC
:1057800002990870BDF802000199087008E09DF8C0
:10579000030001990870BDF8020002990870FFE744
:1057A00004B070470000000080B588B0069041F258
:1057B000E460C2F200400590069850B9FFE741F25C
:1057C0007870C2F20040007818B1FFE705980790A2
:1057D0005FE005989421FAF746FF069840B1FFE78D
:1057E0000698006820B1FFE706980068049005E07D
:1057F00046F2EC50C2F200400490FFE7049805998D
:105800000860069840B1FFE70698406820B1FFE7BE
:1058100006984068039002E002200390FFE7039897
:1058200005994860069840B1FFE70698806820B166
:10583000FFE706988068029002E002200290FFE7EE
:10584000029805998860069820B1FFE70698007BCA
:10585000019002E000200190FFE70198059908738C
:10586000069820B1FFE70698407B009002E00120F7
:105870000090FFE700980599487305990020C873C8
:1058800041F27871C2F2004101200870059807903A
:10589000FFE7079808B080BD80B584B000208DF880
:1058A0000F00FFE79DF80F0045F65801C2F20041D6
:1058B0000978884233DAFFE79DF80F1045F65C005F
:1058C000C2F2004050F821000290029808B9FFE7A8
:1058D0001FE0029890F8280060B9FFE70298B0F93D
:1058E0001C1090F82030EC460022CCF8002000F08C
:1058F000A7F80DE00298B0F91C10C28B90F8203088
:10590000B0F822C0EE46CEF800C000F099F8FFE7EC
:10591000FFE79DF80F0001308DF80F00C2E704B0DB
:1059200080BD00000000000080B584B002900298A5
:1059300068B1FFE702980079FE2808D0FFE745F636
:105940005800C2F200400078102803D3FFE700207F
:1059500003906FE02C20FAF717FD0190019818B919
:10596000FFE70020039065E001982C21FAF77BFE09
:1059700002980068019948600198406830B9FFE7D3
:105980000020FFF711FF01994860FFE702980079B6
:1059900001990870029840790199487001984078FF
:1059A00020B9FFE7019901204870FFE70298C088FD
:1059B00001998883029800890199C8830298807AA6
:1059C000019981F820000298808901994884029801
:1059D00090ED040AB5EE400AF1EE10FA06D0FFE7AA
:1059E000029890ED040A8DED000A04E09FED130A81
:1059F0008DED000AFFE79DED000A019880ED090A90
:105A00000298007D019981F829000199012081F80F
:105A10002800019845F65803C2F200431A78511C39
:105A2000197045F65C01C2F2004141F8220001986C
:105A30000390FFE7039804B080BD00BF0000B43DB1
:105A400080B588B084460A98CDF818C0ADF8161015
:105A5000ADF814208DF81330ADF81000069820B181
:105A6000FFE70698406820B9FFE701208DF81F0086
:105A70004CE0069890F82900012806D1FFE7BDF810
:105A800016004042ADF81600FFE7BDF91600B0F170
:105A9000FF3F0CDCFFE7BDF816004042ADF8060002
:105AA000BDF8060040F40040ADF8060004E0BDF883
:105AB0001600ADF80600FFE79DF813008DF8090009
:105AC000069840680DF109020092511C0232BDF89F
:105AD0000630FFF745FE009A06984068D11C043254
:105AE000BDF81030FFF73CFE009A06984068511D43
:105AF0000632BDF81430FFF733FE009A06982921CC
:105B0000072300F0D1FA8DF81F00FFE79DF81F0072
:105B100008B080BD0000000082B001908DF8031035
:105B2000019830B1FFE79DF80300019981F820004A
:105B3000FFE702B07047000082B00190ADF802109C
:105B4000019828B1FFE7BDF8020001998883FFE7BB
:105B500002B070470000000082B00190ADF8021062
:105B6000019828B1FFE7BDF802000199C883FFE75B
:105B700002B070470000000080B58AB0002001909C
:105B8000FFF712FE01990990099803908DF8101003
:105B900001208DF81100ADF812104FF4FA72ADF833
:105BA000142014228DF8162040F2DC52ADF8182093
:105BB0000022C3F6B45207928DF820108DF8100021
:105BC00003A80290FFF7B0FE0146029840F2D012FF
:105BD000C2F20042116002218DF81010FFF7A4FEFE
:105BE0000146029840F2D412C2F200421160032131
:105BF0008DF81010FFF798FE40F2D811C2F2004164
:105C000008600AB080BD000080B58AB008908DF8A9
:105C10001F100692059305F023F80490089830B100
:105C2000FFE7069818B1FFE7059840B9FFE7089825
:105C3000062100F0E9F801208DF82700DDE0FFE7FC
:105C4000089890F89000B0B9FFE705F009F80499BA
:105C5000401A0899896888420CD9FFE708980068BB
:105C600009F0BAFE0898012100F0CEF803208DF863
:105C70002700C2E0E4E7002003908DF80800FFE76A
:105C80009DF808000899B1F892100139884220DA8D
:105C9000FFE708989DF80810084490F85000FF2886
:105CA00010D1FFE708999DF80800084490F85100CA
:105CB000FF2807D1FFE708989DF8081008445030E6
:105CC000039006E0FFE79DF8080001308DF808001A
:105CD000D6E7039848B9FFE708980121019100F041
:105CE00093F801988DF8270087E09DF81F00FE28A3
:105CF0000FD0FFE7039880789DF81F10884208D0E6
:105D0000FFE70898032100F07FF801208DF82700B5
:105D100073E00398C0788DF80B009DF80B000238F3
:105D20008DF80A009DF80B00022809D3FFE79DF8C3
:105D30000B0004300899B1F89210884208DDFFE7A3
:105D40000898042100F060F801208DF8270054E045
:105D500000208DF8090002208DF80800FFE79DF86B
:105D600008009DF80B100331C9B2884210DAFFE732
:105D700003989DF80810415C9DF8090008448DF8CF
:105D80000900FFE79DF8080001308DF80800E6E7FC
:105D90009DF80900C0438DF8090003999DF80B0098
:105DA0000844C0789DF80910884208D0FFE7089899
:105DB000022100F029F801208DF827001DE003984A
:105DC0000079089988739DF80A00012808DBFFE72D
:105DD0000698039905319DF80A20FAF7A3FBFFE71F
:105DE0009DF80A000599087008980021009100F0BC
:105DF0000BF800988DF82700FFE79DF827000AB000
:105E000080BD00000000000082B001908DF80310FA
:105E1000019828B1FFE79DF803000199C873FFE7D7
:105E200002B070470000000010B58AB084460C989C
:105E3000CDF820C08DF81F108DF81E2006938DF828
:105E40001700089820B1FFE70898006840B9FFE7FD
:105E500008980621FFF7D8FF01208DF827001CE1E4
:105E60009DF81F009DF81E10069A9DF81730DDF86A
:105E700020C00CF1100CEE464024CEF80440CEF8C1
:105E800000C0FFF7DDFBADF81400BDF8140040B909
:105E9000FFE708980421FFF7B7FF01208DF82700DE
:105EA000FBE0089B03F11001BDF8142018685B6843
:105EB0000AF05EFB8DF813009DF8130048B1FFE770
:105EC00008980521FFF7A0FF9DF813008DF8270023
:105ED000E3E00899002081F89000089951F8500BF0
:105EE000402209F061FC08980068D0F88000006842
:105EF0001021C4F20201884200F0B280FFE7089846
:105F00000068D0F8800000682821C4F202018842AD
:105F100000F0A680FFE708980068D0F880000068CD
:105F20004021C4F20201884200F09A80FFE70898FD
:105F30000068D0F8800000685821C4F2020188424D
:105F400000F08E80FFE708980068D0F880000068B5
:105F50007021C4F20201884200F08280FFE70898B5
:105F60000068D0F8800000688821C4F202018842ED
:105F700076D0FFE708980068D0F880000068A0217C
:105F8000C4F2020188426BD0FFE708980068D0F89D
:105F900080000068B821C4F20201884260D0FFE7A7
:105FA00008980068D0F88000006840F21041C4F200
:105FB0000201884254D0FFE708980068D0F88000BA
:105FC000006840F22841C4F20201884248D0FFE74D
:105FD00008980068D0F88000006840F24041C4F2A0
:105FE000020188423CD0FFE708980068D0F88000A2
:105FF000006840F25841C4F20201884230D0FFE705
:1060000008980068D0F88000006840F27041C4F23F
:106010000201884224D0FFE708980068D0F8800089
:10602000006840F28841C4F20201884218D0FFE7BC
:1060300008980068D0F88000006840F2A041C4F2DF
:10604000020188420CD0FFE708980068D0F8800071
:10605000006840F2B841C4F2020188420AD1FFE769
:1060600008980068D0F880000168086820F00800EF
:10607000086009E008980068D0F8800001680868A6
:1060800020F004000860FFE7089800210391FFF763
:10609000BBFE03988DF82700FFE79DF827000AB0A4
:1060A00010BD00000000000080B596B014908DF87F
:1060B0004F1012928DF84730149860B1FFE7149892
:1060C000406840B1FFE7129828B1FFE79DF847000C
:1060D0003A280DD3FFE7149830B1FFE714984068D1
:1060E0000621FFF791FEFFE701208DF8570028E019
:1060F0009DF84F008DF80D000DF10D00029001305C
:1061000012999DF84720FAF70DFA029B14994868F6
:1061100009789DF847200132D2B2EC46CCF8002035
:106120000322FFF781FE20B1FFE701208DF8570021
:1061300007E0149948680978FFF75AFA8DF8570074
:10614000FFE79DF8570016B080BD0000000000007A
:1061500084B00290029818B9FFE70020039045E050
:1061600000200190FFE7019846F21671C2F200414B
:106170000978884237D2FFE7019941F27C70C2F278
:10618000004050F821000090009828B1FFE70098E7
:10619000D0F8C00108B9FFE721E00098D0F8C001AD
:1061A0000299884203D1FFE7009803901EE000980F
:1061B000D0F8C00100680299096888420ED1FFE753
:1061C0000098D0F8C001D0F8B0000299D1F8B01012
:1061D000884203D1FFE70098039007E0FFE70198AA
:1061E00001300190BFE700200390FFE7039804B05F
:1061F000704700000000000080B584B04EF600003B
:10620000C1F6F170006803904EF60400C1F6F1701B
:10621000006802904EF60800C1F6F1700068019027
:106220000199039808440390039888B1FFE7039805
:1062300040F2E001C2F200410091023108220AF06E
:1062400087FA00990298123104220AF081FAFFE7D6
:1062500004B080BD0000000080B58AB0089004F052
:10626000FFFC0490089828B9FFE701208DF827006B
:1062700000F0AABC089890F8350002280ED0FFE77D
:10628000089980204865FFE70899002081F83400CC
:10629000FFE701208DF8270000F096BC0898016800
:1062A00001201022C4F202029142039000F0A38068
:1062B000FFE70898016801202822C4F202029142F7
:1062C000039000F09880FFE70898016801204022C1
:1062D000C4F202029142039000F08D80FFE708981B
:1062E000016801205822C4F202029142039000F09A
:1062F0008280FFE70898016801207022C4F2020240
:106300009142039077D0FFE7089801680120882226
:10631000C4F20202914203906DD0FFE70898016831
:106320000120A022C4F202029142039063D0FFE751
:10633000089801680120B822C4F202029142039039
:1063400059D0FFE708980168012040F21042C4F2DA
:106350000202914203904ED0FFE7089801680120A5
:1063600040F22842C4F202029142039043D0FFE778
:1063700008980168012040F24042C4F202029142B2
:10638000039038D0FFE708980168012040F2584296
:10639000C4F20202914203902DD0FFE708980168F1
:1063A000012040F27042C4F202029142039022D0D6
:1063B000FFE708980168012040F28842C4F2020217
:1063C0009142039017D0FFE708980168012040F23E
:1063D000A042C4F20202914203900CD0FFE7089859
:1063E00000684FF64831CBF6FD710844B0FA80F0F2
:1063F00040090390FFE70398C00780B1FFE70898C2
:106400000168086820F01E00086008980168486963
:1064100020F08000486108980068059009E008981D
:106420000168086820F00E00086008980068059070
:10643000FFE70898016801201022C4F2020291428D
:10644000029000F00381FFE70898016801202822EC
:10645000C4F202029142029000F0F880FFE708982F
:10646000016801204022C4F202029142029000F031
:10647000ED80FFE70898016801205822C4F202026B
:106480009142029000F0E280FFE708980168012045
:106490007022C4F202029142029000F0D780FFE71E
:1064A0000898016801208822C4F2020291420290F9
:1064B00000F0CC80FFE7089801680120A022C4F218
:1064C00002029142029000F0C180FFE70898016843
:1064D0000120B822C4F202029142029000F0B6807C
:1064E000FFE708980168012040F21042C4F202025E
:1064F0009142029000F0AA80FFE70898016801200D
:1065000040F22842C4F202029142029000F09E80C2
:10651000FFE708980168012040F24042C4F20202FD
:106520009142029000F09280FFE7089801680120F4
:1065300040F25842C4F202029142029000F086807A
:10654000FFE708980168012040F27042C4F202029D
:10655000914202907AD0FFE708980168012040F24A
:106560008842C4F20202914202906FD0FFE708987D
:106570000168012040F2A042C4F20202914202905E
:1065800064D0FFE708980168012040F2B842C4F2E5
:1065900002029142029059D0FFE708980168012059
:1065A00045F20842C5F60202914202904ED0FFE742
:1065B00008980168012045F21C42C5F6020291428A
:1065C000029043D0FFE708980168012045F230426D
:1065D000C5F602029142029038D0FFE708980168A0
:1065E000012045F24442C5F60202914202902DD0AC
:1065F000FFE708980168012045F25842C5F60202FB
:106600009142029022D0FFE708980168012045F2EC
:106610006C42C5F602029142029017D0FFE708983B
:106620000168012045F28042C5F6020291420290C3
:106630000CD0FFE7089800684AF66C31CAF2FD7189
:106640000844B0FA80F040090290FFE70298C007C2
:1066500038B1FFE70898016E086820F48070086080
:10666000FFE7089800681021C4F20201884200F098
:106670008180FFE7089800682821C4F2020188425F
:1066800078D0FFE7089800684021C4F202018842F0
:1066900070D0FFE7089800685821C4F202018842D0
:1066A00068D0FFE7089800687021C4F202018842B0
:1066B00060D0FFE7089800688821C4F20201884290
:1066C00058D0FFE708980068A021C4F20201884270
:1066D00050D0FFE708980068B821C4F20201884250
:1066E00048D0FFE70898006840F21041C4F2020168
:1066F00088423FD0FFE70898006840F22841C4F282
:106700000201884236D0FFE70898006840F2404115
:10671000C4F2020188422DD0FFE70898006840F2D9
:106720005841C4F20201884224D0FFE7089800686B
:1067300040F27041C4F2020188421BD0FFE7089882
:10674000006840F28841C4F20201884212D0FFE79B
:106750000898006840F2A041C4F20201884209D0C2
:10676000FFE70898006840F2B841C4F2020188428D
:1067700007D1FFE708980168086820F00100086069
:1067800006E008980168086820F001000860FFE74B
:10679000FFE705980068C007C8B1FFE704F060FA9A
:1067A0000499401A062811D3FFE70899202048656C
:1067B0000899032081F83500FFE70899002081F847
:1067C0003400FFE701208DF82700FDE1E1E708989C
:1067D000016801201022C4F202029142019000F0EF
:1067E000A380FFE70898016801202822C4F2020272
:1067F0009142019000F09880FFE70898016801201D
:106800004022C4F202029142019000F08D80FFE725
:106810000898016801205822C4F2020291420190B6
:1068200000F08280FFE70898016801207022C4F21E
:1068300002029142019077D0FFE708980168012099
:106840008822C4F20202914201906DD0FFE70898BD
:1068500001680120A022C4F202029142019063D09B
:10686000FFE7089801680120B822C4F202029142B1
:10687000019059D0FFE708980168012040F21042CA
:10688000C4F20202914201904ED0FFE708980168DD
:10689000012040F22842C4F202029142019043D00A
:1068A000FFE708980168012040F24042C4F202026A
:1068B0009142019038D0FFE708980168012040F22A
:1068C0005842C4F20202914201902DD0FFE708988D
:1068D0000168012040F27042C4F20202914201902C
:1068E00022D0FFE708980168012040F28842C4F2F4
:1068F00002029142019017D0FFE708980168012039
:1069000040F2A042C4F20202914201900CD0FFE793
:10691000089800684FF64831CBF6FD710844B0FA8C
:1069200080F040090190FFE70198C00760B1FFE7E0
:106930000898806D07900898C06D00F01F013F20F7
:106940008840079988600BE00898806D0690089849
:10695000C06D00F01F010120884006994860FFE7E4
:106960000898016801201022C4F2020291420090AE
:1069700000F00381FFE70898016801202822C4F293
:1069800002029142009000F0F880FFE70898016849
:1069900001204022C4F202029142009000F0ED80FA
:1069A000FFE70898016801205822C4F202029142D0
:1069B000009000F0E280FFE7089801680120702253
:1069C000C4F202029142009000F0D780FFE70898DD
:1069D000016801208822C4F202029142009000F076
:1069E000CC80FFE7089801680120A022C4F20202CF
:1069F0009142009000F0C180FFE7089801680120F3
:106A0000B822C4F202029142009000F0B680FFE783
:106A100008980168012040F21042C4F2020291423B
:106A2000009000F0AA80FFE708980168012040F27A
:106A30002842C4F202029142009000F09E80FFE7DB
:106A400008980168012040F24042C4F202029142DB
:106A5000009000F09280FFE708980168012040F262
:106A60005842C4F202029142009000F08680FFE793
:106A700008980168012040F27042C4F2020291427B
:106A800000907AD0FFE708980168012040F2884220
:106A9000C4F20202914200906FD0FFE708980168AB
:106AA000012040F2A042C4F202029142009064D060
:106AB000FFE708980168012040F2B842C4F20202E0
:106AC0009142009059D0FFE708980168012045F2F3
:106AD0000842C5F60202914200904ED0FFE70898A6
:106AE0000168012045F21C42C5F602029142009065
:106AF00043D0FFE708980168012045F23042C5F60F
:106B000002029142009038D0FFE708980168012006
:106B100045F24442C5F60202914200902DD0FFE7B3
:106B200008980168012045F25842C5F602029142D8
:106B3000009022D0FFE708980168012045F26C42DE
:106B4000C5F602029142009017D0FFE7089801684D
:106B5000012045F28042C5F60202914200900CD01D
:106B6000FFE7089800684AF66C31CAF2FD710844E4
:106B7000B0FA80F040090090FFE70098C007A0B18C
:106B8000FFE70898416E806E48600898C06E58B163
:106B9000FFE70898C16E086820F4807008600898C4
:106BA000016F406F4860FFE7FFE70899012081F817
:106BB0003500FFE70899002081F83400FFE7FFE780
:106BC00000208DF82700FFE79DF827000AB080BD60
:106BD00080B586B00490049820B9FFE701208DF8B5
:106BE000170046E3049890F83500022807D0FFE725
:106BF00004998020486501208DF8170039E3049836
:106C0000016801201022C4F202029142029000F0B9
:106C1000A380FFE70498016801202822C4F2020241
:106C20009142029000F09880FFE7049801680120EB
:106C30004022C4F202029142029000F08D80FFE7F0
:106C40000498016801205822C4F202029142029085
:106C500000F08280FFE70498016801207022C4F2EE
:106C600002029142029077D0FFE704980168012068
:106C70008822C4F20202914202906DD0FFE704988C
:106C800001680120A022C4F202029142029063D066
:106C9000FFE7049801680120B822C4F20202914281
:106CA000029059D0FFE704980168012040F2104299
:106CB000C4F20202914202904ED0FFE704980168AC
:106CC000012040F22842C4F202029142029043D0D5
:106CD000FFE704980168012040F24042C4F202023A
:106CE0009142029038D0FFE704980168012040F2F9
:106CF0005842C4F20202914202902DD0FFE704985C
:106D00000168012040F27042C4F2020291420290F6
:106D100022D0FFE704980168012040F28842C4F2C3
:106D200002029142029017D0FFE704980168012007
:106D300040F2A042C4F20202914202900CD0FFE75E
:106D4000049800684FF64831CBF6FD710844B0FA5C
:106D500080F040090290FFE70298C007002800F089
:106D60009D80FFE70499042081F8350004980068AD
:106D70001021C4F20201884200F08180FFE70498EC
:106D800000682821C4F20201884278D0FFE7049805
:106D900000684021C4F20201884270D0FFE70498E5
:106DA00000685821C4F20201884268D0FFE70498C5
:106DB00000687021C4F20201884260D0FFE70498A5
:106DC00000688821C4F20201884258D0FFE7049885
:106DD0000068A021C4F20201884250D0FFE7049865
:106DE0000068B821C4F20201884248D0FFE7049845
:106DF000006840F21041C4F2020188423FD0FFE730
:106E00000498006840F22841C4F20201884236D05A
:106E1000FFE70498006840F24041C4F20201884252
:106E20002DD0FFE70498006840F25841C4F20201F7
:106E3000884224D0FFE70498006840F27041C4F211
:106E4000020188421BD0FFE70498006840F28841A5
:106E5000C4F20201884212D0FFE70498006840F2B1
:106E6000A041C4F20201884209D0FFE704980068FB
:106E700040F2B841C4F20201884207D1FFE704980A
:106E80000168086820F00100086006E004980168C5
:106E9000086820F001000860FFE7E5E10498016858
:106EA000086820F00E000860049800681021C4F201
:106EB0000201884200F08180FFE7049800682821E1
:106EC000C4F20201884278D0FFE7049800684021AC
:106ED000C4F20201884270D0FFE70498006858218C
:106EE000C4F20201884268D0FFE70498006870216C
:106EF000C4F20201884260D0FFE70498006888214C
:106F0000C4F20201884258D0FFE704980068A0212B
:106F1000C4F20201884250D0FFE704980068B8210B
:106F2000C4F20201884248D0FFE70498006840F2AA
:106F30001041C4F2020188423FD0FFE70498006884
:106F400040F22841C4F20201884236D0FFE704989B
:106F5000006840F24041C4F2020188422DD0FFE7B0
:106F60000498006840F25841C4F20201884224D0DB
:106F7000FFE70498006840F27041C4F202018842C1
:106F80001BD0FFE70498006840F28841C4F2020178
:106F9000884212D0FFE70498006840F2A041C4F292
:106FA0000201884209D0FFE70498006840F2B84126
:106FB000C4F20201884207D1FFE70498016808681B
:106FC00020F00100086006E004980168086820F0DD
:106FD00001000860FFE70498016801201022C4F254
:106FE00002029142019000F00381FFE704980168DA
:106FF00001202822C4F202029142019000F0F880A0
:10700000FFE70498016801204022C4F20202914285
:10701000019000F0ED80FFE70498016801205822FC
:10702000C4F202029142019000F0E280FFE704986E
:10703000016801207022C4F202029142019000F026
:10704000D780FFE70498016801208822C4F2020279
:107050009142019000F0CC80FFE704980168012084
:10706000A022C4F202029142019000F0C180FFE729
:10707000049801680120B822C4F2020291420190F2
:1070800000F0B680FFE704980168012040F210424A
:10709000C4F202029142019000F0AA80FFE7049836
:1070A0000168012040F22842C4F20202914201909C
:1070B00000F09E80FFE704980168012040F2404202
:1070C000C4F202029142019000F09280FFE704981E
:1070D0000168012040F25842C4F20202914201903C
:1070E00000F08680FFE704980168012040F27042BA
:1070F000C4F20202914201907AD0FFE7049801683D
:10710000012040F28842C4F20202914201906FD005
:10711000FFE704980168012040F2A042C4F2020295
:107120009142019064D0FFE704980168012040F289
:10713000B842C4F202029142019059D0FFE704988C
:107140000168012045F20842C5F602029142019011
:107150004ED0FFE704980168012045F21C42C5F6B5
:1071600002029142019043D0FFE704980168012098
:1071700045F23042C5F602029142019038D0FFE755
:1071800004980168012045F24442C5F6020291428A
:1071900001902DD0FFE704980168012045F2584284
:1071A000C5F602029142019022D0FFE704980168DF
:1071B000012045F26C42C5F602029142019017D0BF
:1071C000FFE704980168012045F28042C5F60202FB
:1071D000914201900CD0FFE7049800684AF66C31A8
:1071E000CAF2FD710844B0FA80F040090190FFE74F
:1071F0000198C00728B3FFE70498016E086820F4DF
:10720000807008600498806D03900498C06D00F051
:107210001F0101208840039948600498416E806EE8
:1072200048600498C06E58B1FFE70498C16E0868C2
:1072300020F4807008600498016F406F4860FFE799
:10724000FFE70499012081F83500FFE70499002049
:1072500081F83400FFE70498006D20B1FFE704983F
:10726000016D8847FFE7FFE7FFE700208DF8170073
:10727000FFE79DF8170006B080BD00000000000089
:1072800081B000900098406D01B070470000000090
:1072900080B590B00F9000200B9040F22400C2F215
:1072A0000040006848F2B511C1F64E31A0FB011054
:1072B000800A0A900F98806D09900F98806D089051
:1072C000099800680E90089800680D900F98016862
:1072D00001201022C4F202029142079000F0A38024
:1072E000FFE70F98016801202822C4F202029142B0
:1072F000079000F09880FFE70F9801680120402276
:10730000C4F202029142079000F08D80FFE70F98CF
:10731000016801205822C4F202029142079000F055
:107320008280FFE70F98016801207022C4F20202F8
:107330009142079077D0FFE70F98016801208822DB
:10734000C4F20202914207906DD0FFE70F980168E6
:107350000120A022C4F202029142079063D0FFE70D
:107360000F9801680120B822C4F2020291420790EE
:1073700059D0FFE70F980168012040F21042C4F293
:107380000202914207904ED0FFE70F98016801205A
:1073900040F22842C4F202029142079043D0FFE734
:1073A0000F980168012040F24042C4F2020291426B
:1073B000079038D0FFE70F980168012040F258424B
:1073C000C4F20202914207902DD0FFE70F980168A6
:1073D000012040F27042C4F202029142079022D092
:1073E000FFE70F980168012040F28842C4F20202D0
:1073F0009142079017D0FFE70F980168012040F2F3
:10740000A042C4F20202914207900CD0FFE70F980D
:1074100000684FF64831CBF6FD710844B0FA80F0B1
:1074200040090790FFE70798C007002800F0138580
:10743000FFE70E980F99C96D01F01F01C8400007C2
:10744000002840F1B080FFE70F9800681021C4F2D7
:107450000201884200F08180FFE70F980068282130
:10746000C4F20201884278D0FFE70F9800684021FB
:10747000C4F20201884270D0FFE70F9800685821DB
:10748000C4F20201884268D0FFE70F9800687021BB
:10749000C4F20201884260D0FFE70F98006888219B
:1074A000C4F20201884258D0FFE70F980068A0217B
:1074B000C4F20201884250D0FFE70F980068B8215B
:1074C000C4F20201884248D0FFE70F98006840F2FA
:1074D0001041C4F2020188423FD0FFE70F980068D4
:1074E00040F22841C4F20201884236D0FFE70F98EB
:1074F000006840F24041C4F2020188422DD0FFE70B
:107500000F98006840F25841C4F20201884224D02A
:10751000FFE70F98006840F27041C4F20201884210
:107520001BD0FFE70F98006840F28841C4F20201C7
:10753000884212D0FFE70F98006840F2A041C4F2E1
:107540000201884209D0FFE70F98006840F2B84175
:10755000C4F20201884207D1FFE70F980068006873
:1075600000F00400069006E00F980068006800F044
:1075700008000690FFE70698A0B1FFE70F980168A2
:10758000086820F0040008600F98C06D00F01F012B
:1075900008208840099988600F99486D40F00100E3
:1075A0004865FFE7FFE70E980F99C96D01F01F01CD
:1075B000C840C007002800F0A980FFE70F980068C6
:1075C0001021C4F20201884200F08180FFE70F9889
:1075D00000682821C4F20201884278D0FFE70F98A2
:1075E00000684021C4F20201884270D0FFE70F9882
:1075F00000685821C4F20201884268D0FFE70F9862
:1076000000687021C4F20201884260D0FFE70F9841
:1076100000688821C4F20201884258D0FFE70F9821
:107620000068A021C4F20201884250D0FFE70F9801
:107630000068B821C4F20201884248D0FFE70F98E1
:10764000006840F21041C4F2020188423FD0FFE7D7
:107650000F98006840F22841C4F20201884236D0F7
:10766000FFE70F98006840F24041C4F202018842EF
:107670002DD0FFE70F98006840F25841C4F2020194
:10768000884224D0FFE70F98006840F27041C4F2AE
:10769000020188421BD0FFE70F98006840F2884142
:1076A000C4F20201884212D0FFE70F98006840F24E
:1076B000A041C4F20201884209D0FFE70F98006898
:1076C00040F2B841C4F20201884207D1FFE70F98A7
:1076D0000068406900F08000059005E00F980068A0
:1076E000006800200590FFE7059870B1FFE70F984C
:1076F000C06D00F01F0101208840099988600F9932
:10770000486D40F002004865FFE7FFE70E980F99CB
:10771000C96D01F01F01C8404007002840F1A98051
:10772000FFE70F9800681021C4F20201884200F0C0
:107730008180FFE70F9800682821C4F20201884287
:1077400078D0FFE70F9800684021C4F20201884218
:1077500070D0FFE70F9800685821C4F202018842F8
:1077600068D0FFE70F9800687021C4F202018842D8
:1077700060D0FFE70F9800688821C4F202018842B8
:1077800058D0FFE70F980068A021C4F20201884298
:1077900050D0FFE70F980068B821C4F20201884278
:1077A00048D0FFE70F98006840F21041C4F2020190
:1077B00088423FD0FFE70F98006840F22841C4F2AA
:1077C0000201884236D0FFE70F98006840F240413E
:1077D000C4F2020188422DD0FFE70F98006840F202
:1077E0005841C4F20201884224D0FFE70F98006894
:1077F00040F27041C4F2020188421BD0FFE70F98AB
:10780000006840F28841C4F20201884212D0FFE7CA
:107810000F98006840F2A041C4F20201884209D0EA
:10782000FFE70F98006840F2B841C4F202018842B5
:1078300007D1FFE70F980068006800F0020004908D
:1078400005E00F980068006800200490FFE70498A6
:1078500070B1FFE70F98C06D00F01F010420884051
:10786000099988600F99486D40F004004865FFE76A
:10787000FFE70E980F99C96D01F01F01C840C006BF
:10788000002840F1DE80FFE70F9800681021C4F265
:107890000201884200F08180FFE70F9800682821EC
:1078A000C4F20201884278D0FFE70F9800684021B7
:1078B000C4F20201884270D0FFE70F980068582197
:1078C000C4F20201884268D0FFE70F980068702177
:1078D000C4F20201884260D0FFE70F980068882157
:1078E000C4F20201884258D0FFE70F980068A02137
:1078F000C4F20201884250D0FFE70F980068B82117
:10790000C4F20201884248D0FFE70F98006840F2B5
:107910001041C4F2020188423FD0FFE70F9800688F
:1079200040F22841C4F20201884236D0FFE70F98A6
:10793000006840F24041C4F2020188422DD0FFE7C6
:107940000F98006840F25841C4F20201884224D0E6
:10795000FFE70F98006840F27041C4F202018842CC
:107960001BD0FFE70F98006840F28841C4F2020183
:10797000884212D0FFE70F98006840F2A041C4F29D
:107980000201884209D0FFE70F98006840F2B84131
:10799000C4F20201884207D1FFE70F98006800682F
:1079A00000F00800039006E00F980068006800F0FF
:1079B00004000390FFE70398002841D0FFE70F98E9
:1079C000C06D00F01F0110208840099988600F9851
:1079D00000680068400300281AD5FFE70F98006888
:1079E00000680003002809D4FFE70F98006C20B15D
:1079F000FFE70F98016C8847FFE708E00F98806C5D
:107A000020B1FFE70F98816C8847FFE7FFE716E09A
:107A10000F9800680068C005002807D4FFE70F989A
:107A20000168086820F008000860FFE70F98006C04
:107A300020B1FFE70F98016C8847FFE7FFE7FFE7FA
:107A4000FFE70E980F99C96D01F01F01C84080062D
:107A5000002840F12681FFE70F9800681021C4F24A
:107A60000201884200F08180FFE70F98006828211A
:107A7000C4F20201884278D0FFE70F9800684021E5
:107A8000C4F20201884270D0FFE70F9800685821C5
:107A9000C4F20201884268D0FFE70F9800687021A5
:107AA000C4F20201884260D0FFE70F980068882185
:107AB000C4F20201884258D0FFE70F980068A02165
:107AC000C4F20201884250D0FFE70F980068B82145
:107AD000C4F20201884248D0FFE70F98006840F2E4
:107AE0001041C4F2020188423FD0FFE70F980068BE
:107AF00040F22841C4F20201884236D0FFE70F98D5
:107B0000006840F24041C4F2020188422DD0FFE7F4
:107B10000F98006840F25841C4F20201884224D014
:107B2000FFE70F98006840F27041C4F202018842FA
:107B30001BD0FFE70F98006840F28841C4F20201B1
:107B4000884212D0FFE70F98006840F2A041C4F2CB
:107B50000201884209D0FFE70F98006840F2B8415F
:107B6000C4F20201884207D1FFE70F98006800685D
:107B700000F01000029006E00F980068006800F026
:107B800002000290FFE70298002800F08980FFE7DA
:107B90000F98C06D00F01F0120208840099988606F
:107BA0000F9890F83500042837D1FFE70F98016847
:107BB000086820F0160008600F980168486920F0F6
:107BC000800048610F98006C20B9FFE70F98806C27
:107BD00038B1FFE70F980168086820F008000860D6
:107BE000FFE70F98C06D00F01F013F208840099902
:107BF00088600F99012081F83500FFE70F99002078
:107C000081F83400FFE70F98006D20B1FFE70F986F
:107C1000016D8847FFE700F019BC0F980068006805
:107C2000400300281AD5FFE70F980068006800039A
:107C3000002809D4FFE70F98406C20B1FFE70F98A8
:107C4000416C8847FFE708E00F98C06B20B1FFE761
:107C50000F98C16B8847FFE7FFE720E00F980068A7
:107C60000068C005002811D4FFE70F980168086874
:107C700020F0100008600F99012081F83500FFE71F
:107C80000F99002081F83400FFE7FFE70F98C06BE1
:107C900020B1FFE70F98C16B8847FFE7FFE7FFE7D9
:107CA000FFE70F98406D002800F0D480FFE70F98A1
:107CB000406DC007002800F0C480FFE70F99042042
:107CC00081F835000F9800681021C4F20201884243
:107CD00000F08180FFE70F9800682821C4F20201BC
:107CE000884278D0FFE70F9800684021C4F2020173
:107CF000884270D0FFE70F9800685821C4F2020153
:107D0000884268D0FFE70F9800687021C4F2020132
:107D1000884260D0FFE70F9800688821C4F2020112
:107D2000884258D0FFE70F980068A021C4F20201F2
:107D3000884250D0FFE70F980068B821C4F20201D2
:107D4000884248D0FFE70F98006840F21041C4F223
:107D5000020188423FD0FFE70F98006840F22841B7
:107D6000C4F20201884236D0FFE70F98006840F263
:107D70004041C4F2020188422DD0FFE70F9800680D
:107D800040F25841C4F20201884224D0FFE70F9824
:107D9000006840F27041C4F2020188421BD0FFE744
:107DA0000F98006840F28841C4F20201884212D064
:107DB000FFE70F98006840F2A041C4F20201884238
:107DC00009D0FFE70F98006840F2B841C4F2020101
:107DD000884207D1FFE70F980168086820F001008A
:107DE000086006E00F980168086820F0010008604C
:107DF000FFE7FFE70B9801300B900A99884201D901
:107E0000FFE707E0FFE70F9800680068C007002859
:107E1000F0D1FFE70F9800680068C00728B1FFE7BE
:107E20000F99032081F8350004E00F99012081F8B3
:107E30003500FFE7FFE70F99002081F83400FFE7E6
:107E4000FFE70F98C06C20B1FFE70F98C16C88471F
:107E5000FFE7FFE7FAE20F980168012045F20842C8
:107E6000C5F60202914201904ED0FFE70F980168DB
:107E7000012045F21C42C5F602029142019043D016
:107E8000FFE70F980168012045F23042C5F6020273
:107E90009142019038D0FFE70F980168012045F228
:107EA0004442C5F60202914201902DD0FFE70F989F
:107EB0000168012045F25842C5F602029142019044
:107EC00022D0FFE70F980168012045F26C42C5F609
:107ED00002029142019017D0FFE70F98016801203C
:107EE00045F28042C5F60202914201900CD0FFE7B4
:107EF0000F9800684AF66C31CAF2FD710844B0FA76
:107F000080F040090190FFE70198C007002800F0C9
:107F10009B82FFE70F98006800680C900D980F99FE
:107F2000C96D01F01F01C8404007002840F1D7800B
:107F3000FFE79DF830004007002840F1D080FFE7C0
:107F40000F98C06D00F01F01042088400899486018
:107F50009DF831000006002818D5FFE79DF8320093
:107F6000C00748B9FFE70F98806C20B1FFE70F9872
:107F7000816C8847FFE708E00F98006C20B1FFE7AD
:107F80000F98016C8847FFE7FFE7A7E09DF83000F6
:107F90008006002800F19980FFE70F980068102103
:107FA000C4F20201884200F08180FFE70F98006868
:107FB0002821C4F20201884278D0FFE70F980068B8
:107FC0004021C4F20201884270D0FFE70F98006898
:107FD0005821C4F20201884268D0FFE70F98006878
:107FE0007021C4F20201884260D0FFE70F98006858
:107FF0008821C4F20201884258D0FFE70F98006838
:10800000A021C4F20201884250D0FFE70F98006817
:10801000B821C4F20201884248D0FFE70F980068F7
:1080200040F21041C4F2020188423FD0FFE70F98AE
:10803000006840F22841C4F20201884236D0FFE7CE
:108040000F98006840F24041C4F2020188422DD0EE
:10805000FFE70F98006840F25841C4F202018842DD
:1080600024D0FFE70F98006840F27041C4F202018B
:1080700088421BD0FFE70F98006840F28841C4F2A5
:108080000201884212D0FFE70F98006840F2A04139
:10809000C4F20201884209D0FFE70F98006840F25D
:1080A000B841C4F20201884207D1FFE70F98016886
:1080B000086820F00800086006E00F98016808686A
:1080C00020F004000860FFE7FFE70F98006C20B184
:1080D000FFE70F98016C8847FFE7FFE7B3E10D98D2
:1080E0000F99C96D01F01F01C8408007002840F1B9
:1080F000E180FFE79DF830008007002840F1DA803A
:10810000FFE70F98C06D00F01F010220884008991A
:1081100048609DF831000006002818D5FFE79DF85B
:108120003200C00748B9FFE70F98406C20B1FFE765
:108130000F98416C8847FFE708E00F98C06B20B1AB
:10814000FFE70F98C16B8847FFE7FFE7B1E09DF8B5
:1081500030008006002800F1A380FFE70F98006838
:108160001021C4F20201884200F08180FFE70F98DD
:1081700000682821C4F20201884278D0FFE70F98F6
:1081800000684021C4F20201884270D0FFE70F98D6
:1081900000685821C4F20201884268D0FFE70F98B6
:1081A00000687021C4F20201884260D0FFE70F9896
:1081B00000688821C4F20201884258D0FFE70F9876
:1081C0000068A021C4F20201884250D0FFE70F9856
:1081D0000068B821C4F20201884248D0FFE70F9836
:1081E000006840F21041C4F2020188423FD0FFE72C
:1081F0000F98006840F22841C4F20201884236D04C
:10820000FFE70F98006840F24041C4F20201884243
:108210002DD0FFE70F98006840F25841C4F20201E8
:10822000884224D0FFE70F98006840F27041C4F202
:10823000020188421BD0FFE70F98006840F2884196
:10824000C4F20201884212D0FFE70F98006840F2A2
:10825000A041C4F20201884209D0FFE70F980068EC
:1082600040F2B841C4F20201884207D1FFE70F98FB
:108270000168086820F01400086006E00F980168A3
:10828000086820F00A000860FFE70F99012081F8D4
:108290003500FFE70F99002081F83400FFE7FFE782
:1082A0000F98C06B20B1FFE70F98C16B8847FFE7BD
:1082B000FFE7C7E00D980F99C96D01F01F01C84095
:1082C0000007002840F1BC80FFE79DF83000000760
:1082D000002840F1B580FFE70F9800681021C4F234
:1082E0000201884200F08180FFE70F980068282192
:1082F000C4F20201884278D0FFE70F98006840215D
:10830000C4F20201884270D0FFE70F98006858213C
:10831000C4F20201884268D0FFE70F98006870211C
:10832000C4F20201884260D0FFE70F9800688821FC
:10833000C4F20201884258D0FFE70F980068A021DC
:10834000C4F20201884250D0FFE70F980068B821BC
:10835000C4F20201884248D0FFE70F98006840F25B
:108360001041C4F2020188423FD0FFE70F98006835
:1083700040F22841C4F20201884236D0FFE70F984C
:10838000006840F24041C4F2020188422DD0FFE76C
:108390000F98006840F25841C4F20201884224D08C
:1083A000FFE70F98006840F27041C4F20201884272
:1083B0001BD0FFE70F98006840F28841C4F2020129
:1083C000884212D0FFE70F98006840F2A041C4F243
:1083D0000201884209D0FFE70F98006840F2B841D7
:1083E000C4F20201884207D1FFE70F9801680868CC
:1083F00020F01C00086006E00F980168086820F073
:108400000E000860FFE70F98C06D00F01F0101200B
:1084100000FA01F1089A51600F9948650F9981F8A7
:108420003500FFE70F99002081F83400FFE70F982F
:10843000C06C20B1FFE70F98C16C8847FFE700E0F0
:10844000FFE7FFE7FFE700E0FFE7FFE710B080BDD1
:1084500080B58EB00C9002F003FC0A900C9828B9FD
:10846000FFE701208DF8370000F0A0BC0C980168F0
:1084700001201022C4F202029142079000F0A38072
:10848000FFE70C98016801202822C4F20202914201
:10849000079000F09880FFE70C98016801204022C7
:1084A000C4F202029142079000F08D80FFE70C9821
:1084B000016801205822C4F202029142079000F0A4
:1084C0008280FFE70C98016801207022C4F202024A
:1084D0009142079077D0FFE70C980168012088222D
:1084E000C4F20202914207906DD0FFE70C98016838
:1084F0000120A022C4F202029142079063D0FFE75C
:108500000C9801680120B822C4F20202914207903F
:1085100059D0FFE70C980168012040F21042C4F2E4
:108520000202914207904ED0FFE70C9801680120AB
:1085300040F22842C4F202029142079043D0FFE782
:108540000C980168012040F24042C4F202029142BC
:10855000079038D0FFE70C980168012040F258429C
:10856000C4F20202914207902DD0FFE70C980168F7
:10857000012040F27042C4F202029142079022D0E0
:10858000FFE70C980168012040F28842C4F2020221
:108590009142079017D0FFE70C980168012040F244
:1085A000A042C4F20202914207900CD0FFE70C985F
:1085B00000684FF64831CBF6FD710844B0FA80F000
:1085C00040090790FFE70798C007002800F079816D
:1085D000FFE70C98406A08B1FFE7FFE70C9902201B
:1085E00081F83500FFE70C99002081F83400FFE79F
:1085F0000C9800681021C4F20201884200F08180CA
:10860000FFE70C9800682821C4F20201884278D064
:10861000FFE70C9800684021C4F20201884270D044
:10862000FFE70C9800685821C4F20201884268D024
:10863000FFE70C9800687021C4F20201884260D004
:10864000FFE70C9800688821C4F20201884258D0E4
:10865000FFE70C980068A021C4F20201884250D0C4
:10866000FFE70C980068B821C4F20201884248D0A4
:10867000FFE70C98006840F21041C4F20201884202
:108680003FD0FFE70C98006840F22841C4F2020195
:10869000884236D0FFE70C98006840F24041C4F2AF
:1086A000020188422DD0FFE70C98006840F2584143
:1086B000C4F20201884224D0FFE70C98006840F21F
:1086C0007041C4F2020188421BD0FFE70C98006899
:1086D00040F28841C4F20201884212D0FFE70C98B0
:1086E000006840F2A041C4F20201884209D0FFE7CD
:1086F0000C98006840F2B841C4F20201884207D1E8
:10870000FFE70C980168086820F00100086006E0A7
:108710000C980168086820F001000860FFE7FFE797
:108720000C9800680068C00798B1FFE702F098FA5B
:108730000A99401A06280BD3FFE70C9920204865B8
:108740000C99032081F8350001208DF837002DE3C6
:10875000E6E70C98006800680B900B9848F23F0120
:10876000CFF6106108400B900C998868D1F80CC0C6
:108770000B694A6940EA0C00184310438A691043A8
:10878000CA691043096A01430B9808430B900C987F
:10879000406A042808D1FFE70C99C86A096B0143B5
:1087A0000B9808430B90FFE741F20000C5F600402C
:1087B00000684FF6FF718843B0F1005F40D3FFE7D8
:1087C0000C984068292807D3FFE70C9841680120DE
:1087D0002F2906902AD3FFE70C9840683F2807D33B
:1087E000FFE70C9841680120432906901ED3FFE75C
:1087F0000C984068472807D3FFE70C984168012090
:108800004929069012D3FFE70C98416800204F29B0
:10881000059008D3FFE70C9841680020532938BF22
:1088200001200590FFE705980690FFE70698C0072E
:1088300028B1FFE70B9840F480100B90FFE7FFE7AB
:108840000B980C99096808600C98006840690B90B7
:108850000B9820F007000B900C98416A0B98084386
:108860000B900C98406A04281AD1FFE70C98816A93
:108870000B9808430B900C98C06A80B1FFE70C98E6
:10888000F9F732FE50B1FFE70C99402048650C998A
:10889000012081F835008DF8370087E2FFE7FFE718
:1088A0000B980C99096848610C98F9F7E1FB09905D
:1088B0000C98C06D00F01F013F2088400999886026
:1088C00027E10C980168012045F20842C5F6020232
:1088D000914204904ED0FFE70C980168012045F2C8
:1088E0001C42C5F602029142049043D0FFE70C9867
:1088F0000168012045F23042C5F60202914204901F
:1089000038D0FFE70C980168012045F24442C5F6D3
:108910000202914204902DD0FFE70C9801680120DB
:1089200045F25842C5F602029142049022D0FFE778
:108930000C980168012045F26C42C5F60202914292
:10894000049017D0FFE70C980168012045F280429F
:10895000C5F60202914204900CD0FFE70C98006823
:108960004AF66C31CAF2FD710844B0FA80F0400951
:108970000490FFE70498C007002800F0BE80FFE7DE
:108980000C980168012045F20842C5F602029142A6
:1089900003904ED0FFE70C980168012045F21C427D
:1089A000C5F602029142039043D0FFE70C9801689C
:1089B000012045F23042C5F602029142039038D0C0
:1089C000FFE70C980168012045F24442C5F6020217
:1089D000914203902DD0FFE70C980168012045F2E9
:1089E0005842C5F602029142039022D0FFE70C984C
:1089F0000168012045F26C42C5F6020291420390E3
:108A000017D0FFE70C980168012045F28042C5F6B7
:108A10000202914203900CD0FFE70C9800684AF6DE
:108A20006C31CAF2FD710844B0FA80F0400903903D
:108A3000FFE70398C00708B1FFE7FFE70C990220A2
:108A400081F83500FFE70C99002081F83400FFE73A
:108A50000C98006800680B900B986FF310100B9047
:108A60000C988068402803D1FFE71020029008E0AE
:108A70000C9880688038B0FA80F04009800302903A
:108A8000FFE702980C99D1F80CE0D1F810C04B69BF
:108A90008A6940EADE0040EADC0040EAD30040EAAE
:108AA000D200CA6940EAD200096A40EA11110B9863
:108AB00008430B900B980C99096808600C9908689A
:108AC0004AF6F832CAF2FD7210444CF6CD42CCF6AA
:108AD000CC42A0FB02026FF0030000EA9200C865DE
:108AE0000C98F9F7C5FA08900C98C06D00F01F01BA
:108AF00001208840089948600AE00C9940204865A8
:108B00000C99032081F8350001208DF837004DE1E4
:108B1000FFE70C98016801201022C4F20202914282
:108B2000019000F00381FFE70C98016801202822E2
:108B3000C4F202029142019000F0F880FFE70C9825
:108B4000016801204022C4F202029142019000F02B
:108B5000ED80FFE70C98016801205822C4F2020260
:108B60009142019000F0E280FFE70C98016801203B
:108B70007022C4F202029142019000F0D780FFE718
:108B80000C98016801208822C4F2020291420190EF
:108B900000F0CC80FFE70C9801680120A022C4F20D
:108BA00002029142019000F0C180FFE70C98016839
:108BB0000120B822C4F202029142019000F0B68076
:108BC000FFE70C980168012040F21042C4F2020253
:108BD0009142019000F0AA80FFE70C980168012003
:108BE00040F22842C4F202029142019000F09E80BD
:108BF000FFE70C980168012040F24042C4F20202F3
:108C00009142019000F09280FFE70C9801680120EA
:108C100040F25842C4F202029142019000F0868074
:108C2000FFE70C980168012040F27042C4F2020292
:108C3000914201907AD0FFE70C980168012040F240
:108C40008842C4F20202914201906FD0FFE70C9873
:108C50000168012040F2A042C4F202029142019058
:108C600064D0FFE70C980168012040F2B842C4F2DA
:108C700002029142019059D0FFE70C98016801204F
:108C800045F20842C5F60202914201904ED0FFE73C
:108C90000C980168012045F21C42C5F6020291427F
:108CA000019043D0FFE70C980168012045F2304263
:108CB000C5F602029142019038D0FFE70C98016896
:108CC000012045F24442C5F60202914201902DD0A6
:108CD000FFE70C980168012045F25842C5F60202F0
:108CE0009142019022D0FFE70C980168012045F2E3
:108CF0006C42C5F602029142019017D0FFE70C9832
:108D00000168012045F28042C5F6020291420190BD
:108D10000CD0FFE70C9800684AF66C31CAF2FD717E
:108D20000844B0FA80F040090190FFE70198C007BD
:108D300090B3FFE70C98F9F783FA0C9880688028C5
:108D400004D1FFE70C9900204860FFE70C990879EF
:108D5000096E08600C98416E806E48600C984068FF
:108D600088B1FFE70C98406808280CD8FFE70C98FA
:108D7000F9F722FB0C98C16E002008600C98016F77
:108D8000406F486007E00C990020C8660C9908679E
:108D90000C994867FFE7FFE70C99002048650C9A9B
:108DA000012182F835108DF83700FFE79DF8370074
:108DB0000EB080BD0000000080B588B0069005911F
:108DC0000492039300208DF80B00069820B9FFE76A
:108DD00001208DF81F006CE3FFE7069890F834003F
:108DE000012804D1FFE702208DF81F0061E30699F6
:108DF000012081F83400FFE7FFE7069890F835007E
:108E0000012840F04383FFE70699022081F83500EE
:108E1000069900204865069800681021C4F20201F6
:108E2000884200F08180FFE7069800682821C4F29C
:108E30000201884278D0FFE7069800684021C4F21A
:108E40000201884270D0FFE7069800685821C4F2FA
:108E50000201884268D0FFE7069800687021C4F2DA
:108E60000201884260D0FFE7069800688821C4F2BA
:108E70000201884258D0FFE706980068A021C4F29A
:108E80000201884250D0FFE706980068B821C4F27A
:108E90000201884248D0FFE70698006840F210417E
:108EA000C4F2020188423FD0FFE70698006840F212
:108EB0002841C4F20201884236D0FFE706980068D4
:108EC00040F24041C4F2020188422DD0FFE70698EB
:108ED000006840F25841C4F20201884224D0FFE702
:108EE0000698006840F27041C4F2020188421BD02B
:108EF000FFE70698006840F28841C4F20201884208
:108F000012D0FFE70698006840F2A041C4F20201C7
:108F1000884209D0FFE70698006840F2B841C4F2E1
:108F20000201884207D1FFE706980168086820F02F
:108F30000100086006E006980168086820F001005A
:108F40000860FFE706980599049A039BF9F744FB2C
:108F50000698016801201022C4F202029142019099
:108F600000F0A380FFE70698016801202822C4F2E0
:108F700002029142019000F09880FFE70698016894
:108F800001204022C4F202029142019000F08D8043
:108F9000FFE70698016801205822C4F202029142BC
:108FA000019000F08280FFE706980168012070229E
:108FB000C4F202029142019077D0FFE7069801685F
:108FC00001208822C4F20202914201906DD0FFE795
:108FD000069801680120A022C4F202029142019089
:108FE00063D0FFE7069801680120B822C4F20202AC
:108FF0009142019059D0FFE706980168012040F2A4
:109000001042C4F20202914201904ED0FFE706984E
:109010000168012040F22842C4F20202914201900C
:1090200043D0FFE706980168012040F24042C4F2B5
:1090300002029142019038D0FFE7069801680120B2
:1090400040F25842C4F20202914201902DD0FFE753
:1090500006980168012040F27042C4F20202914277
:10906000019022D0FFE706980168012040F2884273
:10907000C4F202029142019017D0FFE706980168FE
:10908000012040F2A042C4F20202914201900CD0B1
:10909000FFE7069800684FF64831CBF6FD710844AB
:1090A000B0FA80F040090190FFE70198C007A8B12D
:1090B000FFE70698006800680B2161F344000699F9
:1090C000096808600698006C38B1FFE706980168E7
:1090D000086840F008000860FFE714E006980068A0
:1090E0000068052161F34300069909680860069845
:1090F000006C38B1FFE706980168086840F004008A
:109100000860FFE7FFE70698016801201022C4F21B
:1091100002029142009000F00381FFE70698016887
:1091200001202822C4F202029142009000F0F8804F
:10913000FFE70698016801204022C4F20202914232
:10914000009000F0ED80FFE70698016801205822AA
:10915000C4F202029142009000F0E280FFE706981C
:10916000016801207022C4F202029142009000F0D6
:10917000D780FFE70698016801208822C4F2020226
:109180009142009000F0CC80FFE706980168012032
:10919000A022C4F202029142009000F0C180FFE7D9
:1091A000069801680120B822C4F2020291420090A0
:1091B00000F0B680FFE706980168012040F21042F7
:1091C000C4F202029142009000F0AA80FFE70698E4
:1091D0000168012040F22842C4F20202914200904C
:1091E00000F09E80FFE706980168012040F24042AF
:1091F000C4F202029142009000F09280FFE70698CC
:109200000168012040F25842C4F2020291420090EB
:1092100000F08680FFE706980168012040F2704266
:10922000C4F20202914200907AD0FFE706980168EA
:10923000012040F28842C4F20202914200906FD0B5
:10924000FFE706980168012040F2A042C4F2020242
:109250009142009064D0FFE706980168012040F237
:10926000B842C4F202029142009059D0FFE706983A
:109270000168012045F20842C5F6020291420090C1
:109280004ED0FFE706980168012045F21C42C5F662
:1092900002029142009043D0FFE706980168012046
:1092A00045F23042C5F602029142009038D0FFE705
:1092B00006980168012045F24442C5F60202914237
:1092C00000902DD0FFE706980168012045F2584232
:1092D000C5F602029142009022D0FFE7069801688D
:1092E000012045F26C42C5F602029142009017D06F
:1092F000FFE706980168012045F28042C5F60202A8
:10930000914200900CD0FFE7069800684AF66C3155
:10931000CAF2FD710844B0FA80F040090090FFE7FE
:109320000098C007D0B1FFE70698006E0068C00340
:10933000002807D5FFE70698016E086840F48070A2
:109340000860FFE70698C06E38B1FFE70698C16E67
:10935000086840F480700860FFE7FFE7069800683F
:109360001021C4F20201884200F08180FFE70698D4
:1093700000682821C4F20201884278D0FFE70698ED
:1093800000684021C4F20201884270D0FFE70698CD
:1093900000685821C4F20201884268D0FFE70698AD
:1093A00000687021C4F20201884260D0FFE706988D
:1093B00000688821C4F20201884258D0FFE706986D
:1093C0000068A021C4F20201884250D0FFE706984D
:1093D0000068B821C4F20201884248D0FFE706982D
:1093E000006840F21041C4F2020188423FD0FFE71A
:1093F0000698006840F22841C4F20201884236D043
:10940000FFE70698006840F24041C4F2020188423A
:109410002DD0FFE70698006840F25841C4F20201DF
:10942000884224D0FFE70698006840F27041C4F2F9
:10943000020188421BD0FFE70698006840F288418D
:10944000C4F20201884212D0FFE70698006840F299
:10945000A041C4F20201884209D0FFE706980068E3
:1094600040F2B841C4F20201884207D1FFE70698F2
:109470000168086840F00100086006E0069801688D
:10948000086840F001000860FFE70DE006994FF41E
:1094900000604865FFE70699002081F83400FFE787
:1094A00001208DF80B00FFE79DF80B008DF81F00E1
:1094B000FFE79DF81F0008B080BD0000000000001D
:1094C00080B584B0039001F0CBFB0290039801902B
:1094D0000198013048B1FFE740F20C10C2F20040A1
:1094E0000178019808440190FFE7FFE701F0B8FB1D
:1094F0000299401A0199884201D2FFE7F6E704B0C9
:1095000080BD00000000000085B003900291019230
:10951000039890F898008DF803009DF80300012847
:1095200005D0FFE79DF8030002285DD1FFE7029810
:1095300003990968896D084207D1FFE7039801681C
:10954000C86D40F00100C86515E0029803990968EC
:10955000896D08400299884207D1FFE703980168A6
:10956000C86D40F00200C86504E00398016803205C
:10957000C865FFE7FFE79DF809008007002809D5C7
:10958000FFE7019A03980168D1F8E0001043C1F8A1
:10959000E000FFE79DF809004007002809D5FFE734
:1095A000019A03980168D1F8E4001043C1F8E4007F
:1095B000FFE7FFE702984FF6FF71C3F6CF7100EAAD
:1095C000010203980168486D10434865029A4AF603
:1095D0001401C4F20001086840EA92700860FFE7D5
:1095E00000208DF813000AE00399D1F89C0040F0A8
:1095F0000200C1F89C0001208DF81300FFE79DF8E0
:10960000130005B07047000080B586B00490039148
:1096100002920398406808B9FFE700E0FFE704986A
:1096200090F89800022845D1FFE704980068D0F828
:10963000C00010F07C5F0BD1FFE70499D1F89C00CB
:1096400040F02000C1F89C0001208DF817003CE09C
:1096500004980068D0F8C400800200280BD5FFE70A
:109660000499D1F89C0040F40070C1F89C000120DE
:109670008DF8170029E004980068D0F8C400C0F302
:109680000440019004980399029A019BFBF754FF50
:109690000199012000FA01F1049A1268C2F8D01071
:1096A000019988400499C1F89400FFE700208DF8E3
:1096B00017000AE00499D1F89C0040F00800C1F8B6
:1096C0009C0001208DF81700FFE79DF8170006B0F9
:1096D00080BD00000000000082B00190009102B047
:1096E000704700000000000085B0DDF814C0039052
:1096F000029101920093039890F89800012812D1EA
:10970000FFE702980001019940EA8100009940EAD0
:1097100041000599084303990968C1F880000020B9
:109720008DF813000AE00399D1F89C0040F0040082
:10973000C1F89C0001208DF81300FFE79DF813008D
:1097400005B070470000000081B0009001B0704784
:1097500082B00190009102B070470000000000004C
:1097600083B0029001910198402808D1FFE7029848
:109770000068D0F8A40000F07F00009007E0029895
:109780000068D0F8B40000F07F000090FFE7009878
:1097900003B07047000000008AB00890079106925D
:1097A000059300200190089890F898008DF8030028
:1097B0009DF80300022840F05C81FFE707984028ED
:1097C00051D1FFE708980068D0F8A00010F4FE0F10
:1097D0000BD1FFE70899D1F89C0040F02000C1F8B8
:1097E0009C0001208DF827004EE108980068D0F811
:1097F000A400400658B9FFE70899D1F89C0040F44E
:109800008070C1F89C0001208DF827003CE1089889
:109810000068D0F8A40000F080710120B0EB116F57
:109820000DD1FFE708980068D0F8A0100120B0EB38
:10983000D17F03D1FFE701200190FFE7FFE7089800
:109840000068D0F8A40000F47C51019800EB1120CE
:1098500001900898426C406F0199514300EB8100E0
:109860000490FFE770E00798412851D1FFE708987E
:109870000068D0F8B00010F4FE0F0BD1FFE7089994
:10988000D1F89C0040F02000C1F89C0001208DF828
:109890002700F9E008980068D0F8B400400658B9ED
:1098A000FFE70899D1F89C0040F48070C1F89C0053
:1098B00001208DF82700E7E008980068D0F8B40090
:1098C00000F080710120B0EB116F0DD1FFE7089817
:1098D0000068D0F8B0100120B0EBD17F03D1FFE7D2
:1098E00001200190FFE7FFE708980068D0F8B40076
:1098F00000F47C51019800EB112001900898C26C93
:10990000806F0199514300EB81000490FFE71AE05A
:1099100007980899096D88420BD3FFE70899D1F899
:109920009C0040F02000C1F89C0001208DF8270029
:10993000AAE00898426DC06F0799514300EB81007F
:109940000490FFE7FFE7FFE70498006800F080401D
:10995000069948600698406838B9FFE7049800689F
:10996000C0F38A400699086006E00498006820F079
:10997000604006990860FFE70498006800F0005016
:10998000069988600498006800F000400699086114
:10999000049804300490049800880699C8610498DB
:1099A0000068C0F303400699C8600498006800F49A
:1099B0008010069948610498006800F40010069928
:1099C000886104980068C0F30660069908620498EC
:1099D0000068C00F06994862049804300490049807
:1099E000039000200290FFE702980699CA684CF2A3
:1099F0008041C0F60101895C88420AD2FFE70398E2
:109A0000029A805C05998854FFE702980130029021
:109A1000EAE70798402806D1FFE701980899096806
:109A2000C1F8A80021E00798412806D1FFE7019876
:109A300008990968C1F8B80016E007981F2808D8E7
:109A4000FFE707990120884008990968C1F8980044
:109A500009E0079800F01F01012088400899096873
:109A6000C1F89C00FFE7FFE7FFE700208DF8270023
:109A70000AE00899D1F89C0040F00800C1F89C0069
:109A800001208DF82700FFE79DF827000AB07047F6
:109A900082B0019001980068D0F8C40000F03F0047
:109AA0000090009802B0704781B0009001B07047FC
:109AB00080B594B013904AF61000C4F2000000681C
:109AC000800712904AF61400C4F200000168129850
:109AD00000EA8170129013980068006D00F47040E5
:109AE000119013980068416D1198084011901398D7
:109AF0000068006D00F00F00109013980068416D31
:109B000010980840109013980068006D00F0F00065
:109B10000F9013980068416D0F9808400F901398AC
:109B20000068006D00F071500E9013980068416D50
:109B30000E9808400E9013980068006D00F0607059
:109B40000D9013980068416D0D9808400D90139882
:109B50000068406D039013980068006D01909DF8B7
:109B60000D00C007B8B1FFE79DF80500C00788B138
:109B7000FFE7FFE7139801684FF4807008654AF625
:109B80001001C4F2000100200860FFE71398FFF7FE
:109B90008BFFFFE7FFE79DF80D0000F004010020B8
:109BA000B0EB910F28D0FFE79DF8050000F004010D
:109BB0000020B0EB910F1ED0FFE713980068D0F89B
:109BC000DC000B9013980068D0F8E4100B98084064
:109BD0000B90FFE7139801684FF4806008654AF620
:109BE0001001C4F2000100200860FFE713980B99F0
:109BF00000F016FEFFE7FFE71298B8B1FFE7FFE7B6
:109C000012984FF6FF71C3F6CF7108401399096897
:109C100008651298800F4AF61001C4F2000108602E
:109C2000FFE713981299FFF757FDFFE71198B8B1B6
:109C3000FFE7FFE711984FF6FF71C3F6CF710840B9
:109C40001399096808651198800F4AF61001C4F24B
:109C500000010860FFE71398119900F0F1FDFFE79C
:109C60001098B8B1FFE7FFE710984FF6FF71C3F601
:109C7000CF7108401399096808651098800F4AF65B
:109C80001001C4F200010860FFE71398109900F07A
:109C9000DBFCFFE70F98B8B1FFE7FFE70F984FF63F
:109CA000FF71C3F6CF7108401399096808650F98D2
:109CB000800F4AF61001C4F200010860FFE7139814
:109CC0000F9900F0D1FCFFE79DF80D0000F00801AE
:109CD0000020B0EBD10F1BD0FFE79DF8050000F08E
:109CE00008010020B0EBD10F11D0FFE7FFE7139878
:109CF00001684FF4006008654AF61001C4F20001E3
:109D000000200860FFE7139800F0A2FDFFE7FFE7DF
:109D10009DF80D0000F002010020B0EB510F28D09B
:109D2000FFE79DF8050000F002010020B0EB510FA5
:109D30001ED0FFE713980068D0F8D8000C90139855
:109D40000068D0F8E0100C9808400C90FFE71398DA
:109D500001684FF4007008654AF61001C4F2000172
:109D600000200860FFE713980C9900F061FDFFE701
:109D7000FFE79DF80E0000F008010020B0EBD10FC6
:109D80001BD0FFE79DF8060000F008010020B0EBB3
:109D9000D10F11D0FFE7FFE7139801684FF40020BF
:109DA00008654AF61001C4F2000100200860FFE7D0
:109DB000139800F045FCFFE7FFE79DF80E00C00791
:109DC000B8B1FFE79DF80600C00788B1FFE7FFE7DD
:109DD000139801684FF4803008654AF61001C4F208
:109DE000000100200860FFE7139800F015FDFFE771
:109DF000FFE79DF80E0000F004010020B0EB910F8A
:109E00001BD0FFE79DF8060000F004010020B0EB36
:109E1000910F11D0FFE7FFE7139801684FF48020FE
:109E200008654AF61001C4F2000100200860FFE74F
:109E3000139800F0EDFCFFE7FFE79DF80E0000F03F
:109E400002010020B0EB510F1FD0FFE79DF8060084
:109E500000F002010020B0EB510F15D0FFE7FFE743
:109E6000139801684FF4003008654AF61001C4F2F7
:109E7000000100200860FFE71399D1F89C0040F032
:109E80008000C1F89C00FFE7FFE70D98B8B1FFE73D
:109E9000FFE70D984FF6FF71C3F6CF710840139995
:109EA000096808650D98800F4AF61001C4F2000198
:109EB0000860FFE713980D99FFF74AFCFFE70E983B
:109EC000D0B1FFE7FFE70E984FF6FF71C3F6CF71F1
:109ED00008401399096808650E98800F4AF610012A
:109EE000C4F200010860FFE70E9A1399D1F89C00B4
:109EF0001043C1F89C00FFE7139800684AF2000184
:109F0000C4F20001884240F0B980FFE7139840682E
:109F100080688007002800F0B080FFE71398406851
:109F2000006A00F00F000A9013984068416A0A988E
:109F300008400A9013984068006A00F030000990C9
:109F400013984068416A099808400990139840683E
:109F5000006A00F4C070089013984068416A08983D
:109F60000840089013984068006A00F4FC4007908D
:109F700013984068416A0798084007901398406812
:109F8000006A00F4F020069013984068416A069831
:109F90000840069013984068406A02901398406801
:109FA000006A00900A9848B1FFE70A981399496837
:109FB000086213980A9900F013FCFFE7099848B16A
:109FC000FFE709981399496808621398099900F006
:109FD00017FCFFE79DF8080000F040010020B0EBFF
:109FE000911F1FD0FFE79DF8000000F04001002006
:109FF000B0EB911F15D0FFE713984068C06B000CC1
:10A00000059013984068C06B00F03F0004901398CF
:10A0100041684020086213980599049A00F0E8FB13
:10A02000FFE7FFE7089848B1FFE7089813994968E8
:10A0300008621398089900F0CBFBFFE7079860B11E
:10A04000FFE70798139949680862079A1399D1F8AE
:10A050009C001043C1F89C00FFE7069860B1FFE741
:10A060000698139949680862069A1399D1F89C00DA
:10A070001043C1F89C00FFE7FFE7FFE71398D0F813
:10A080009C0020B1FFE71398FFF75EFBFFE714B0D9
:10A0900080BD00000000000080B598B016904CF222
:10A0A0007421C0F6010101A84C22F6F780FA169837
:10A0B00020B9FFE701208DF85F00D9E1169800680C
:10A0C0004AF20001C4F20001884206D1FFE7169966
:10A0D000086800F580704860FFE716988068B0F562
:10A0E000407F01D1FFE7FFE71698006C08B1FFE75A
:10A0F000FFE71698806C08B1FFE7FFE71698006D40
:10A1000008B1FFE7FFE71698006E08B1FFE7FFE729
:10A110001699C86D096E084408B1FFE7FFE7169865
:10A1200090F8980040B9FFE71699002081F899004F
:10A13000169800F0A1F9FFE716980168886920F0E9
:10A140001000886100F08CFD1590FFE716980068FC
:10A1500080690007002817D5FFE700F081FD1599F9
:10A16000401A0B280FD3FFE71699D1F89C0040F056
:10A170000100C1F89C001699032081F89800012085
:10A180008DF85F0074E1E1E716980168886940F096
:10A190000100886100F064FD1590FFE716980068E3
:10A1A0008069C007B8B9FFE700F05AFD1599401A59
:10A1B0000B280FD3FFE71699D1F89C0040F001005F
:10A1C000C1F89C001699032081F8980001208DF8B1
:10A1D0005F004DE1E2E716980168886940F00200EF
:10A1E00088611698007C012807D1FFE7169801685E
:10A1F000886920F04000886106E016980168886947
:10A2000040F040008861FFE71698407C012807D1A4
:10A21000FFE716980168886940F48040886106E08D
:10A2200016980168886920F480408861FFE71698D5
:10A23000807C012807D1FFE716980168886920F41F
:10A240008050886106E016980168886940F4805063
:10A250008861FFE716980068806920F44070169ABC
:10A26000116892681043886116980168886920F027
:10A27000A400886116980168086920F01000086140
:10A280001698C068012807D1FFE716980168886909
:10A2900040F0040088612BE01698C06830B3FFE7F7
:10A2A0001698C068022819D0FFE7169801688869D7
:10A2B00040F08000886116980168086940F010003D
:10A2C00008611698C068032807D1FFE7169801684F
:10A2D000886940F020008861FFE706E01698016871
:10A2E000886940F020008861FFE700E0FFE7FFE7B2
:10A2F000169A116853699069D2F81CE0A0F1010C1C
:10A300006FF0FF0000EB0E2040EA4C60126A013A49
:10A3100010430022CFF6FF7202EB03421043C861E4
:10A3200016988068B0F5407F1CD1FFE7169A116837
:10A33000536A906AD2F82CE001386FF0FF0C0CEBF6
:10A340000E2C40EA0C00D2F830C06FF00F0202EB86
:10A350000C1210430022CFF6FF7202EB03421043AF
:10A36000C860FFE71698006E48B1FFE716980168CD
:10A37000426ED1F8C0001043C1F8C000FFE7169943
:10A38000C86D096E084480B1FFE716980068D0F8E0
:10A39000C80020F00700169A1168936E01AA52F8BF
:10A3A00023201043C1F8C800FFE71698006C80B165
:10A3B000FFE716980068D0F8BC0020F00700169A56
:10A3C0001168536C01AA52F823201043C1F8BC0055
:10A3D000FFE71698806C88B1FFE716980068D0F800
:10A3E000BC0020F07000169A1168D36C01AA52F8D4
:10A3F000232040EA0210C1F8BC00FFE71698006D68
:10A4000088B1FFE716980068D0F8BC0020F4E0603F
:10A41000169A1168536D01AA52F8232040EA0220CF
:10A42000C1F8BC00FFE7169800684AF20001C4F2C8
:10A430000001884207D1FFE716984168886820F03C
:10A4400003008860FFE716990020C1F89400169970
:10A45000C1F89C001699012081F898001698FAF727
:10A4600007FF8DF853009DF853008DF85F00FFE75C
:10A470009DF85F0018B080BD80B5C2B0419000204B
:10A4800040903F903E903D903C900CA8C021F6F744
:10A49000EAF8419800684AF20001C4F200018842DB
:10A4A0005FD1FFE700200D904FF400400C904FF07B
:10A4B000805028900CA802F05FFA18B1FFE7FAF775
:10A4C000C7F9FFE740F2DC10C2F200400168013139
:10A4D00001600068012810D1FFE7FFE744F2EC407B
:10A4E000C5F60200016841F480710160006800F463
:10A4F00080700B900B98FFE7FFE7FFE744F2E04026
:10A50000C5F60200016841F008010160006800F032
:10A5100008000A900A98FFE703203C9002213D9131
:10A52000002106913E913F900920409040F6004066
:10A53000C5F602003CA900F08FF9069A132004909A
:10A540000521059100F0E8FC049800F0D9FC05997C
:10A55000069A1520079000F0DFFC079800F0D0FC69
:10A560006AE0419800684AF20041C4F20001884262
:10A5700061D1FFE700200D904FF400400C904FF0A8
:10A58000805028900CA802F0F7F918B1FFE7FAF70D
:10A590005FF9FFE740F2DC10C2F2004001680131D0
:10A5A00001600068012810D1FFE7FFE744F2EC40AA
:10A5B000C5F60200016841F480710160006800F492
:10A5C000807009900998FFE7FFE7FFE744F2E04059
:10A5D000C5F60200016841F002010160006800F068
:10A5E000020008900898FFE74FF440503C9002208A
:10A5F0003D90002002903E9003203F900920409023
:10A6000040F20040C5F602003CA900F025F9029A8C
:10A61000142000900521019100F07EFC009800F0CC
:10A620006FFC0199029A1620039000F075FC0398C4
:10A6300000F066FCFFE7FFE742B080BD00000000CD
:10A6400081B0009001B0704780B582B00190009158
:10A650009DF80000C00728B1FFE701984021FAF7F4
:10A6600057FBFFE702B080BD80B582B0019000913A
:10A670009DF80000C006002805D5FFE7019841219C
:10A68000FAF746FBFFE702B080BD000000000000C3
:10A6900082B00090009890F89800012811D1FFE74F
:10A6A0000099022081F8980000980168886920F0DC
:10A6B0000100886100990020C1F89C008DF8070016
:10A6C0000AE00099D1F89C0040F00400C1F89C0019
:10A6D00001208DF80700FFE79DF8070002B07047E2
:10A6E00083B0019000200090019890F89800022813
:10A6F0005CD1FFE701980168886940F0010088613A
:10A70000FFE7019800688069C007B8B9FFE70098C3
:10A7100033280FD3FFE70199D1F89C0040F00100E6
:10A72000C1F89C000199032081F8980001208DF860
:10A730000B0046E0009801300090E2E70020009016
:10A7400001980168886920F010008861FFE701988E
:10A75000006880690007002817D5FFE700983328B4
:10A760000FD3FFE70199D1F89C0040F00100C1F838
:10A770009C000199032081F8980001208DF80B00BE
:10A780001FE0009801300090E1E7019801688869B6
:10A7900040F00200886101990020C1F89400019AFC
:10A7A000012182F898108DF80B000AE00199D1F888
:10A7B0009C0040F00800C1F89C0001208DF80B00BF
:10A7C000FFE79DF80B0003B0704700000000000099
:10A7D00082B00190009102B07047000000000000BC
:10A7E00082B00190009102B07047000000000000AC
:10A7F00083B002900191009203B070470000000006
:10A8000082B00190009102B070470000000000008B
:10A8100081B0009001B0704781B0009001B07047E6
:10A8200082B00190009102B070470000000000006B
:10A8300082B00190009102B070470000000000005B
:10A8400082B00190009102B070470000000000004B
:10A8500081B0009001B0704790B00F900E91002031
:10A860000D908020C5F600000A90FFE70E98006862
:10A870000D99C840002800F0CF81FFE70E980068CE
:10A880000D9A0121914008400C900C98002800F08E
:10A89000BF81FFE70E98406800F00300012807D051
:10A8A000FFE70E98406800F0030002282FD1FFE771
:10A8B0000F9880680B900D984100032000FA01F179
:10A8C0000B9888430B900E98C0680D99490000FAC8
:10A8D00001F10B9808430B900B980F9988600F9823
:10A8E00040680B900D99012000FA01F10B98884304
:10A8F0000B900E984068C0F300100D9900FA01F11A
:10A900000B9808430B900B980F994860FFE70E983F
:10A91000406800F00300032818D0FFE70F98C068D4
:10A920000B900D984100032000FA01F10B98884329
:10A930000B900E9880680D99490000FA01F10B9870
:10A9400008430B900B980F99C860FFE70E9840687A
:10A9500000F00300022826D1FFE70F980D996FF051
:10A96000030202EA51010844006A0B900D9800F0BE
:10A97000070081000F2000FA01F10B9888430B902B
:10A980000E9800690D9901F00701890000FA01F1A4
:10A990000B9808430B900B980F990D9B02EA5302FA
:10A9A00011440862FFE70F9800680B900D98410072
:10A9B000032000FA01F10B9888430B900E98406831
:10A9C00000F003000D99490000FA01F10B980843CB
:10A9D0000B900B980F9908600E98807980070028DB
:10A9E00000F01581FFE7FFE744F2F440C5F60200EE
:10A9F000016841F002010160006800F00200099066
:10AA00000998FFE70D9820F0030040F20841C5F6D1
:10AA1000000140580B900D9800F0030081000F20BA
:10AA200000FA01F10B9888430B900F980021C5F6AE
:10AA30000201884203D1FFE7002008907AE00F98D6
:10AA400040F20041C5F60201884203D1FFE7012030
:10AA500007906CE00F9840F60001C5F602018842AD
:10AA600003D1FFE7022006905EE00F9840F6004118
:10AA7000C5F60201884203D1FFE70320059050E0AC
:10AA80000F9841F20001C5F60201884203D1FFE7A9
:10AA90000420049042E00F9841F20041C5F6020103
:10AAA000884203D1FFE70520039034E00F9841F678
:10AAB0000001C5F60201884203D1FFE7062002909B
:10AAC00026E00F9841F60041C5F60201884203D105
:10AAD000FFE70720019018E00F9842F20001C5F649
:10AAE0000201884203D1FFE7082000900AE00F9995
:10AAF00042F20042C5F602020A20914208BF092034
:10AB00000090FFE700980190FFE701980290FFE7AF
:10AB100002980390FFE703980490FFE704980590DC
:10AB2000FFE705980690FFE706980790FFE707986C
:10AB30000890FFE708980D9901F00301890000FAD9
:10AB400001F10B9808430B900B980D9921F003012C
:10AB500040F20842C5F6000288504FF0B04000684D
:10AB60000B900C990B9888430B900E988079C00637
:10AB7000002805D5FFE70C990B9808430B90FFE7D9
:10AB80000B984FF0B04108600420C5F60000006843
:10AB90000B900C990B9888430B900E988079800647
:10ABA000002805D5FFE70C990B9808430B90FFE7A9
:10ABB0000B980421C5F6000108600A9840680B90C4
:10ABC0000C990B9888430B900E9880798007002889
:10ABD00005D5FFE70C990B9808430B90FFE70B98FE
:10ABE0000A9948600A9800680B900C990B98884362
:10ABF0000B900E988079C00728B1FFE70C990B984D
:10AC000008430B90FFE70B980A990860FFE7FFE7FE
:10AC10000D9801300D9029E610B07047000000003B
:10AC200082B00190ADF802108DF801209DF801006E
:10AC300028B1FFE7BDF802000199886105E0BDF881
:10AC40000200000401998861FFE702B0704700002C
:10AC500041F20000C5F600400068000C704700009B
:10AC60004FF2DC60C2F20040006870470000000054
:10AC700040F20C10C2F2004002784FF2DC61C2F2E6
:10AC800000410868104408607047000000000000A0
:10AC900080B582B0032000F057F903F0A1F944F227
:10ACA0001842C5F602021168C1F303234CF22C418D
:10ACB000C0F60101CB5C03F01F03D8400090009860
:10ACC000126802F00F02895C01F01F01C84040F2D7
:10ACD0002801C2F200410860009840F22401C2F24B
:10ACE000004108600F2000F013F820B1FFE70120B9
:10ACF0008DF8070005E000F0E7F800208DF8070068
:10AD0000FFE79DF8070002B080BD000000000000D2
:10AD100080B590B00E900E980F2810D8FFE70E99CE
:10AD200037200090002200F0F7F8009800F0E8F8D3
:10AD30000E9840F21011C2F20041086003E00120B9
:10AD40008DF83F004EE0FFE744F2E840C5F6020010
:10AD5000016841F020010160006800F020000190CE
:10AD60000198FFE706A802A903F0A2F80B98049047
:10AD7000049820B9FFE703F00BF9059004E003F015
:10AD800007F940000590FFE705984DF68361C4F28E
:10AD90001B31A0FB01014FF0FF3000EB914003900D
:10ADA00046F2A050C2F2004041F20041C4F200015C
:10ADB000016040F2E731C160039941600021016107
:10ADC000816004F045FA48B9FFE746F2A050C2F2AC
:10ADD000004004F095FA8DF83F0003E001208DF863
:10ADE0003F00FFE79DF83F0010B080BD000000006D
:10ADF00010B581B00090009840784EF69851CEF290
:10AE0000000108604EF6A051CEF20001086820F063
:10AE100001000860009840684EF69C52CEF2000295
:10AE20001060DDF800E09EF80C0000079EF80B2093
:10AE300040EA02609EF800209EF808309EF809C0A3
:10AE40009EF80A4040EAC4409EF80D4040EA844023
:10AE50009EF80E4040EA44409EF80FE040EA0E4063
:10AE600040EA0C2040EA43001043086001B010BDE6
:10AE7000BFF35F8F4EF62451CEF20001086820F434
:10AE8000803008604EF69451CEF200010020086038
:10AE9000704700000000000081B00090009840F072
:10AEA00001004EF69451CEF2000108604EF6245196
:10AEB000CEF20001086840F480300860BFF34F8F85
:10AEC000BFF36F8F01B0704780B582B0FFE744F2E7
:10AED000F440C5F60200016841F00201016000681B
:10AEE00000F0020001900198FFE76FF001000F21D0
:10AEF000002200F011F802B080BD00000000000048
:10AF000080B582B0ADF80600BDF906000CF0C8FAB5
:10AF100002B080BD0000000080B586B0ADF816001C
:10AF2000049103920CF0D4FA0290BDF9160001903E
:10AF300002980499039A06F0FFF8014601980CF074
:10AF4000F3FA06B080BD000080B582B00190019890
:10AF50000CF00EFB02B080BD82B001900198006839
:10AF6000009001990120C1F8D8040199002081F8CE
:10AF7000CC04009A916941F000619161009A516D91
:10AF80000323C1F200031943516502B0704700006A
:10AF900082B001908DF8031002B0704700000000ED
:10AFA00082B00190ADF80210BDF802000199096865
:10AFB0004862002002B0704784B003908DF80B10F7
:10AFC000ADF8082003980068406A00909DF80B00D7
:10AFD00048B9FFE7BDF80810009840EA014003991E
:10AFE0000968886233E003980068816A009800EB82
:10AFF0001140009000208DF80700FFE79DF8070042
:10B000009DF80B100139884213D2FFE703980068BE
:10B010009DF8071000EB8100D0F80411009800EBB8
:10B0200011400090FFE79DF8070001308DF8070000
:10B03000E4E7BDF80810009840EA01400399096868
:10B040009DF80B2001EB8201C1F80001FFE7002011
:10B0500004B070470000000080B582B001900198F4
:10B06000D0F8E00409F014FF02B080BD0000000039
:10B0700080B582B001908DF80310019AD2F8E004F7
:10B080009DF8031001EBC10302EB8302126A09F081
:10B090005BFD02B080BD000080B582B001908DF8EC
:10B0A0000310019AD2F8E0049DF8031001EBC103EC
:10B0B00002EB8302D2F8602209F00EFE02B080BDDE
:10B0C00080B582B001900198D0F8E00409F0E8FE64
:10B0D00002B080BD0000000080B584B003908DF800
:10B0E0000B109DF80B00000600280CD5FFE7039815
:10B0F0009DF80B1001F00F0101EBC10100EB810085
:10B10000143001900CE003989DF80B1001F00F0132
:10B1100001EBC10100EB810000F515700190FFE724
:10B120000398006801990BF077FC8DF80A009DF8F0
:10B130000A0004B080BD000080B584B002908DF894
:10B1400007109DF80700000600280FD5FFE70298BA
:10B150009DF8071001F00F0101EBC10100EB810028
:10B16000143000900099012048700FE002989DF87B
:10B17000071001F00F0101EBC10100EB810000F5A8
:10B1800015700090009900204870FFE79DF80700B7
:10B1900000F00F0000990870FFE7029890F89404FF
:10B1A000012804D1FFE702208DF80F0014E0029976
:10B1B000012081F89404FFE7FFE7029800680099F6
:10B1C0000AF012FFFFE70299002081F89404FFE7DC
:10B1D00000208DF80F00FFE79DF80F0004B080BD40
:10B1E00080B584B002908DF807109DF8070000F03C
:10B1F0000F0002990979884204D9FFE701208DF8F0
:10B200000F004DE09DF80700000600280FD5FFE76E
:10B2100002989DF8071001F00F0101EBC10100EB4E
:10B220008100143000900099012048700FE00298CE
:10B230009DF8071001F00F0101EBC10100EB810047
:10B2400000F515700090009900204870FFE7009904
:10B25000002088709DF8070000F00F00009908702A
:10B26000FFE7029890F89404012804D1FFE7022038
:10B270008DF80F0014E00299012081F89404FFE793
:10B28000FFE70298006800990BF026F9FFE70299A2
:10B29000002081F89404FFE700208DF80F00FFE7FD
:10B2A0009DF80F0004B080BD82B001908DF80310AE
:10B2B00001989DF8031001F00F0101EBC10100EBB3
:10B2C0008100D0F8680202B0704700000000000062
:10B2D00080B586B004908DF80F10ADF80C208DF875
:10B2E0000B3000208DF80A009DF80F0000060028A2
:10B2F0000FD5FFE704989DF80F1001F00F0101EB47
:10B30000C10100EB810014300190019901204870C7
:10B310000FE004989DF80F1001F00F0101EBC1013F
:10B3200000EB810000F51570019001990020487034
:10B33000FFE79DF80F0000F00F0001990870BDF8BD
:10B340000C006FF3DF20019988609DF80B000199D4
:10B3500008710198407820B1FFE701990878488387
:10B36000FFE79DF80B00022804D1FFE701990020B8
:10B370004871FFE7FFE7049890F89404012804D18E
:10B38000FFE702208DF8170015E00499012081F8ED
:10B390009404FFE7FFE70498006801990AF0E8FCCD
:10B3A000FFE70499002081F89404FFE79DF80A0064
:10B3B0008DF81700FFE79DF8170006B080BD00006C
:10B3C00080B586B005908DF813100392029305980E
:10B3D0009DF8131001F00F0101EBC10100EB81009A
:10B3E00000F51570019003980199C86002980199C1
:10B3F0000861019900204861019948709DF8130087
:10B4000000F00F000199087005988079012804D197
:10B41000FFE703980199C861FFE7059A1068019951
:10B4200092790BF0FDF8002006B080BD000000000E
:10B4300080B584B002908DF807109DF8070000F0E9
:10B440000F0002990979884204D9FFE701208DF89D
:10B450000F0058E09DF80700000600280FD5FFE711
:10B4600002989DF8071001F00F0101EBC10100EBFC
:10B470008100143000900099012048700DE002987E
:10B480009DF8071001EBC10100EB810000F515707C
:10B490000090009900204870FFE700990120887013
:10B4A0009DF8070000F00F0000990870FFE7029870
:10B4B00090F89404012804D1FFE702208DF80F00D2
:10B4C00021E00299012081F89404FFE7FFE7029848
:10B4D000006800990BF050F89DF80700000740B98C
:10B4E000FFE7029A1068917902F29C420AF0A4FFE9
:10B4F000FFE7FFE70299002081F89404FFE70020AE
:10B500008DF80F00FFE79DF80F0004B080BD00002C
:10B5100080B586B005908DF81310039202930598BC
:10B520009DF8131001F00F0101EBC10100EB810048
:10B530001430019003980199C8600298019908613C
:10B540000199002048610199012048709DF813007D
:10B5500000F00F000199087005988079012804D146
:10B56000FFE703980199C861FFE7059A1068019900
:10B5700092790BF055F8002006B080BD0000000065
:10B5800080B58CB00B900B9800680A900A980990CF
:10B590000B9800680BF080FB002840F03484FFE734
:10B5A0000B9800680BF044FC10B9FFE700F02BBCCF
:10B5B0000998D0F80808C0F30D200B99C1F8D404FD
:10B5C0000B9800680BF034FC8007002807D5FFE7D4
:10B5D0000B980168486900F002004861FFE70B988A
:10B5E00000680BF025FCC006002862D5FFE70B9829
:10B5F0000168886920F0100088610A98006A02904A
:10B600000B98029901F00F0101EBC10100EB8100E1
:10B6100000F515700890029800F4F0110220B0EBCC
:10B62000514F23D1FFE7BDF8080047F6F0710842FB
:10B630001BD0FFE70A980899C968029AC2F30A1258
:10B640000BF006FC029847F6F07100EA0103089A35
:10B65000D06800EB1310D060029800EA010208994C
:10B66000486900EB12104861FFE71BE0029800F404
:10B67000F0110620B0EB514F12D1FFE70A980B9959
:10B6800001F29C4108220BF0E3FB029847F6F071AF
:10B6900000EA01020899486900EB1210486100E0D5
:10B6A000FFE7FFE70B980168886940F010008861A8
:10B6B000FFE70B9800680BF0BBFB0003002840F18C
:10B6C000A680FFE7002004900B9800680BF05CFB5D
:10B6D0000690FFE70698002800F09880FFE79DF8A5
:10B6E0001800C007002800F08A80FFE70B98006868
:10B6F0009DF810100BF084FB05909DF81400C00716
:10B7000060B1FFE70998049900EB41110120C1F8ED
:10B71000080B0B98049905F097FDFFE79DF81400BE
:10B72000000700280CD5FFE70998049900EB4111A8
:10B730000820C1F8080B0B98049905F03DFDFFE7C0
:10B740009DF81400C006002808D5FFE70998049961
:10B7500000EB41111020C1F8080BFFE79DF8140021
:10B76000800700282DD5FFE70A98406900060028C9
:10B7700008D5FFE70999D1F8040840F48060C1F8C2
:10B780000408FFE70B98049901EBC10100EB81006D
:10B7900000F5157008900898C078012809D1FFE7D6
:10B7A00008990020C8700B989DF8101000F040FB1D
:10B7B000FFE70998049900EB41110220C1F8080B3A
:10B7C000FFE79DF814008006002808D5FFE70998D8
:10B7D000049900EB41112020C1F8080BFFE79DF808
:10B7E00015008006002809D5FFE70998049900EBA9
:10B7F00041114FF40050C1F8080BFFE7FFE7049830
:10B800000130049006984008069063E7FFE70B9824
:10B8100000680BF00DFB4003002840F1C680FFE7F5
:10B820000B9800680BF09CFA069000200490FFE74C
:10B830000698002800F0B880FFE79DF81800C007C0
:10B84000002800F0AA80FFE70B9800689DF8101010
:10B850000BF0AEFA05909DF81400C00700283ED00A
:10B86000FFE7049800F00F01012000FA01F10391B5
:10B87000039B099AD2F834189943C2F834180999ED
:10B88000049A01EB4211C1F808090B98807901284C
:10B890001FD1FFE70B98049901EBC10100EB810177
:10B8A000CA69086A10440862049888B9FFE70B98CF
:10B8B000049901EBC10100EB8100406A40B9FFE748
:10B8C0000B99086801F29C4201210AF0B5FDFFE7DF
:10B8D000FFE70B989DF81010FFF7CAFBFFE79DF8F4
:10B8E00014000007002808D5FFE70998049900EB29
:10B8F00041110820C1F80809FFE79DF81400C006AF
:10B90000002808D5FFE70998049900EB41111020A1
:10B91000C1F80809FFE79DF814004006002808D583
:10B92000FFE70998049900EB41114020C1F808098C
:10B93000FFE79DF814008007002822D5FFE70A984A
:10B9400004990BF041F90B98049901EBC10100EB4C
:10B950008100143008900898C078012809D1FFE7C9
:10B9600008990020C8700B989DF8101000F050FA4C
:10B97000FFE70998049900EB41110220C1F808097A
:10B98000FFE79DF814000006002805D5FFE70B9897
:10B99000049905F03DFDFFE7FFE7049801300490AE
:10B9A00006984008069043E7FFE70B9800680BF005
:10B9B0003FFAC00F00B3FFE70999D1F8040820F05F
:10B9C0000100C1F804080B9890F8CC04012808D1B4
:10B9D000FFE70B98002180F8CC140B98FFF7D8FAFA
:10B9E00003E00B9800F0F0FBFFE70B980168486953
:10B9F00000F000404861FFE70B9800680BF018FA70
:10BA00000005002811D5FFE70998D0F80808C007FD
:10BA100020B1FFE70B9800F06BFCFFE70B98016883
:10BA2000486900F400604861FFE70B9800680BF07C
:10BA3000FFF90001002820D5FFE70B98016848694D
:10BA400000F0006048610B9890F8CC0480B9FFE7E3
:10BA50000B98012180F8CC140B980068406DC0F35E
:10BA600083000B9AC2F8D0040B98FFF791FA03E019
:10BA70000B9800F03DFCFFE7FFE70B9800680BF028
:10BA8000D7F9C004002840F18680FFE70999D1F872
:10BA9000040820F00100C1F804080B980068102188
:10BAA0000BF092F800200790FFE707980B990979AF
:10BAB000884231D2FFE70998079900EB41114FF610
:10BAC0007F30C1F808090999079A01EB4212D2F8B0
:10BAD000001921F40011C2F800190999079A01EB25
:10BAE0004211C1F8080B0998079900EB4111D1F8F0
:10BAF000000B20F40010C1F8000B0998079900EB27
:10BB00004111D1F8000B40F00060C1F8000BFFE7D5
:10BB1000079801300790C8E70999D1F81C0840F050
:10BB20000110C1F81C080B98C07B78B1FFE7099998
:10BB3000D1F8840840F00B00C1F884080999D1F8C5
:10BB4000440840F00B00C1F844080FE00999D1F80F
:10BB5000140842F22B021043C1F814080999D1F8D5
:10BB6000100840F00B00C1F81008FFE70999D1F860
:10BB7000000820F4FE60C1F800080B9A1068917963
:10BB800002F29C420AF058FC0B980168486900F4E4
:10BB900080504861FFE70B9800680BF049F980047A
:10BBA00000281FD5FFE70B9800680AF051F90B98A1
:10BBB00000680BF049F80B99C8710B980068019068
:10BBC00002F0BAF9014601980B9AD2790BF0C8FA43
:10BBD0000B9800F0CDFA0B980168486900F400500A
:10BBE0004861FFE70B9800680BF022F90007002876
:10BBF0000AD5FFE70B9800F0F3FA0B980168486943
:10BC000000F008004861FFE70B9800680BF010F99E
:10BC10000006002825D5FFE70A99886920F08000F2
:10BC2000886101200490FFE704980B990979884204
:10BC300016D2FFE70B98049901EBC10100EB8100DC
:10BC400090F85702012806D1FFE70B989DF81010D5
:10BC5000FFF742FAFFE7FFE7049801300490E3E7BB
:10BC6000FFE70B9800680BF0E3F8C00200283CD512
:10BC7000FFE701200490FFE704980B9909798842B7
:10BC80002CD2FFE70998049900EB4110D0F8000985
:10BC900002900B98049901EBC10100EB8100007E3A
:10BCA000012816D1FFE79DF80B000006002810D5EB
:10BCB000FFE70B98049901EBC10100EB8101012022
:10BCC000C8750B989DF8101041F08001FFF704FA39
:10BCD000FFE7FFE7049801300490CDE70B98016877
:10BCE000486900F480104861FFE70B9800680BF08A
:10BCF0009FF88002002856D5FFE701200490FFE757
:10BD000004980B990979884246D2FFE7099804996B
:10BD100000EB4110D0F8000B02900B98049901EB56
:10BD2000C10100EB810090F8580201282FD1FFE7F4
:10BD30009DF80B000006002829D5FFE7029800F4C3
:10BD400080310B98D0F8D40400F00100B0EB114F13
:10BD50001DD1FFE70B98049901EBC10100EB8101B4
:10BD6000012081F857020A99886940F080008861B3
:10BD70000A9840690006002808D4FFE70999D1F81D
:10BD8000040840F40070C1F8040805E0FFE7FFE78D
:10BD9000049801300490B3E70B980168486900F4F7
:10BDA00000104861FFE70B9800680BF041F8400075
:10BDB00000280AD5FFE70B98FFF74EF90B980168AA
:10BDC000486900F080404861FFE70B9800680BF07D
:10BDD0002FF84007002815D5FFE70B98006840684A
:10BDE00002909DF808004007002804D5FFE70B9853
:10BDF000FFF766F9FFE7029A0B980168486810435D
:10BE00004860FFE7FFE70CB080BD000000000000C5
:10BE100080B582B001908DF803100198D0F8E0044D
:10BE20009DF8031009F0E0F802B080BD00000000AA
:10BE300080B582B001908DF803100198D0F8E0042D
:10BE40009DF8031009F008F902B080BD0000000061
:10BE500080B58CB00A900A9820B9FFE701208DF8D0
:10BE60002F000EE10A9890F8950440B9FFE70A996F
:10BE7000002081F894040A9800F00AF9FFE70A9973
:10BE8000032081F895040A9800680AF0C9FA0A9B11
:10BE90001868197C8DF8201059689A68DB68079338
:10BEA000069205910599069A079BDDF820C0EE469B
:10BEB000CEF800C009F0E4FF40B1FFE70A99022084
:10BEC00081F8950401208DF82F00DAE00A980068C7
:10BED00000210BF0A5F840B1FFE70A99022081F894
:10BEE000950401208DF82F00CBE000208DF827006D
:10BEF000FFE79DF827000A990979884241DAFFE7B0
:10BF00000A989DF8271001EBC10100EB8101012087
:10BF100048759DF827000A9900EBC00201EB8201E9
:10BF200008759DF827000A9900EBC00201EB820119
:10BF3000C8850A989DF8271001EBC10100EB81012B
:10BF4000002008760A999DF8272002EBC20201EB37
:10BF50008201C8610A999DF8272002EBC20201EB19
:10BF6000820108620A999DF8272002EBC20201EBC8
:10BF700082014862FFE79DF8270001308DF8270015
:10BF8000B7E700208DF82700FFE79DF827000A9902
:10BF9000097988423EDAFFE70A989DF8271001EBFD
:10BFA000C10100EB8101002081F855029DF82710A6
:10BFB0000A9A01EBC10302EB830282F854120A9938
:10BFC0009DF8272002EBC20201EB820181F85802A2
:10BFD0000A999DF8272002EBC20201EB8201C1F809
:10BFE0005C020A999DF8272002EBC20201EB820154
:10BFF000C1F860020A999DF8272002EBC20201EB0A
:10C000008201C1F86402FFE79DF8270001308DF836
:10C010002700BAE70A9B1868197C8DF81010596838
:10C020009A68DB680393029201910199029A039B3B
:10C03000DDF810C0EE46CEF800C00AF0A9F840B115
:10C04000FFE70A99022081F8950401208DF82F005E
:10C0500017E00A99002048740A99012081F8950494
:10C060000A98007B012804D1FFE70A98FEF774FFC5
:10C07000FFE70A9800680AF073F800208DF82F0097
:10C08000FFE79DF82F000CB080BD0000000000000D
:10C0900080B5BAB0399000203890379036903590FE
:10C0A000349004A8C021F4F7DEFA39980068002122
:10C0B000C4F20801884257D1FFE7002005904FF4F1
:10C0C0008021049105210E9160210F910221109190
:10C0D0000A22119212914FF40061139115904FF4BE
:10C0E0000010269004A800F047FC18B1FFE7F8F70D
:10C0F000AFFBFFE700F070F9FFE744F2E040C5F660
:10C100000200016841F001010160006800F00100D7
:10C1100003900398FFE74FF4C0503490022035900D
:10C120000020369037900A2038900020C5F6020093
:10C1300034A9FEF791FBFFE744F2D840C5F60200B0
:10C14000016841F000610160006800F00060029049
:10C150000298FFE76520019005210022FEF7DCFE32
:10C160000198FEF7CDFEFFE73AB080BD0000000069
:10C1700080B582B0019001208DF803000198C0794C
:10C1800020B9FFE700208DF803000CE00198C0798A
:10C19000022804D1FFE701208DF8030002E0F8F740
:10C1A00057FBFFE7FFE70198D0F8E0049DF8031084
:10C1B00009F05AF80198D0F8E00408F0D1FF02B075
:10C1C00080BD00000000000080B582B001900198A1
:10C1D000D0F8E00409F014F802B080BD00000000BF
:10C1E00080B582B001900198D0F8E00409F01CF805
:10C1F00002B080BD0000000080B584B002908DF8D0
:10C200000710FFE7029890F89404012804D1FFE793
:10C2100002208DF80F0019E00299012081F89404A2
:10C22000FFE7FFE79DF8070002994874029800684D
:10C230009DF807100AF064FFFFE70299002081F8DB
:10C240009404FFE700208DF80F00FFE79DF80F0032
:10C2500004B080BD0000000080B582B0019001995B
:10C26000D1F8E00401F29C4109F02AF802B080BD47
:10C2700080B584B00290029800680190FFE70298B0
:10C2800090F89404012804D1FFE702208DF80F00F4
:10C2900028E00299012081F89404FFE7FFE7019864
:10C2A000C068400600280BD5FFE70298407B0128B4
:10C2B00006D1FFE70199886B40F480308863FFE77F
:10C2C000029800680AF038FC0298006809F030FF14
:10C2D000FFE70299002081F89404FFE700208DF821
:10C2E0000F00FFE79DF80F0004B080BD00000000C4
:10C2F00080B582B001900198D0F8E00409F068F8A8
:10C3000001980168D1F8000E40F00100C1F8000E5C
:10C310000198C07A48B1FFE74EF61051CEF2000105
:10C32000086840F006000860FFE702B080BD00002A
:10C3300080B584B0029044F60C00C5F60200006897
:10C3400000F004010020B0EB910F13D1FFE744F699
:10C350000C00C5F60200006800F007000299884250
:10C3600004D0FFE701208DF80F002EE000208DF8AB
:10C370000F002AE044F60C01C5F60201086820F01F
:10C380000700029A10430860FEF76AFC0190FFE77D
:10C3900044F60400C5F60200006800F400510020D5
:10C3A000B0EB513F0DD1FFE7FEF75AFC0199401A5F
:10C3B000B0F57A7F04D9FFE701208DF80F0004E083
:10C3C000E6E700208DF80F00FFE79DF80F0004B0AE
:10C3D00080BD00000000000044F60C01C5F602011B
:10C3E000086840F08070086070470000000000009E
:10C3F00080B501F0A1FD44F22041C5F602010968B3
:10C40000C1F302124CF22C41C0F60101895C01F02B
:10C410001F01C84080BD000088B0079044F228404A
:10C42000C5F60200016801F0030106910068C0F33F
:10C430000530059044F22C40C5F602000068C0F3B8
:10C4400000100490049844F23C41C5F602010968CA
:10C4500089B2C908484300EE100AB8EE400A8DEDD3
:10C46000020A0598002800F01B81FFE7069800905B
:10C4700048B1FFE70098012869D0FFE7009802283B
:10C4800000F08980ABE044F20040C5F6020000688D
:10C4900000F020010020B0EB511F33D0FFE744F241
:10C4A0000040C5F602000068C0F3C10149F2000077
:10C4B000C0F2D030C84003909DED030AB8EE400AA8
:10C4C0009DED051AB8EE411A80EE010A44F238409B
:10C4D000C5F6020000686FF35F2001EE100AB8EEA7
:10C4E000411A9DED022A9FED743A82EE032A31EE45
:10C4F000021AB7EE002A31EE021A20EE010A8DED83
:10C50000010A23E09DED050AB8EE401A9FED6C0A82
:10C5100080EE010A44F23840C5F6020000686FF36D
:10C520005F2001EE100AB8EE411A9DED022A9FED40
:10C53000623A82EE032A31EE021AB7EE002A31EE99
:10C54000021A20EE010A8DED010AFFE76BE09DED76
:10C55000050AB8EE401A9FED590A80EE010A44F22E
:10C560003840C5F6020000686FF35F2001EE100A44
:10C57000B8EE411A9DED022A9FED4F3A82EE032A52
:10C5800031EE021AB7EE002A31EE021A20EE010A4D
:10C590008DED010A47E09DED050AB8EE401A9FEDCA
:10C5A000450A80EE010A44F23840C5F602000068F0
:10C5B0006FF35F2001EE100AB8EE411A9DED022ADA
:10C5C0009FED3D3A82EE032A31EE021AB7EE002AC1
:10C5D00031EE021A20EE010A8DED010A23E09DEDF5
:10C5E000050AB8EE401A9FED350A80EE010A44F2C2
:10C5F0003840C5F6020000686FF35F2001EE100AB4
:10C60000B8EE411A9DED022A9FED2B3A82EE032AE5
:10C6100031EE021AB7EE002A31EE021A20EE010ABC
:10C620008DED010AFFE79DED010A44F23840C5F6A1
:10C630000200016889B2490A01EE101AB8EE411AE7
:10C64000B7EE002A31EE021A80EE010A0799BCEE1D
:10C65000C00A81ED000A9DED010A0168C1F306419F
:10C6600001EE101AB8EE411A31EE021A80EE010AFC
:10C670000799BCEEC00A81ED010A9DED010A006830
:10C68000C0F3066001EE100AB8EE411A31EE021A4C
:10C6900080EE010A0798BCEEC00A80ED020A07E0AE
:10C6A0000799002008600799486007998860FFE7AC
:10C6B00008B0704720BCBE4B000000460024744AFE
:10C6C0000024744C0000000088B0079044F2284019
:10C6D000C5F60200016801F0030106910068C0F38D
:10C6E0000550059044F22C40C5F602000068C0F3E6
:10C6F00000200490049844F24441C5F60201096800
:10C7000089B2C908484300EE100AB8EE400A8DED20
:10C71000020A0598002800F01B81FFE706980090A8
:10C7200048B1FFE70098012869D0FFE70098022888
:10C7300000F08980ABE044F20040C5F602000068DA
:10C7400000F020010020B0EB511F33D0FFE744F28E
:10C750000040C5F602000068C0F3C10149F20000C4
:10C76000C0F2D030C84003909DED030AB8EE400AF5
:10C770009DED051AB8EE411A80EE010A44F24040E0
:10C78000C5F6020000686FF35F2001EE100AB8EEF4
:10C79000411A9DED022A9FED743A82EE032A31EE92
:10C7A000021AB7EE002A31EE021A20EE010A8DEDD0
:10C7B000010A23E09DED050AB8EE401A9FED6C0AD0
:10C7C00080EE010A44F24040C5F6020000686FF3B3
:10C7D0005F2001EE100AB8EE411A9DED022A9FED8E
:10C7E000623A82EE032A31EE021AB7EE002A31EEE7
:10C7F000021A20EE010A8DED010AFFE76BE09DEDC4
:10C80000050AB8EE401A9FED590A80EE010A44F27B
:10C810004040C5F6020000686FF35F2001EE100A89
:10C82000B8EE411A9DED022A9FED4F3A82EE032A9F
:10C8300031EE021AB7EE002A31EE021A20EE010A9A
:10C840008DED010A47E09DED050AB8EE401A9FED17
:10C85000450A80EE010A44F24040C5F60200006835
:10C860006FF35F2001EE100AB8EE411A9DED022A27
:10C870009FED3D3A82EE032A31EE021AB7EE002A0E
:10C8800031EE021A20EE010A8DED010A23E09DED42
:10C89000050AB8EE401A9FED350A80EE010A44F20F
:10C8A0004040C5F6020000686FF35F2001EE100AF9
:10C8B000B8EE411A9DED022A9FED2B3A82EE032A33
:10C8C00031EE021AB7EE002A31EE021A20EE010A0A
:10C8D0008DED010AFFE79DED010A44F24040C5F6E7
:10C8E0000200016889B2490A01EE101AB8EE411A35
:10C8F000B7EE002A31EE021A80EE010A0799BCEE6B
:10C90000C00A81ED000A9DED010A0168C1F30641EC
:10C9100001EE101AB8EE411A31EE021A80EE010A49
:10C920000799BCEEC00A81ED010A9DED010A00687D
:10C93000C0F3066001EE100AB8EE411A31EE021A99
:10C9400080EE010A0798BCEEC00A80ED020A07E0FB
:10C950000799002008600799486007998860FFE7F9
:10C9600008B0704720BCBE4B000000460024744A4B
:10C970000024744C0000000080B59AB0189000208C
:10C980008DF857008DF856001898C07800070028D9
:10C9900048D5FFE71898806E149078B1FFE7149897
:10C9A000B0F5801F13D0FFE71498B0F5001F16D024
:10C9B000FFE71498B0F5401F19D019E044F22C415C
:10C9C000C5F60201086840F40030086014E01898C9
:10C9D0000830022104F0F8FE8DF857000CE018989A
:10C9E0002830022104F0D8FF8DF8570004E003E05E
:10C9F00001208DF85700FFE79DF8570060B9FFE769
:10CA000044F25041C5F60201086820F44010189A1B
:10CA1000926E1043086004E09DF857008DF85600B0
:10CA2000FFE7FFE718984078C007002840D0FFE7ED
:10CA30001898806D1390042820D81399DFE801F02E
:10CA4000030C141C1D0044F22C41C5F602010868B9
:10CA500040F40030086015E018980830002104F018
:10CA6000B3FE8DF857000DE018982830002104F02F
:10CA700093FF8DF8570005E004E003E001208DF8F6
:10CA80005700FFE79DF8570060B9FFE744F25041B7
:10CA9000C5F60201086820F00700189A926D10434D
:10CAA000086004E09DF857008DF85600FFE7FFE7A7
:10CAB00018984078800700284BD5FFE71898C06D7C
:10CAC000129088B1FFE71298402816D0FFE712981D
:10CAD00080281AD0FFE71298C0281ED0FFE71298CE
:10CAE000B0F5807F1AD01AE044F22C41C5F602015D
:10CAF000086840F40030086015E0189808300021FC
:10CB000004F062FE8DF857000DE0189828300021DF
:10CB100004F042FF8DF8570005E004E003E0012037
:10CB20008DF85700FFE79DF8570060B9FFE744F222
:10CB30005041C5F60201086820F4E070189AD26DE1
:10CB40001043086004E09DF857008DF85600FFE799
:10CB5000FFE7189840784007002850D5FFE718985D
:10CB6000D0F8A8001190A0B1FFE71198B0F5001F10
:10CB700018D0FFE71198B0F5800F1BD0FFE7119890
:10CB8000B0F5C00F1ED0FFE71198B0F5000F1AD016
:10CB90001AE044F22C41C5F60201086840F4003066
:10CBA000086015E018980830002104F00DFE8DF89B
:10CBB00057000DE018982830002104F0EDFE8DF8A4
:10CBC000570005E004E003E001208DF85700FFE77F
:10CBD0009DF8570068B9FFE744F25841C5F60201D5
:10CBE000086820F46000189AD2F8A8201043086062
:10CBF00004E09DF857008DF85600FFE7FFE718980E
:10CC000040780007002850D5FFE71898D0F8AC000E
:10CC10001090A0B1FFE71098B0F1807F18D0FFE727
:10CC20001098B0F1007F1BD0FFE71098B0F1407F63
:10CC30001ED0FFE71098B0F1806F1AD01AE044F2CE
:10CC40002C41C5F60201086840F40030086015E088
:10CC500018980830002104F0B7FD8DF857000DE05A
:10CC600018982830002104F097FE8DF8570005E051
:10CC700004E003E001208DF85700FFE79DF857001E
:10CC800068B9FFE744F25841C5F60201086820F090
:10CC9000E060189AD2F8AC201043086004E09DF8D8
:10CCA00057008DF85600FFE7FFE71898C078800717
:10CCB00000283ED5FFE71898C06C0F90F0B1FFE751
:10CCC0000F98102808D0FFE70F9820280DD0FFE715
:10CCD0000F98302811D012E044F22C41C5F6020121
:10CCE000086840F4003008600DE018980830022110
:10CCF00004F06AFD8DF8570005E004E003E0012030
:10CD00008DF85700FFE79DF8570060B9FFE744F240
:10CD10004C41C5F60201086820F03000189AD26C28
:10CD20001043086004E09DF857008DF85600FFE7B7
:10CD3000FFE718984078C00600284ED5FFE71898FE
:10CD4000006E0E90A0B1FFE70E98B0F5805F18D08E
:10CD5000FFE70E98B0F5005F1BD0FFE70E98B0F527
:10CD6000405F1ED0FFE70E98B0F5804F1AD01AE052
:10CD700044F22C41C5F60201086840F40030086016
:10CD800015E018980830002104F01EFD8DF85700BA
:10CD90000DE018982830002104F0FEFD8DF85700B2
:10CDA00005E004E003E001208DF85700FFE79DF85F
:10CDB000570060B9FFE744F25041C5F60201086828
:10CDC00020F4E040189A126E1043086004E09DF8C9
:10CDD00057008DF85600FFE7FFE718984078800667
:10CDE00000284CD5FFE71898406E0D90C8B1FFE7BA
:10CDF0000D98B0F5803F15D0FFE70D98B0F5003FD6
:10CE000018D0FFE70D98B0F5403F1BD0FFE70D9815
:10CE1000B0F5802F17D0FFE70D98B0F5A02F13D0F5
:10CE200013E016E018980830012104F0CDFC8DF8CD
:10CE300057000EE018982830012104F0ADFD8DF860
:10CE4000570006E005E004E003E001208DF85700FC
:10CE5000FFE79DF8570060B9FFE744F25041C5F67F
:10CE60000201086820F4E020189A526E104308600E
:10CE700004E09DF857008DF85600FFE7FFE718988B
:10CE80004078400600284ED5FFE71898D0F8B0004B
:10CE90000C90C8B1FFE70C98B0F1805F15D0FFE7A8
:10CEA0000C98B0F1005F18D0FFE70C98B0F1405F2C
:10CEB0001BD0FFE70C98B0F1804F17D0FFE70C981C
:10CEC000B0F1A04F13D013E016E0189808300121FC
:10CED00004F07AFC8DF857000EE0189828300121F4
:10CEE00004F05AFD8DF8570006E005E004E003E089
:10CEF00001208DF85700FFE79DF8570068B9FFE75C
:10CF000044F25841C5F60201086820F0E040189A42
:10CF1000D2F8B0201043086004E09DF857008DF867
:10CF20005600FFE7FFE718984078000600283BD539
:10CF3000FFE71898006F0B90D8B1FFE70B98B0F19E
:10CF4000805F05D0FFE70B98B0F1005F09D011E0DA
:10CF500044F22C41C5F60201086840F40030086034
:10CF60000CE018980830012104F02EFC8DF85700D1
:10CF700004E003E001208DF85700FFE79DF857001B
:10CF800060B9FFE744F25041C5F60201086820F09D
:10CF90004050189A126F1043086004E09DF8570043
:10CFA0008DF85600FFE7FFE71898C078C007002803
:10CFB00037D0FFE71898806C0A90032817D80A9991
:10CFC000DFE801F014020B1344F22C41C5F6020114
:10CFD000086840F4003008600DE01898083002211D
:10CFE00004F0F2FB8DF8570005E004E003E00120B7
:10CFF0008DF85700FFE79DF8570060B9FFE744F24E
:10D000004C41C5F60201086820F00300189A926CA2
:10D010001043086004E09DF857008DF85600FFE7C4
:10D02000FFE7189880784006002840F1B480FFE7B9
:10D0300044F60001C5F60201086840F480700860FB
:10D04000FDF70EFE1690FFE744F60000C5F602005D
:10D050000068C00500280CD4FFE7FDF701FE169913
:10D06000401A652804D3FFE703208DF8570000E03D
:10D07000EAE79DF85700002840F08780FFE744F278
:10D080007040C5F60200006800F440701899D1F8AD
:10D09000B41001F44071884213D0FFE744F27041AC
:10D0A000C5F60201086820F440701790086840F443
:10D0B00080300860086820F48030086017980860A5
:10D0C000FFE71898D0F8B400B0F5807F1FD1FFE7D4
:10D0D000FDF7C6FD1690FFE744F27040C5F602006A
:10D0E000006800F002010020B0EB510F0ED1FFE705
:10D0F000FDF7B6FD1699401A41F28931884204D3F2
:10D10000FFE703208DF8570000E0E5E7FFE79DF813
:10D110005700A0BBFFE7FFE71898D0F8B40000F471
:10D120004070B0F5407F13D1FFE744F21041C5F6DF
:10D130000201086820F47C50189AD2F8B4204FF607
:10D14000F043C0F6FF731A4040EA1210086008E08E
:10D1500044F21041C5F60201086820F47C500860D2
:10D16000FFE71898D0F8B4206FF31F3244F27041F3
:10D17000C5F60201086810430860FFE704E09DF867
:10D1800057008DF85600FFE704E09DF857008DF832
:10D190005600FFE7FFE718980068C007002800F076
:10D1A0004C80FFE71898C06F099028282BD8099960
:10D1B000DFE801F0152929292929292916292929F2
:10D1C000292929291E2929292929292926292929DD
:10D1D000292929292729292929292929280016E047
:10D1E00018980830012104F0EFFA8DF857000EE08E
:10D1F00018982830012104F0CFFB8DF8570006E085
:10D2000005E004E003E001208DF85700FFE79DF8FA
:10D21000570060B9FFE744F25441C5F602010868BF
:10D2200020F03800189AD26F1043086004E09DF88F
:10D2300057008DF85600FFE7FFE718980078800741
:10D24000002839D5FFE71898806F0890052819D86D
:10D250000899DFE801F003040C14151616E018987D
:10D260000830012104F0B0FA8DF857000EE018984C
:10D270002830012104F090FB8DF8570006E005E00E
:10D2800004E003E001208DF85700FFE79DF8570008
:10D2900060B9FFE744F25441C5F60201086820F086
:10D2A0000700189A926F1043086004E09DF8570039
:10D2B0008DF85600FFE7FFE7189800784007002830
:10D2C0003BD5FFE71898D0F894000790052819D8A7
:10D2D0000799DFE801F003040C14151616E01898FE
:10D2E0000830012104F070FA8DF857000EE018980C
:10D2F0002830012104F050FB8DF8570006E005E0CE
:10D3000004E003E001208DF85700FFE79DF8570087
:10D3100068B9FFE744F25841C5F60201086820F0F9
:10D320000700189AD2F894201043086004E09DF892
:10D3300057008DF85600FFE7FFE718980078800641
:10D3400000284ED5FFE71898D0F890000690C8B195
:10D35000FFE70698B0F1805F15D0FFE70698B0F1BF
:10D36000005F18D0FFE70698B0F1405F1BD0FFE7E1
:10D370000698B0F1804F17D0FFE70698B0F1A04FA4
:10D3800013D013E016E018980830002104F01CFABE
:10D390008DF857000EE018982830022104F0FCFAAE
:10D3A0008DF8570006E005E004E003E001208DF869
:10D3B0005700FFE79DF8570068B9FFE744F2544172
:10D3C000C5F60201086820F0E040189AD2F89020D3
:10D3D0001043086004E09DF857008DF85600FFE701
:10D3E000FFE718980078400600284ED5FFE7189808
:10D3F000D0F89C000590C8B1FFE70598B0F5806FA4
:10D4000015D0FFE70598B0F5006F18D0FFE7059835
:10D41000B0F5406F1BD0FFE70598B0F5805F17D0DF
:10D42000FFE70598B0F5A05F13D013E016E0189859
:10D430000830002104F0C8F98DF857000EE0189864
:10D440002830022104F0A8FA8DF8570006E005E024
:10D4500004E003E001208DF85700FFE79DF8570036
:10D4600068B9FFE744F25841C5F60201086820F4A4
:10D47000E050189AD2F89C201043086004E09DF810
:10D4800057008DF85600FFE7FFE718980078000670
:10D4900000284ED5FFE71898D0F8A0000490C8B136
:10D4A000FFE70498B0F5005F15D0FFE70498B0F5EA
:10D4B000804F18D0FFE70498B0F5C04F1BD0FFE7AE
:10D4C0000498B0F5004F17D0FFE70498B0F5204F4F
:10D4D00013D013E016E018980830002104F074F916
:10D4E0008DF857000EE018982830022104F054FA05
:10D4F0008DF8570006E005E004E003E001208DF818
:10D500005700FFE79DF8570068B9FFE744F258411C
:10D51000C5F60201086820F46040189AD2F8A020ED
:10D520001043086004E09DF857008DF85600FFE7AF
:10D53000FFE7189800780007002820D5FFE7189823
:10D54000D0F88400B0F5805F0CD1FFE71898283040
:10D55000022104F021FA20B1FFE701208DF85600E6
:10D56000FFE7FFE744F25441C5F60201086820F4E2
:10D570004050189AD2F8842010430860FFE71898AA
:10D580000078C006002820D5FFE71898D0F898004A
:10D59000B0F5807F0CD1FFE718982830022104F005
:10D5A000FBF920B1FFE701208DF85600FFE7FFE708
:10D5B00044F25841C5F60201086820F44070189AF8
:10D5C000D2F8982010430860FFE718988078000789
:10D5D00000283CD5FFE71898D0F8A400039050B17C
:10D5E000FFE70398B0F5803F0DD0FFE70398B0F553
:10D5F000003F10D010E018980830002104F0E4F843
:10D600008DF857000CE018982830022104F0C4F976
:10D610008DF8570004E003E001208DF85700FFE784
:10D620009DF8570068B9FFE744F25841C5F602017A
:10D63000086820F44030189AD2F8A42010430860FB
:10D6400004E09DF857008DF85600FFE7FFE71898B3
:10D650008078400700283FD5FFE71898D0F8880069
:10D660000290B0F5801F0AD0FFE70298B0F5001FC6
:10D670000ED0FFE70298B0F5401F11D011E044F240
:10D680002C41C5F60201086840F4003008600CE047
:10D6900018982830012104F07FF98DF8570004E034
:10D6A00003E001208DF85700FFE79DF8570068B9A7
:10D6B000FFE744F25441C5F60201086820F4401027
:10D6C000189AD2F888201043086004E09DF85700AB
:10D6D0008DF85600FFE7FFE718988078C007A8B3D9
:10D6E000FFE71898006D019028B1FFE70198B0F5A9
:10D6F000803F09D010E044F22C41C5F602010868D1
:10D7000040F4003008600BE018980830022104F063
:10D710005BF88DF8570003E001208DF85700FFE714
:10D720009DF8570060B9FFE744F24C41C5F602018D
:10D73000086820F48030189A126D1043086004E0E5
:10D740009DF857008DF85600FFE7FFE71898C0785E
:10D75000800600280CD5FFE718982830022104F035
:10D760001BF920B1FFE701208DF85600FFE7FFE726
:10D7700018988078800700283CD5FFE71898D0F8E3
:10D7800080000090D0B1FFE70098B0F5807F0AD00C
:10D79000FFE70098B0F5007F0ED0FFE70098B0F5E6
:10D7A000407F0AD00BE044F22C41C5F60201086824
:10D7B00040F40030086006E005E004E003E00120EA
:10D7C0008DF85700FFE79DF8570068B9FFE744F26E
:10D7D0005441C5F60201086820F44070189AD2F846
:10D7E00080201043086004E09DF857008DF8560033
:10D7F000FFE7FFE718988078C00600280CD5FFE700
:10D8000044F25041C5F60201086820F00040189A21
:10D81000526F10430860FFE71898C078C0060028D0
:10D820000DD5FFE744F21041C5F60201086820F467
:10D830008040189AD2F8B82010430860FFE7189883
:10D840008078800600280CD5FFE744F25041C5F6E9
:10D850000201086820F08070189AD26E10430860A8
:10D86000FFE71898C0784006002811D5FFE7FFE7CA
:10D8700044F21041C5F60201086820F40040086037
:10D880001898D0F8BC20086810430860FFE7FFE74D
:10D890001898C078000600280CD5FFE744F24C41E8
:10D8A000C5F60201086820F04050189A526D1043E6
:10D8B0000860FFE718988078000600280DD5FFE77C
:10D8C00044F25441C5F60201086820F44000189A59
:10D8D000D2F88C2010430860FFE718980079C00741
:10D8E00090B1FFE718980830002103F06DFF8DF824
:10D8F00057009DF8570008B9FFE704E09DF857006E
:10D900008DF85600FFE7FFE7189800798007002898
:10D9100012D5FFE718980830012103F055FF8DF864
:10D9200057009DF8570008B9FFE704E09DF857003D
:10D930008DF85600FFE7FFE71898007940070028A8
:10D9400012D5FFE718980830022103F03DFF8DF84B
:10D9500057009DF8570008B9FFE704E09DF857000D
:10D960008DF85600FFE7FFE71898007900070028B8
:10D9700012D5FFE718982830002104F00DF88DF833
:10D9800057009DF8570008B9FFE704E09DF85700DD
:10D990008DF85600FFE7FFE718980079C0060028C9
:10D9A00012D5FFE718982830012103F0F5FF8DF814
:10D9B00057009DF8570008B9FFE704E09DF85700AD
:10D9C0008DF85600FFE7FFE71898007980060028D9
:10D9D00012D5FFE718982830022103F0DDFF8DF8FB
:10D9E00057009DF8570008B9FFE704E09DF857007D
:10D9F0008DF85600FFE7FFE79DF8560020B9FFE7D6
:10DA000000208DF8670003E001208DF86700FFE734
:10DA10009DF867001AB080BD80B586B00490039170
:10DA2000049820B9FFE701208DF817003CE2039825
:10DA300042F20001C5F20021096801F00F0188429D
:10DA400016D9FFE742F20000C5F20020016821F07C
:10DA50000F01039A11430160006800F00F00039961
:10DA6000884204D0FFE701208DF817001CE2FFE791
:10DA7000049800784007002819D5FFE7049800694A
:10DA800044F21841C5F60201096801F070018842AC
:10DA90000CD9FFE744F21841C5F60201086820F0EE
:10DAA0007000049A126910430860FFE7FFE70498CA
:10DAB00000780007002819D5FFE70498406944F270
:10DAC0001C41C5F60201096801F0700188420CD9B9
:10DAD000FFE744F21C41C5F60201086820F070001F
:10DAE000049A526910430860FFE7FFE70498007842
:10DAF000C006002819D5FFE70498806944F21C414C
:10DB0000C5F60201096801F4E06188420CD9FFE71B
:10DB100044F21C41C5F60201086820F4E060049A52
:10DB2000926910430860FFE7FFE7049800788006D9
:10DB3000002819D5FFE70498C06944F22041C5F6D2
:10DB40000201096801F0700188420CD9FFE744F234
:10DB50002041C5F60201086820F07000049AD269DD
:10DB600010430860FFE7FFE704980078800700286B
:10DB700019D5FFE70498C06844F21841C5F60201C0
:10DB8000096801F00F0188420CD9FFE744F21841FF
:10DB9000C5F60201086820F00F00049AD26810430D
:10DBA0000860FFE7FFE704980078C007002800F04E
:10DBB0008C80FFE744F21841C5F60201086820F4A2
:10DBC0007060049A926810430860049840680228C4
:10DBD00011D1FFE744F20040C5F60200006800F4EE
:10DBE00000310020B0EB514F04D1FFE701208DF848
:10DBF000170059E13EE004984068032811D1FFE77F
:10DC000044F20040C5F60200006800F000710020F8
:10DC1000B0EB516F04D1FFE701208DF8170043E10D
:10DC200027E004984068012811D1FFE744F2004042
:10DC3000C5F60200006800F480710020B0EB112FDF
:10DC400004D1FFE701208DF817002DE110E044F228
:10DC50000040C5F60200006800F004010020B0EBAF
:10DC6000910F04D1FFE701208DF817001CE1FFE7B9
:10DC7000FFE7FFE744F21041C5F60201086820F013
:10DC80000700049A526810430860FCF7E9FF01900E
:10DC9000FFE744F21040C5F60200006800F03800CB
:10DCA00004994968B0EBC10F0ED0FFE7FCF7D8FF2D
:10DCB0000199401A41F28931884204D3FFE70320D9
:10DCC0008DF81700F0E0E4E7FFE70498007880079C
:10DCD000002819D5FFE70498C06844F21841C5F63A
:10DCE0000201096801F00F0188420CD2FFE744F2FB
:10DCF0001841C5F60201086820F00F00049AD268A6
:10DD000010430860FFE7FFE7039842F20001C5F205
:10DD10000021096801F00F01884216D2FFE742F2A4
:10DD20000000C5F20020016821F00F01039A1143A1
:10DD30000160006800F00F000399884204D0FFE7FB
:10DD400001208DF81700AFE0FFE704980078400746
:10DD5000002819D5FFE70498006944F21841C5F678
:10DD60000201096801F0700188420CD2FFE744F219
:10DD70001841C5F60201086820F07000049A126983
:10DD800010430860FFE7FFE70498007800070028C9
:10DD900019D5FFE70498406944F21C41C5F6020119
:10DDA000096801F0700188420CD2FFE744F21C417F
:10DDB000C5F60201086820F07000049A5269104309
:10DDC0000860FFE7FFE704980078C006002819D52F
:10DDD000FFE70498806944F21C41C5F60201096816
:10DDE00001F4E06188420CD2FFE744F21C41C5F621
:10DDF0000201086820F4E060049A92691043086008
:10DE0000FFE7FFE7049800788006002819D5FFE7B0
:10DE10000498C06944F22041C5F60201096801F086
:10DE2000700188420CD2FFE744F22041C5F602019E
:10DE3000086820F07000049AD26910430860FFE778
:10DE4000FFE700F0CDF844F21842C5F6020211686F
:10DE5000C1F303234CF22C41C0F60101CB5C03F06B
:10DE60001F03D84000900098126802F00F02895CEE
:10DE700001F01F01C84040F22801C2F200410860D1
:10DE8000009840F22401C2F20041086040F21010F4
:10DE9000C2F200400068FCF73BFF8DF80B009DF8D4
:10DEA0000B008DF81700FFE79DF8170006B080BD46
:10DEB00082B00190009101993F20086044F2104027
:10DEC000C5F60200006800F007000199486044F2BE
:10DED0001840C5F60200016801F47061019A916072
:10DEE000016801F00F01019AD160006800F0700034
:10DEF0000199086144F21C40C5F60200016801F076
:10DF00007001019A5161006800F4E0600199886134
:10DF100044F22040C5F60200006800F0700001994C
:10DF2000C86142F20000C5F20020006800F00F0056
:10DF30000099086002B0704780B582B000F050F8D8
:10DF400044F21842C5F602021168C1F303234CF2F1
:10DF50002C41C0F60101CB5C03F01F03D8400190B7
:10DF60000198126802F00F02895C01F01F0120FA8B
:10DF700001F140F22800C2F200400160019940F234
:10DF80002402C2F200421160006802B080BD0000AD
:10DF900080B5FFF7D1FF44F21C41C5F602010968C4
:10DFA000C1F302124CF22C41C0F60101895C01F070
:10DFB0001F01C84080BD000080B5FFF7BDFF44F2DF
:10DFC0001C41C5F602010968C1F302224CF22C4142
:10DFD000C0F60101895C01F01F01C84080BD00004E
:10DFE0008AB044F21040C5F60200006800F0380024
:10DFF00001460191182800F269810199DFE811F0CA
:10E000001900660166016601660166016601660126
:10E010003A006601660166016601660166016601F5
:10E0200040006601660166016601660166016601DF
:10E03000460044F20040C5F60200006800F02001EE
:10E040000020B0EB511F0ED0FFE744F20040C5F6B0
:10E0500002000068C0F3C10149F20000C0F2D030F4
:10E06000C840029005E049F20000C0F2D0300290B2
:10E07000FFE731E140F60010C0F23D0002902BE1D5
:10E0800047F64000C0F27D10029025E144F228409E
:10E09000C5F60200016801F0030108910068C0F3B1
:10E0A0000510079044F22C40C5F60200006800F00D
:10E0B00001000690069844F23441C5F60201096851
:10E0C00089B2C908484300EE100AB8EE400A8DED47
:10E0D000040A0798002800F0F580FFE708980090F0
:10E0E00048B1FFE70098012869D0FFE700980228AF
:10E0F00000F08980ABE044F20040C5F60200006801
:10E1000000F020010020B0EB511F33D0FFE744F2B4
:10E110000040C5F602000068C0F3C10149F20000EA
:10E12000C0F2D030C84005909DED050AB8EE400A17
:10E130009DED071AB8EE411A80EE010A44F2304014
:10E14000C5F6020000686FF35F2001EE100AB8EE1A
:10E15000411A9DED042A9FED633A82EE032A31EEC7
:10E16000021AB7EE002A31EE021A20EE010A8DEDF6
:10E17000030A23E09DED070AB8EE401A9FED5B0A03
:10E1800080EE010A44F23040C5F6020000686FF3E9
:10E190005F2001EE100AB8EE411A9DED042A9FEDB2
:10E1A000513A82EE032A31EE021AB7EE002A31EE1E
:10E1B000021A20EE010A8DED030AFFE76BE09DEDE8
:10E1C000070AB8EE401A9FED480A80EE010A44F2B1
:10E1D0003040C5F6020000686FF35F2001EE100AC0
:10E1E000B8EE411A9DED042A9FED3E3A82EE032AD5
:10E1F00031EE021AB7EE002A31EE021A20EE010AC1
:10E200008DED030A47E09DED070AB8EE401A9FED39
:10E21000340A80EE010A44F23040C5F6020000687C
:10E220006FF35F2001EE100AB8EE411A9DED042A4B
:10E230009FED2C3A82EE032A31EE021AB7EE002A45
:10E2400031EE021A20EE010A8DED030A23E09DED66
:10E25000070AB8EE401A9FED240A80EE010A44F244
:10E260003040C5F6020000686FF35F2001EE100A2F
:10E27000B8EE411A9DED042A9FED1A3A82EE032A68
:10E2800031EE021AB7EE002A31EE021A20EE010A30
:10E290008DED030AFFE744F23040C5F60200006846
:10E2A00081B2012000EB512009909DED030A9DED04
:10E2B000091AB8EE411A80EE010ABCEEC00A8DEDD3
:10E2C000020A02E000200290FFE705E040F600109D
:10E2D000C0F23D000290FFE702980AB0704700BF0D
:10E2E00020BCBE4B000000460024744A0024744C3D
:10E2F00080B58CB00A900A9828B9FFE701208DF804
:10E300002F0000F09DBD0A980078C007002800F09B
:10E31000B980FFE744F21040C5F60200006800F043
:10E320003800069044F22840C5F6020000680590C7
:10E33000069810280AD0FFE7069818281CD1FFE796
:10E34000059800F00300022816D1FFE744F20040D0
:10E35000C5F60200006800F400310020B0EB514F18
:10E3600009D0FFE70A98406828B9FFE701208DF837
:10E370002F0000F065BD84E0FFE70A984068B0F523
:10E38000803F09D1FFE744F20041C5F60201086869
:10E3900040F48030086032E00A98406868B9FFE7CE
:10E3A00044F20041C5F60201086820F4803008609C
:10E3B000086820F48020086020E00A984068B0F5E2
:10E3C000A02F0DD1FFE744F20041C5F60201086815
:10E3D00040F480200860086840F4803008600CE059
:10E3E00044F20041C5F60201086820F4803008605C
:10E3F000086820F480200860FFE7FFE7FFE7FFE7F9
:10E400000A984068F0B1FFE7FCF72AFC0990FFE7A3
:10E4100044F20040C5F60200006800F4003100201C
:10E42000B0EB514F0DD1FFE7FCF71AFC0999401AE8
:10E43000652805D3FFE703208DF82F0000F000BD0D
:10E44000E6E71DE0FCF70CFC0990FFE744F2004012
:10E45000C5F60200006800F400310020B0EB514F17
:10E460000DD0FFE7FCF7FCFB0999401A652805D39E
:10E47000FFE703208DF82F0000F0E2BCE6E7FFE79E
:10E48000FFE7FFE70A9800788007002840F116812F
:10E49000FFE744F21040C5F60200006800F03800C3
:10E4A000049044F22840C5F60200006803900498E6
:10E4B00050B1FFE70498182878D1FFE79DF80C00C9
:10E4C0008007002872D1FFE744F20040C5F6020041
:10E4D000006800F004010020B0EB910F09D0FFE7C5
:10E4E0000A98C06828B9FFE701208DF82F0000F0D6
:10E4F000A7BC44F20041C5F60201086820F01900EB
:10E500000A9AD26810430860FCF7AAFB0990FFE75B
:10E5100044F20040C5F60200006800F0040100204B
:10E52000B0EB910F0DD1FFE7FCF79AFB0999401A68
:10E53000032805D3FFE703208DF82F0000F080BCEF
:10E54000E6E7FFE7FCF784FB41F2030188421DD8B0
:10E55000FFE70A98006940280AD1FFE744F2044126
:10E56000C5F602010868202262F3113008600CE051
:10E5700044F20441C5F60201086820F47C300A9A8E
:10E58000126940EA02300860FFE70CE044F20441FF
:10E59000C5F60201086820F0FE400A9A126940EAB6
:10E5A00002600860FFE7FFE7FFE786E00A98C068BF
:10E5B00000285CD0FFE744F20041C5F6020108687C
:10E5C00020F019000A9AD26810430860FCF748FB53
:10E5D0000990FFE744F20040C5F60200006800F031
:10E5E00004010020B0EB910F0DD1FFE7FCF738FBE1
:10E5F0000999401A032805D3FFE703208DF82F005F
:10E6000000F01EBCE6E7FFE7FCF722FB41F2030146
:10E6100088421DD8FFE70A98006940280AD1FFE721
:10E6200044F20441C5F602010868202262F3113069
:10E6300008600CE044F20441C5F60201086820F4C9
:10E640007C300A9A126940EA02300860FFE70CE069
:10E6500044F20441C5F60201086820F0FE400A9A1F
:10E66000126940EA02600860FFE7FFE724E044F235
:10E670000041C5F60201086820F001000860FCF7BF
:10E68000EFFA0990FFE744F20040C5F60200006887
:10E6900000F004010020B0EB910F0CD0FFE7FCF775
:10E6A000DFFA0999401A032804D3FFE703208DF805
:10E6B0002F00C5E3E7E7FFE7FFE7FFE70A980078E9
:10E6C000C006002840F1EB80FFE744F21040C5F699
:10E6D0000200006800F03800029044F22840C5F6BD
:10E6E000020000680190029808280AD0FFE702980B
:10E6F000182850D1FFE7019800F0030001284AD103
:10E70000FFE744F20040C5F60200006800F48071A3
:10E710000020B0EB112F09D0FFE70A98C0698028CC
:10E7200004D0FFE701208DF82F0089E3FFE7FCF715
:10E730008FFA41F2030188421DD8FFE70A98006A68
:10E7400020280AD1FFE744F20441C5F60201086817
:10E75000102262F39E6008600CE044F20441C5F6AA
:10E760000201086820F0F8400A9A126A40EA8260C2
:10E770000860FFE70CE044F20C41C5F602010868AE
:10E7800020F07C500A9A126A40EA02600860FFE7B3
:10E79000FFE7FFE782E00A98C069002858D0FFE74A
:10E7A00044F20041C5F60201086840F080000860AC
:10E7B000FCF756FA0990FFE744F20040C5F6020064
:10E7C000006800F480710020B0EB112F0CD1FFE73E
:10E7D000FCF746FA0999401A032804D3FFE70320FF
:10E7E0008DF82F002CE3E7E7FFE7FCF731FA41F261
:10E7F000030188421DD8FFE70A98006A20280AD141
:10E80000FFE744F20441C5F602010868102262F3F2
:10E810009E6008600CE044F20441C5F602010868FD
:10E8200020F0F8400A9A126A40EA82600860FFE726
:10E830000CE044F20C41C5F60201086820F07C505F
:10E840000A9A126A40EA02600860FFE7FFE724E0E4
:10E8500044F20041C5F60201086820F0800008601B
:10E86000FCF7FEF90990FFE744F20040C5F602000C
:10E87000006800F480710020B0EB112F0CD0FFE78E
:10E88000FCF7EEF90999401A032804D3FFE70320A7
:10E890008DF82F00D4E2E7E7FFE7FFE7FFE70A98EC
:10E8A0000078000700284FD5FFE70A98406928B391
:10E8B000FFE744F27441C5F60201086840F0010028
:10E8C0000860FCF7CDF90990FFE744F27440C5F603
:10E8D0000200006800F002010020B0EB510F0CD1E3
:10E8E000FFE7FCF7BDF90999401A032804D3FFE7B5
:10E8F00003208DF82F00A3E2E7E724E044F27441FF
:10E90000C5F60201086820F001000860FCF7A8F9CC
:10E910000990FFE744F27440C5F60200006800F079
:10E9200002010020B0EB510F0CD0FFE7FCF798F983
:10E930000999401A032804D3FFE703208DF82F001C
:10E940007EE2E7E7FFE7FFE70A9800788006002805
:10E950004FD5FFE70A98806928B3FFE744F20041EA
:10E96000C5F60201086840F480500860FCF778F9A9
:10E970000990FFE744F20040C5F60200006800F489
:10E9800000510020B0EB513F0CD1FFE7FCF768F9D4
:10E990000999401A032804D3FFE703208DF82F00BC
:10E9A0004EE2E7E724E044F20041C5F602010868C0
:10E9B00020F480500860FCF753F90990FFE744F217
:10E9C0000040C5F60200006800F400510020B0EBE2
:10E9D000513F0CD0FFE7FCF743F90999401A03288F
:10E9E00004D3FFE703208DF82F0029E2E7E7FFE7D4
:10E9F000FFE70A9800784007002840F1A780FFE76A
:10EA000044F60001C5F60201086840F48070086011
:10EA1000FCF726F90990FFE744F60000C5F602006E
:10EA20000068C00500280CD4FFE7FCF719F9099924
:10EA3000401A652804D3FFE703208DF82F00FFE17B
:10EA4000EAE7FFE70A988068012809D1FFE744F266
:10EA50007041C5F60201086840F00100086031E02D
:10EA60000A98806868B9FFE744F27041C5F6020170
:10EA7000086820F001000860086820F004000860C1
:10EA80001FE00A98806805280DD1FFE744F2704125
:10EA9000C5F60201086840F004000860086840F00C
:10EAA000010008600CE044F27041C5F602010868FC
:10EAB00020F001000860086820F004000860FFE70B
:10EAC000FFE7FFE7FFE70A988068F8B1FFE7FCF788
:10EAD000C7F80990FFE744F27040C5F602000068ED
:10EAE00000F002010020B0EB510F0ED1FFE7FCF760
:10EAF000B7F80999401A41F28931884204D3FFE7F7
:10EB000003208DF82F009BE1E5E71EE0FCF7A8F855
:10EB10000990FFE744F27040C5F60200006800F07B
:10EB200002010020B0EB510F0ED0FFE7FCF798F880
:10EB30000999401A41F28931884204D3FFE7032042
:10EB40008DF82F007CE1E5E7FFE7FFE70A98406AD0
:10EB5000002800F07181FFE744F21040C5F6020082
:10EB6000006800F03800182800F0E080FFE70A98FD
:10EB7000406A022840F0B480FFE744F20041C5F645
:10EB80000201086820F080700860FCF769F80990BD
:10EB9000FFE744F20040C5F60200006800F0007193
:10EBA0000020B0EB516F0CD0FFE7FCF759F8099942
:10EBB000401A032804D3FFE703208DF82F003FE11C
:10EBC000E7E7FFE744F22841C5F60201086840F292
:10EBD000F33290430A9B9A6ADB6A42EA03121043BB
:10EBE00008600A99086BD1F834C08B6BCA6B013886
:10EBF0006FF35F204FF60061CFF6FF7101EB4C2100
:10EC000089B208440021CFF6FF7101EB034101F402
:10EC1000FE0108444FF07F4101EB026101F0FE412B
:10EC2000084444F23041C5F602010860FFE744F2AF
:10EC30002C41C5F602010091086820F0010008602F
:10EC400044F23442C5F6020210684FF6F873984356
:10EC50000A9B9B6C40EAC3001060086820F00C001F
:10EC60000A9A126C10430860086820F002000A9AA1
:10EC7000526C10430860086840F4803008600868EF
:10EC800040F400300860086840F48020086008689C
:10EC900040F00100086044F20041C5F60201086836
:10ECA00040F080700860FBF7DBFF0990FFE744F25B
:10ECB0000040C5F60200006800F000710020B0EBD3
:10ECC000516F0CD1FFE7FBF7CBFF0999401A0328DE
:10ECD00004D3FFE703208DF82F00B1E0E7E724E03D
:10ECE00044F20041C5F60201086820F08070086017
:10ECF000FBF7B6FF0990FFE744F20040C5F60200BB
:10ED0000006800F000710020B0EB516F0CD0FFE7FD
:10ED1000FBF7A6FF0999401A032804D3FFE7032055
:10ED20008DF82F008CE0E7E7FFE784E044F228400D
:10ED3000C5F602000068089044F23040C5F60200B3
:10ED4000006807900A98406A012837D0FFE70898C2
:10ED500000F003000A99896A88422FD1FFE70898DA
:10ED600000F47C710A98C06AB0EB111F26D1FFE74E
:10ED700007986FF35F200A99096B013988421DD10A
:10ED8000FFE7BDF81C100A98406B0138B0EB512F1B
:10ED900014D1FFE7079800F4FE010A98806B013850
:10EDA000B0EB114F0AD1FFE7079800F0FE410A9837
:10EDB000C06B0138B0EB116F04D0FFE701208DF874
:10EDC0002F003DE044F23440C5F60200006880B2F6
:10EDD000C00808900A98806C0899884229D0FFE7FB
:10EDE00044F22C41C5F60201086820F001000860D9
:10EDF000FBF736FF0990FFE7FBF732FF0999401A4E
:10EE000008B9FFE7F8E744F23441C5F602010868A3
:10EE10004FF6F87290430A9A926C40EAC20008607A
:10EE200044F22C41C5F60201086840F00100086078
:10EE3000FFE7FFE7FFE7FFE700208DF82F00FFE780
:10EE40009DF82F000CB080BD80B586B0049004986A
:10EE500020B9FFE701208DF817003AE10498406AD5
:10EE600008B9FFE7FFE7049900208862049800686A
:10EE700043F20001C4F2010188421BD0FFE704986D
:10EE8000006843F60001C4F20001884212D0FFE797
:10EE90000498006843F60041C4F20001884209D09A
:10EEA000FFE70498C068102804D3FFE701208DF81D
:10EEB00017000EE1049803F0F3F80290049800683C
:10EEC00043F20001C4F20101884216D0FFE7049822
:10EED000006843F60001C4F2000188420DD0FFE74C
:10EEE0000498006843F60041C4F20001884204D04F
:10EEF000FFE7029808281FD8FFE70498006843F24C
:10EF00000001C4F20101884212D0FFE704980068B2
:10EF100043F60001C4F20001884209D0FFE70498DB
:10EF2000006843F60041C4F20001884208D1FFE7BF
:10EF30000298112804D3FFE701208DF81700C8E0DC
:10EF4000049890F8810040B9FFE70499002081F807
:10EF50008000049800F0C4F8FFE70499022081F8CB
:10EF6000810004980168086820F001000860049896
:10EF70000068806800F4F810039004988069B0F18C
:10EF8000806F1BD1FFE704984068B0F5800F04D173
:10EF9000FFE70498806B50B1FFE70498406868B9B8
:10EFA000FFE70498806BB0F1805F07D1FFE704981A
:10EFB0000168086840F480500860FFE70498807991
:10EFC0004006002810D5FFE70498C06807280BD337
:10EFD000FFE704980068006820F48070049A1168C4
:10EFE000126D1043086006E004980168086820F478
:10EFF00080700860FFE7049B1968DA68D869D3F865
:10F0000028C040EA0C00DDF80CC040EA0C00DB6BC5
:10F01000184310438860049A0192506B516A084368
:10F02000916B0843916908431168D2F804C0936852
:10F03000D2F810E040EA0E00D2F814E040EA0E00E8
:10F04000D2F820E040EA0E0040EA0C00D2F84CC0B2
:10F0500040EA0C001843936C1843926D1043C8604B
:10F060000498406898B9FFE7049800688068012117
:10F0700061F3CC200499096888600498006880686E
:10F08000022161F34A20049909688860FFE7049827
:10F090000168086D20F00100086504988079400639
:10F0A00000280BD5FFE704980068C06820F00040F6
:10F0B000049A1168526D1043C860FFE7049900205C
:10F0C000C1F88400049A012182F881108DF817009C
:10F0D000FFE79DF8170006B080BD000000000000AB
:10F0E00080B5BAB03990002038903790369035907E
:10F0F000349004A8C021F1F7B6FA3998006843F2B9
:10F100000001C4F2010188423CD1FFE700200590D4
:10F110004FF4805104911C9004A8FDF72DFC18B108
:10F12000FFE7F5F795FBFFE7FFE744F2F040C5F690
:10F130000200016841F480510160006800F48050D1
:10F1400003900398FFE7FFE744F2E040C5F60200B2
:10F15000016841F001010160006800F001000290C7
:10F160000298FFE7E020349002203590002136918C
:10F170003790052038900020C5F6020034A9FBF72F
:10F180006BFB46E03998006843F20041C4F201018C
:10F1900088423DD1FFE7002005904FF400510491D3
:10F1A0001D9004A8FDF7E8FB18B1FFE7F5F750FB49
:10F1B000FFE7FFE744F2F040C5F60200016841F4C2
:10F1C00000510160006800F4005001900198FFE7D1
:10F1D000FFE744F2E040C5F60200016841F010018B
:10F1E0000160006800F0100000900098FFE76420C4
:10F1F00034900220359000203690379005203890CA
:10F2000041F20000C5F6020034A9FBF725FBFFE739
:10F21000FFE73AB080BD000082B00190009140F25B
:10F220000441C5F600010868019A9043009A104312
:10F23000086002B07047000081B0009001B07047D4
:10F2400081B0009001B0704781B0009001B070476C
:10F2500080B582B00090009820B9FFE701208DF8BA
:10F26000070045E0009890F83D0040B9FFE700999D
:10F27000002081F83C00009800F03EF8FFE700997C
:10F28000022081F83D00009951F8040B03F0B4F816
:10F290000099012081F84800FFE70099012081F8DA
:10F2A0003E00009981F83F00009981F840000099E4
:10F2B00081F84100009981F84200009981F84300EB
:10F2C000FFE7FFE70099012081F84400009981F8E9
:10F2D0004500009981F84600009981F84700FFE752
:10F2E0000099012081F83D0000208DF80700FFE71C
:10F2F0009DF8070002B080BD81B0009001B070475A
:10F3000083B00190019890F83D00012804D0FFE7F8
:10F3100001208DF80B0071E00199022081F83D0079
:10F3200001980168C86840F00100C8600198006851
:10F330000021C4F2010188423CD0FFE70198006837
:10F34000B0F1804F36D0FFE70198006840F20041ED
:10F35000C4F2000188422DD0FFE70198006840F612
:10F360000001C4F20001884224D0FFE70198006840
:10F3700040F60041C4F2000188421BD0FFE701982B
:10F38000006840F20041C4F20101884212D0FFE758
:10F390000198006841F60001C4F20001884209D0DA
:10F3A000FFE70198006844F20001C4F201018842BD
:10F3B00019D1FFE70198006880680721C0F20101B8
:10F3C00008400090009806280CD0FFE70098B0F5A0
:10F3D000803F07D0FFE701980168086840F001000E
:10F3E0000860FFE706E001980168086840F0010046
:10F3F0000860FFE700208DF80B00FFE79DF80B0089
:10F4000003B070470000000081B0009001B0704769
:10F4100080B584B0039003980068C0680290039898
:10F420000068006901909DF804008007002824D539
:10F43000FFE79DF80800800700281DD5FFE7039827
:10F4400001686FF0020008610399012008770398B2
:10F4500000688069800720B1FFE70398FFF7D4FFB9
:10F4600006E0039800F0FCF8039800F0FDF8FFE7D1
:10F47000039900200877FFE7FFE79DF804004007A5
:10F48000002825D5FFE79DF80800400700281ED575
:10F49000FFE7039801686FF00400086103990220F8
:10F4A000087703980068806910F4407F04D0FFE774
:10F4B0000398FFF7A9FF06E0039800F0D1F803983E
:10F4C00000F0D2F8FFE7039900200877FFE7FFE795
:10F4D0009DF804000007002824D5FFE79DF80800E8
:10F4E000000700281DD5FFE7039801686FF00800AA
:10F4F000086103990420087703980068C0698007B1
:10F5000020B1FFE70398FFF77FFF06E0039800F0C4
:10F51000A7F8039800F0A8F8FFE703990020087700
:10F52000FFE7FFE79DF80400C006002825D5FFE7A8
:10F530009DF80800C00600281ED5FFE70398016863
:10F540006FF010000861039908200877039800689D
:10F55000C06910F4407F04D0FFE70398FFF754FF21
:10F5600006E0039800F07CF8039800F07DF8FFE7D0
:10F57000039900200877FFE7FFE79DF80400C00724
:10F5800078B1FFE79DF80800C00748B1FFE703988E
:10F5900001686FF001000861039800F069F8FFE767
:10F5A000FFE7019800F08000802806D0FFE79DF873
:10F5B00005008006002810D5FFE79DF8080000062A
:10F5C000002809D5FFE7039801686FF4025008612D
:10F5D0000398FFF735FEFFE7FFE79DF80500C0073A
:10F5E00080B1FFE79DF808000006002809D5FFE775
:10F5F000039801686FF4807008610398FFF71CFEA0
:10F60000FFE7FFE79DF804004006002810D5FFE75C
:10F610009DF808004006002809D5FFE70398016817
:10F620006FF040000861039800F036F8FFE7FFE74D
:10F630009DF804008006002810D5FFE79DF808001B
:10F640008006002809D5FFE7039801686FF02000C5
:10F6500008610398FFF7F8FDFFE7FFE704B080BDFE
:10F6600081B0009001B0704781B0009001B0704748
:10F6700080B582B001900198006841F20041C4F267
:10F680000001884203D1FFE7FBF7F2FAFFE702B07F
:10F6900080BD00000000000081B0009001B0704704
:10F6A00083B00190FFE7019890F88400012804D10D
:10F6B000FFE702208DF80B002CE00199012081F872
:10F6C0008400FFE7FFE701992420C1F88800019832
:10F6D00000680068009001980168086820F0010047
:10F6E0000860009820F000500090019900204866C2
:10F6F000009801990968086001992020C1F88800E4
:10F70000FFE70199002081F88400FFE700208DF8D1
:10F710000B00FFE79DF80B0003B0704700000000EE
:10F7200080B584B00290FFE7029890F88400012829
:10F7300004D1FFE702208DF80F0030E0029901208C
:10F7400081F88400FFE7FFE702992420C1F88800D0
:10F75000029800680068019002980168086820F02B
:10F7600001000860019840F00050019002994FF0AC
:10F77000005048660198029909680860029802F0F2
:10F780000FFF02992020C1F88800FFE702990020AE
:10F7900081F88400FFE700208DF80F00FFE79DF857
:10F7A0000F0004B080BD000080B586B004900391C6
:10F7B000ADF80A200498D0F88C00202844D1FFE747
:10F7C000039820B1FFE7BDF80A0020B9FFE7012048
:10F7D0008DF817003CE004990120C86604990020C8
:10F7E000086704980399BDF80A2003F085FE8DF898
:10F7F00009009DF8090010BBFFE70498C06E0128BE
:10F8000018D1FFE70498016810200862FFE7FFE7BE
:10F810000498006850E8000F40F010000190FFE7E6
:10F8200001990498026842E800100028F0D1FFE72F
:10F83000FFE703E001208DF80900FFE7FFE79DF8EF
:10F8400009008DF8170003E002208DF81700FFE78C
:10F850009DF8170006B080BD80B582B00190ADF86C
:10F8600002100198006841F20001C4F201018842CF
:10F870000CD1FFE7BDF8020041F2E461C2F20041A1
:10F88000A1F89200012081F89000FFE70198BDF8EF
:10F89000021002F0C1FB02B080BD000000000000B9
:10F8A00081B0009001B0704780B584B002900191A2
:10F8B000FFE7029890F88400012804D1FFE70220B6
:10F8C0008DF80F0032E00299012081F88400FFE7F3
:10F8D000FFE702992420C1F88800029800680068B8
:10F8E000009002980168086820F001000860029802
:10F8F0000068806820F060600199084302990968F7
:10F900008860029802F04CFE00980299096808602D
:10F9100002992020C1F88800FFE70299002081F8B1
:10F920008400FFE700208DF80F00FFE79DF80F002F
:10F9300004B080BD0000000080B584B00290019149
:10F94000FFE7029890F88400012804D1FFE7022025
:10F950008DF80F0032E00299012081F88400FFE762
:10F96000FFE702992420C1F8880002980068006827
:10F97000009002980168086820F001000860029871
:10F980000068806820F06040019908430299096886
:10F990008860029802F004FE0098029909680860E5
:10F9A00002992020C1F88800FFE70299002081F821
:10F9B0008400FFE700208DF80F00FFE79DF80F009F
:10F9C00004B080BD0000000081B0009001B070471D
:10F9D00081B0009001B0704780B586B00490FFE719
:10F9E000FFE70498006850E8000F20F4907003903F
:10F9F000FFE703990498026842E800100028F0D15C
:10FA0000FFE7FFE7FFE7FFE70498006850E8020F11
:10FA10004FF6FE71CEF6FF7108400290FFE70299A3
:10FA20000498026842E802100028EDD1FFE7FFE7E2
:10FA30000498C06E012814D1FFE7FFE7FFE70498A0
:10FA4000006850E8000F20F010000190FFE70199D6
:10FA50000498026842E800100028F0D1FFE7FFE7B1
:10FA6000FFE70498006880684006002837D5FFE764
:10FA7000FFE7FFE70498006850E8020F20F040001D
:10FA80000090FFE700990498026842E802100028FD
:10FA9000F0D1FFE7FFE70498D0F88000F0B1FFE76E
:10FAA0000498D0F88010002008650498D0F88000F1
:10FAB000F6F7D2FB88B1FFE70498D0F88000F7F79B
:10FAC000DFFB202808D1FFE704991020C1F890003F
:10FAD00003208DF8170019E0FFE7FFE7FFE704991F
:10FAE0000020A1F85E0004990A680F2111620499B0
:10FAF0000A68916941F008019161049A2021C2F8D5
:10FB00008C100499C8668DF81700FFE79DF8170060
:10FB100006B080BD0000000080B582B0019046F6BE
:10FB2000A040C2F200400068C0B1FFE746F6A04026
:10FB3000C2F2004000680068019988420ED1FFE7D8
:10FB40000198FFF749FF019846F6A041C2F2004133
:10FB5000096820318022FFF727FEFFE702B080BD51
:10FB600080B592B0119011980068C06910901198FA
:10FB7000006800680F901198006880680E901098D7
:10FB800040F60F0108400D900D98E0B9FFE79DF891
:10FB900040008006002815D5FFE79DF83C00800650
:10FBA000002806D4FFE79DF83B00C006002809D5D1
:10FBB000FFE71198406F20B1FFE71198416F884728
:10FBC000FFE74AE3FFE70D98002800F00C81FFE70C
:10FBD0000E980121C1F20001084209D1FFE70F98F8
:10FBE00040F22011C0F20041084200F0FC80FFE723
:10FBF0009DF84000C00788B1FFE79DF83D00C007B1
:10FC000060B1FFE711980168012008621199D1F8ED
:10FC1000900040F00100C1F89000FFE79DF840001F
:10FC20008007002811D5FFE79DF83800C00760B1B4
:10FC3000FFE711980168022008621199D1F890003D
:10FC400040F00400C1F89000FFE79DF84000400735
:10FC5000002811D5FFE79DF83800C00760B1FFE725
:10FC600011980168042008621199D1F8900040F0C1
:10FC70000200C1F89000FFE79DF84000000700284F
:10FC800019D5FFE79DF83C008006002807D4FFE760
:10FC90000E980121C1F2000108420CD0FFE7119833
:10FCA0000168082008621199D1F8900040F008001E
:10FCB000C1F89000FFE79DF841000007002813D528
:10FCC000FFE79DF83F00400700280DD5FFE711989A
:10FCD00001684FF4006008621199D1F8900040F07B
:10FCE0002000C1F89000FFE71198D0F8900000289C
:10FCF00078D0FFE79DF840008006002815D5FFE783
:10FD00009DF83C008006002806D4FFE79DF83B00E4
:10FD1000C006002809D5FFE71198406F20B1FFE722
:10FD20001198416F8847FFE7FFE71198D0F89000DE
:10FD30000C9011980068806800F04000402806D0C0
:10FD4000FFE79DF8300010F0280F42D0FFE7119830
:10FD500002F09AFE1198006880684006002833D5AA
:10FD6000FFE7FFE7FFE71198006850E8020F20F077
:10FD700040000B90FFE70B991198026842E80210CF
:10FD80000028F0D1FFE7FFE71198D0F88000B0B16C
:10FD9000FFE71198D0F8801042F6B900C0F60100D4
:10FDA00008651198D0F88000F6F712FF30B1FFE730
:10FDB0001198D0F88000016D8847FFE703E01198A3
:10FDC000FFF7AAFEFFE703E01198FFF7A5FEFFE7A4
:10FDD00007E01198FFF7A0FE11990020C1F89000EC
:10FDE000FFE7FFE739E21198C06E012840F0D681A5
:10FDF000FFE79DF84000C006002840F1CF81FFE7F3
:10FE00009DF83C00C006002840F1C881FFE711982A
:10FE10000168102008621198006880684006002878
:10FE200040F15A81FFE71198D0F880000068102156
:10FE3000C4F20201884200F0A280FFE71198D0F8D6
:10FE4000800000682821C4F20201884200F09780F7
:10FE5000FFE71198D0F8800000684021C4F2020149
:10FE6000884200F08C80FFE71198D0F8800000688D
:10FE70005821C4F20201884200F08180FFE7119806
:10FE8000D0F8800000687021C4F20201884276D068
:10FE9000FFE71198D0F8800000688821C4F20201C1
:10FEA00088426CD0FFE71198D0F880000068A0214C
:10FEB000C4F20201884262D0FFE71198D0F88000B6
:10FEC0000068B821C4F20201884258D0FFE71198B7
:10FED000D0F88000006840F21041C4F2020188426C
:10FEE0004DD0FFE71198D0F88000006840F228411B
:10FEF000C4F20201884242D0FFE71198D0F8800096
:10FF0000006840F24041C4F20201884237D0FFE766
:10FF10001198D0F88000006840F25841C4F2020104
:10FF200088422CD0FFE71198D0F88000006840F29A
:10FF30007041C4F20201884221D0FFE71198D0F845
:10FF40008000006840F28841C4F20201884216D065
:10FF5000FFE71198D0F88000006840F2A041C4F299
:10FF6000020188420BD0FFE71198D0F880000068AA
:10FF700040F2B841C4F20201884207D1FFE711986C
:10FF8000D0F8800000684068019006E01198D0F831
:10FF90008000006840680190FFE70198ADF82A00F2
:10FFA000BDF82A0000287BD0FFE7BDF82A00119990
:10FFB000B1F85C10884273DAFFE7BDF82A001199A6
:10FFC000A1F85E001198D0F88000C069B0F5807F7C
:10FFD00059D0FFE7FFE7FFE71198006850E8000FEE
:10FFE00020F480700990FFE709991198026842E8AF
:10FFF00000100028F0D1FFE7FFE7FFE7FFE71198C7
:020000040801F1
:10000000006850E8020F20F001000890FFE708990F
:100010001198026842E802100028F0D1FFE7FFE7DC
:10002000FFE7FFE71198006850E8020F20F040005A
:100030000790FFE707991198026842E8021000282C
:10004000F0D1FFE7FFE711992020C1F88C0011994A
:100050000020C866FFE7FFE71198006850E8000F2E
:1000600020F010000690FFE706991198026842E818
:1000700000100028F0D1FFE7FFE71198D0F88000CA
:10008000F6F7EAF8FFE71199022008671198B0F82F
:100090005C10B0F85E20891A89B2FFF7DDFB1AE028
:1000A000BDF82A001199B1F85C10884212D1FFE71F
:1000B0001198D0F88000C069B0F5807F09D1FFE7C2
:1000C0001199022008671198B0F85C10FFF7C4FB83
:1000D000FFE7FFE7FFE7C0E01199B1F85C00B1F876
:1000E0005E10401AADF816001198B0F85E000028B6
:1000F00053D0FFE7BDF8160000284ED0FFE7FFE71A
:10010000FFE71198006850E8000F20F49070049009
:10011000FFE704991198026842E800100028F0D126
:10012000FFE7FFE7FFE7FFE71198006850E8020FDD
:100130004FF6FE71CEF6FF7108400390FFE703997A
:100140001198026842E802100028EDD1FFE7FFE7AE
:1001500011992020C1F88C0011990020C8661199CE
:100160004867FFE7FFE71198006850E8000F20F0AC
:1001700010000290FFE702991198026842E800100F
:100180000028F0D1FFE7FFE71199022008671198D6
:10019000BDF81610FFF760FBFFE75EE09DF8420038
:1001A000C00600280FD5FFE79DF83A00400600285A
:1001B00009D5FFE7119801684FF480100862119883
:1001C000FFF706FC49E09DF840000006002815D521
:1001D000FFE79DF83C000006002806D4FFE79DF8E5
:1001E0003A000006002809D5FFE71198806F20B17A
:1001F000FFE71198816F8847FFE72EE09DF84000E8
:10020000400600280AD5FFE79DF83C00400600287C
:1002100004D5FFE7119802F087FC1EE09DF842002C
:10022000000600280AD5FFE79DF83F004006002899
:1002300004D5FFE71198FFF7C7FB0EE09DF84300D8
:10024000C00750B1FFE79DF83F000006002804D525
:10025000FFE71198FFF724FBFFE712B080BD000015
:1002600080B582B00090009820B9FFE701208DF89A
:10027000070046E00098806908B1FFE700E0FFE76B
:100280000098D0F8880040B9FFE70099002081F875
:100290008400009800F03CF8FFE700992420C1F8A2
:1002A000880000980168086820F001000860009844
:1002B000806A20B1FFE7009802F0B6F9FFE70098E6
:1002C00002F086FC012804D1FFE701208DF8070029
:1002D00017E000980168486820F490404860009852
:1002E0000168886820F02A00886000980168086822
:1002F00040F001000860009802F03AFA8DF807001B
:10030000FFE79DF8070002B080BD0000000000007C
:1003100080B5C2B04190002040903F903E903D900B
:100320003C900CA8C021F0F79EF94198006841F27A
:100330000001C4F20101884240F09880FFE70020EC
:100340000D9001210C912B900CA8FCF715FB18B116
:10035000FFE7F4F77DFAFFE7FFE744F2F040C5F668
:100360000200016841F010010160006800F0100017
:100370000B900B98FFE7FFE744F2E040C5F6020060
:10038000016841F002010160006800F002000A907B
:100390000A98FFE74FF440403C9002203D90002037
:1003A00006903E903F900420409040F20040C5F6F9
:1003B00002003CA9FAF750FA069945F6F040C2F25D
:1003C000004007902822C4F2020202602922426003
:1003D0008160C1604FF48062026141618161C161ED
:1003E00001624162F8F734F818B1FFE7F4F730FA28
:1003F000FFE7FFE7419845F6F041C2F20041C0F83F
:10040000801041988863FFE745F66850C2F20040CB
:1004100005904021C4F2020101602A21416040217F
:1004200081600021C1604FF480620261416181619D
:10043000C16101624162F8F70BF818B1FFE7F4F708
:1004400007FAFFE7FFE7419845F66851C2F200411D
:10045000C16741988863FFE72520049005210022A9
:10046000FAF75AFD0498FAF74BFD77E041980068D7
:1004700041F20041C4F2010188426ED1FFE7002041
:100480000D9001210C912B900CA8FCF775FA18B176
:10049000FFE7F4F7DDF9FFE7FFE744F2F040C5F6C8
:1004A0000200016841F020010160006800F02000B6
:1004B00009900998FFE7FFE744F2E040C5F6020023
:1004C000016841F004010160006800F00400089038
:1004D0000898FFE7C0203C9002203D900020029049
:1004E0003E903F900720409040F60000C5F6020085
:1004F0003CA9FAF7B1F9029945F6E050C2F2004082
:1005000003901022C4F2020202604722426081601E
:10051000C1604FF48062026141618161C161016229
:100520004162F7F795FF18B1FFE7F4F791F9FFE79C
:10053000FFE7419845F6E051C2F20041C0F8801053
:1005400041988863FFE74720019006210022FAF7CF
:10055000E3FC0198FAF7D4FCFFE7FFE742B080BD67
:1005600081B0009001B0704781B0009001B0704739
:1005700080B58AB008900791ADF81A2005930898C5
:10058000D0F88800202840F08780FFE7079820B146
:10059000FFE7BDF81A0020B9FFE701208DF827001A
:1005A0007EE008990020C1F8900008992120C1F848
:1005B0008800FAF755FB0290BDF81A000899A1F8D7
:1005C0005400BDF81A000899A1F8560008988068F0
:1005D000B0F5805F09D1FFE70898006928B9FFE707
:1005E000002004900798039004E0079804900020EE
:1005F0000390FFE7FFE70898B0F8560088B3FFE7DD
:100600000898029B05996A4611608021002203F038
:100610000BF840B1FFE708992020C1F888000320BB
:100620008DF827003CE0049858B9FFE7039800884C
:100630006FF35F200899096888620398023003907D
:1006400008E00498007808990968886204980130E5
:100650000490FFE70899B1F856000138A1F8560058
:10066000C9E70898029B05996A461160402100225B
:1006700002F0DAFF40B1FFE708992020C1F88800B6
:1006800003208DF827000BE008992020C1F888008E
:1006900000208DF8270003E002208DF82700FFE7F7
:1006A0009DF827000AB080BD81B0009001B070476E
:1006B000FFE7FEE70000000080B582B00020009058
:1006C000FFE70098052835D8FFE7009947F28C60CE
:1006D000C2F2004050F82100A0B9FFE7009A4CF2A6
:1006E0009840C0F6010000EBC20150F832004968A2
:1006F00001F056FA009A47F28C61C2F2004141F8CB
:100700002200FFE7009947F28C60C2F2004050F8E7
:10071000210050B9FFE745F69C01C2F200410120DB
:10072000887600208DF807000DE0FFE70098013083
:100730000090C6E747F2AA61C2F2004101200870AA
:100740008DF80700FFE79DF8070002B080BD0000AC
:1007500083B0029001918DF8032000208DF80200F3
:10076000FFE79DF802009DF80310884229DAFFE7B1
:100770000298000F092809D8FFE70298000F3030CF
:1007800001999DF8022001F8120009E00299372032
:1007900000EB117001999DF8022001F81200FFE7AB
:1007A00002980001029001989DF8021000EB4101AF
:1007B00000204870FFE79DF8020001308DF802002C
:1007C000CFE703B07047000080B586B000200190ED
:1007D0000590049003900290FAF74AFB01980121DA
:1007E0008DF808108DF809000022C3F2040203926C
:1007F0000E228DF810208DF811008DF812100322B2
:100800008DF813208DF814108DF815008DF8160052
:100810008DF8170002A8FAF7EBFA0420FAF73CFB70
:1008200006B080BD0000000080B586B0FFE744F24E
:10083000D840C5F60200016841F00101016000687E
:1008400000F0010005900598FFE70B2000900521BE
:10085000029100220392FAF75FFB0098FAF750FB2F
:100860000299039A0C200190FAF756FB0198FAF7C7
:1008700047FB0299039A0D200490FAF74DFB049868
:10088000FAF73EFB06B080BD80B582B045F65860F1
:10089000C2F2004000904AF20001C4F2000101607F
:1008A000002201928260C2604FF0010C80F810C0FB
:1008B0004274827405214161042181610F23C36167
:1008C00001624FF0020EC0F824E0C0F828C0C362F5
:1008D0000163426308238363C26318210164122108
:1008E00041648364C164026541658265C2652023F9
:1008F000036642668166F9F7CFFB18B1FFE7F3F7AD
:10090000A7FFFFE702B080BD80B582B045F6F86072
:10091000C2F2004000904AF20041C4F200010160BE
:10092000002201928260C2604FF0010C80F810C07A
:100930004274827405214161042181610F23C361E6
:1009400001624FF0020EC0F824E0C0F828C0C36274
:1009500001634FF4A061416308238363C2631821DC
:100960000164122141648364C1640265416582654A
:10097000C2652023036642668166F9F78DFB18B1D4
:10098000FFE7F3F765FFFFE702B080BD000000005E
:1009900080B582B041F21140C0F600004CF208422E
:1009A000C0F601020021019107F04AFA019940F2D4
:1009B000A412C2F20042106041F2B950C0F6000029
:1009C0004CF23C42C0F6010207F03AFA019940F2BB
:1009D000A812C2F20042106047F28940C0F601003E
:1009E0004CF2AC52C0F6010207F02AFA01994FF21C
:1009F000C462C2F20042106042F24110C0F601002F
:100A00004CF2C842C0F6010207F01AFA019940F20E
:100A1000E412C2F20042106047F21960C0F6010011
:100A20004CF2E432C0F6010207F00AFA019940F2F2
:100A3000A012C2F20042106040F6D160C0F6000081
:100A40004CF2C022C0F6010207F0FAF940F2801120
:100A5000C2F20041086002B080BD0000000000004A
:100A600080B594B0002013901290119010900F90C8
:100A7000FFE744F2E040C5F60200016841F01001D2
:100A80000160006800F010000E900E98FFE7FFE78D
:100A900044F2E040C5F60200016841F080010160C7
:100AA000006800F080000D900D98FFE7FFE744F22A
:100AB000E040C5F60200016841F0040101600068F1
:100AC00000F004000C900C98FFE7FFE744F2E040D0
:100AD000C5F60200016841F001010160006800F004
:100AE00001000B900B98FFE7FFE744F2E040C5F6EA
:100AF0000200016841F002010160006800F002009C
:100B00000A900A98FFE7FFE744F2E040C5F60200CA
:100B1000016841F008010160006800F008000990D8
:100B20000998FFE741F20000C5F602000190182184
:100B300001220592FAF774F840F60000C5F60200AB
:100B400003900721029100220892FAF769F8059AAA
:100B50000020C5F60200069010210491FAF760F813
:100B60000198089A8021FAF75BF80198059A08998C
:100B700098230F931092119112910FA90791F9F7F1
:100B80006BFEDDF808C00398059B0799089ACDF81D
:100B90003CC0109311921292F9F75EFE049B059AE5
:100BA000069807990F931092119202221292F9F768
:100BB00053FE08994FF08060FEF72EFB14B080BD05
:100BC00080B582B046F29040C2F20040009043F2FD
:100BD0000001C4F2010101604FF480014160002175
:100BE000019181600722C260016141614FF0806222
:100BF00082614FF04052C261016241628162C16212
:100C000041638163C163016441648164C1640165BE
:100C100041658165FEF718F918B1FFE7F3F718FE93
:100C2000FFE702B080BD000080B582B046F21850E8
:100C3000C2F20040009043F20041C4F201010160A1
:100C40004FF4800141600021019181600722C26060
:100C5000016141614FF0806282614FF04052C26198
:100C6000016241628162C16241638163C163016467
:100C700041648164C164016541658165FEF7E4F802
:100C800018B1FFE7F3F7E4FDFFE702B080BD000015
:100C900080B582B046F2EC50C2F20040009041F2C2
:100CA0000001C4F20101016044F24021C0F20F01D1
:100CB0004160002101918160C16001610C224261AB
:100CC0008161C161016241628162FFF7C9FA18B1B5
:100CD000FFE7F3F7BDFDFFE746F2EC50C2F200403C
:100CE0000021FEF729FE18B1FFE7F3F7B1FDFFE79A
:100CF00046F2EC50C2F200400021FEF7D5FD18B1DB
:100D0000FFE7F3F7A5FDFFE746F2EC50C2F2004023
:100D1000FEF706FD18B1FFE7F3F79AFDFFE702B013
:100D200080BD00000000000080B582B046F2806007
:100D3000C2F20040009041F20041C4F201010160A2
:100D40004FF4E1314160002101918160C160016196
:100D50000C2242618161C161016241628162FFF7DF
:100D60007FFA18B1FFE7F3F773FDFFE746F2806003
:100D7000C2F200400021FEF7DFFD18B1FFE7F3F7F4
:100D800067FDFFE746F28060C2F200400021FEF7F7
:100D90008BFD18B1FFE7F3F75BFDFFE746F28060DC
:100DA000C2F20040FEF77CFC18B1FFE7F3F750FDFC
:100DB000FFE702B080BD000080B545F61420C2F206
:100DC000004040F20401C2F20041002203F044FE60
:100DD00018B1FFE7F3F73CFDFFE745F61420C2F238
:100DE000004040F22C01C2F2004104F061FB18B156
:100DF000FFE7F3F72DFDFFE745F61420C2F20040B0
:100E000040F2C801C2F2004103F012F818B1FFE746
:100E1000F3F71EFDFFE745F61420C2F2004004F090
:100E2000D7FC18B1FFE7F3F713FDFFE7FBF7D4FAA0
:100E300080BD000000000000FFE7FEE700000000AA
:100E400085B0039002910298406801388DF8070040
:100E5000039838B1FFE7029820B1FFE702980068D5
:100E600020B9FFE700208DF813005DE1029840688B
:100E700028B1FFE702984068092804D3FFE7002063
:100E80008DF8130050E1039890F8C611481E0091A8
:100E9000022805D3FFE70098032800F0A1803FE176
:100EA0009DF80700032811DCFFE79DF807008DF887
:100EB00006000298016845F65862C2F2004204201A
:100EC000914208BF01208DF8050010E09DF8070051
:100ED00004388DF806000298006845F65861C2F2A1
:100EE0000041401A18BF03208DF80500FFE79DF868
:100EF000070000F20120029988609DF8051047F272
:100F00008C60C2F2004050F8210020B9FFE70020B9
:100F10008DF8130008E100208DF80400FFE79DF82C
:100F2000040046F21671C2F200410978884242DAA2
:100F3000FFE79DF8041041F27C70C2F2004050F8C7
:100F4000210088B3FFE79DF8041041F27C70C2F2E3
:100F5000004050F82100D0F8C00128B3FFE79DF809
:100F6000041041F27C70C2F2004050F82100D0F829
:100F7000C001006802990968884215D1FFE79DF811
:100F8000041041F27C70C2F2004050F82100D0F809
:100F9000C001D0F8B00002998968884204D1FFE707
:100FA00000208DF81300BFE0FFE79DF8040001303A
:100FB0008DF80400B3E79DF8052047F2A461C2F262
:100FC0000041012088549DF80610039A82F8C5114B
:100FD0009DF80510039A82F8C4118DF81300A3E060
:100FE0009DF80700032810DCFFE79DF807008DF847
:100FF00006000298006845F65861C2F20041401AA6
:1010000018BF03208DF8050011E09DF80700043893
:101010008DF806000298016845F65862C2F2004257
:101020000520914208BF02208DF80500FFE79DF8DA
:10103000070000F20520029988609DF8051047F22C
:101040008C60C2F2004050F8210020B9FFE7002078
:101050008DF8130068E000208DF80400FFE79DF88C
:10106000040046F21671C2F200410978884242DA61
:10107000FFE79DF8041041F27C70C2F2004050F886
:10108000210088B3FFE79DF8041041F27C70C2F2A2
:10109000004050F82100D0F8C00128B3FFE79DF8C8
:1010A000041041F27C70C2F2004050F82100D0F8E8
:1010B000C001006802990968884215D1FFE79DF8D0
:1010C000041041F27C70C2F2004050F82100D0F8C8
:1010D000C001D0F8B00002998968884204D1FFE7C6
:1010E00000208DF813001FE0FFE79DF80400013099
:1010F0008DF80400B3E79DF8052047F2A461C2F221
:101100000041012088549DF80610039A82F8C51109
:101110009DF80510039A82F8C4118DF8130003E0BE
:1011200000208DF81300FFE79DF8130005B070470D
:10113000FFE7FEE70000000088B0079006910592E7
:10114000079800F0070004900498C0F107000528F4
:1011500003D3FFE70420019004E00498C0F10700E6
:101160000190FFE70198039004980430062803D803
:10117000FFE70020009003E0049803380090FFE7A9
:101180000098029006980399012202FA01F10139B0
:101190000840029B984005999A40013A1140084343
:1011A00008B070470000000080B545F6AC70C2F290
:1011B0000040FAF7E5F980BD80B586B0059004914E
:1011C000059800680390039802900398006C0190C2
:1011D0000298049900EB4110D0F8080B0090019898
:1011E00043F20B01C4F6547188420FD3FFE79DF818
:1011F00001000006002809D5FFE70298049900EBDA
:1012000041114FF40040C1F8080BFFE70598FBF7C8
:1012100023F8019843F20B01C4F6547188420DD3B0
:10122000FFE705988079012808D1FFE7059908684C
:1012300001F29C42012105F0FFF8FFE7002006B013
:1012400080BD00000000000080B588B007900691C6
:10125000079800680490049803900498006C02902A
:101260000398069900EB4110D0F8080B01900798FD
:101270008079012840F08180FFE79DF80400000795
:10128000002818D5FFE7029843F20B01C4F6547109
:1012900088420FD3FFE79DF805000006002809D516
:1012A000FFE70398069900EB41114FF40040C1F8A5
:1012B000080BFFE760E09DF804008006002808D5D1
:1012C000FFE70398069900EB41112020C1F8080BB5
:1012D00051E09DF8040010F0280F4AD1FFE7029872
:1012E00043F20B01C4F6547188420FD3FFE79DF817
:1012F00005000006002809D5FFE70398069900EBD2
:1013000041114FF40040C1F8080B31E007980699ED
:1013100001EBC10100EB810000F515700590059807
:10132000006A0399069A01EB4211D1F8101B6FF382
:10133000DF41401A05994861069898B9FFE705987A
:10134000006940B9FFE70799086801F29C42012152
:1013500005F072F805E00599C8684A691044C8604C
:10136000FFE7FFE707989DF81810F9F795FEFFE7EC
:1013700000E0FFE7FFE7FFE747E0029843F20A11CA
:10138000C4F65471884224D1FFE79DF80500000699
:10139000002809D5FFE70398069900EB41114FF4A7
:1013A0000040C1F8080B13E09DF8040080060028F7
:1013B00008D5FFE70398069900EB41112020C1F8FA
:1013C000080BFFE707989DF81810F9F765FEFFE78F
:1013D0001AE0069890B9FFE70798069901EBC1015A
:1013E00000EB8100D0F8640240B9FFE70799086874
:1013F00001F29C42002105F01FF8FFE707989DF8D5
:101400001810F9F749FEFFE7FFE7002008B080BD9C
:1014100080B58CB00A9009910A98006808900898E5
:1014200007900A98099901EBC10100EB8100143083
:101430000690069801694069884204D9FFE70120B7
:101440008DF82F0079E0069908694969401A0590DE
:10145000059806998968884204D9FFE7069880684C
:101460000590FFE70598033080080490FFE7079890
:10147000099900EB4110D0F8180981B2049A0020B4
:10148000914202900FD3FFE706980269416900205C
:101490009142029007D2FFE706980069002818BF22
:1014A00001200290FFE70298C00770B3FFE706999A
:1014B00008694969401A0590059806998968884223
:1014C00004D9FFE7069880680590FFE70598033088
:1014D0008008049008980699C9689DF82420BDF8F2
:1014E0001430DDF828C09CF806C0EE46CEF800C0E7
:1014F00005F082FF059A0699C8681044C860059AED
:101500000699486910444861B1E706990869496934
:1015100088420ED8FFE7099800F00F0101208840AB
:101520000390039A0799D1F834089043C1F834081E
:10153000FFE700208DF82F00FFE79DF82F000CB08B
:1015400080BD00000000000080B584B003908DEDE8
:10155000020ACDED010A0398406949F28061C0F2A8
:101560009801084204D0FFE7039806F0A9F9FFE7C5
:1015700003986030F2F768FC039880ED190A02982E
:101580000399C86201980399C865039890ED0B1AF6
:1015900090ED170A30EE410A80ED0D0A039890EDA8
:1015A000041A90ED0D0AB0EEC00AB4EE410AF1EE55
:1015B00010FA7CDDFFE7039890ED000A90ED0D1A1C
:1015C00020EE010A80ED100A039890ED010A90EDDB
:1015D0000D2A90ED191A20EE020A20EE010A80ED84
:1015E000130A039890ED020A90ED0D2A90ED0E3A41
:1015F00090ED191A32EE432A20EE020A80EE010A1B
:1016000080ED120A0398007D4006002804D5FFE70C
:10161000039806F0B1F9FFE70398407D0006002823
:1016200004D5FFE7039806F013F8FFE70398007D61
:101630000007002804D5FFE7039806F071F8FFE7DC
:101640000398807D4007002804D5FFE7039806F043
:101650004BF8FFE70398007DC00720B1FFE7039830
:1016600006F076F8FFE7039890ED110A90ED131A53
:1016700030EE010A80ED110A039890ED100A90ED0A
:10168000112A90ED121A30EE020A30EE010A80EDB6
:10169000140A0398407DC006002804D5FFE703988C
:1016A00006F0CAF8FFE7039806F0E2F805E00399B0
:1016B000002008650399C864FFE70399C86A0863B6
:1016C0000399086D48650399886C88650399486B90
:1016D00088630399C86CC863039890ED140A04B03A
:1016E00080BD00000000000080B582B00190009134
:1016F0000098006801990860009840680199486066
:1017000000988068019988600098C0680199C86055
:101710000098006901990861009840690199486141
:1017200000988069019988610098C0690199C86131
:101730000098006A019908620098406A019948621D
:101740000098806A0199886201986030F2F77CFB0A
:1017500002B080BD0000000000000000000000009A
:10176000EFF30980BFF36F8F154B1A681EF0100F4F
:1017700008BF20ED108A20E9F04F10602DE9090024
:101780004FF0500072B680F31188BFF34F8FBFF354
:101790006F8F62B608F0F4FA4FF0000080F3118802
:1017A000BDE8090019680868B0E8F04F1EF0100F96
:1017B00008BFB0EC108A80F30988BFF36F8F7047C1
:1017C0001C6800240000000080B586B004900391DE
:1017D00000208DF8070044F22840C5F6020000689A
:1017E00000F00300032804D1FFE701208DF8170063
:1017F000CBE044F20041C5F60201086820F08060A9
:101800000860F9F72DFA0290FFE744F20040C5F6B0
:101810000200006800F000610020B0EBD16F0CD036
:10182000FFE7F9F71DFA0299401A032804D3FFE7EE
:1018300003208DF81700A8E0E7E7FFE744F228410E
:10184000C5F60201086820F47C30049A126840EA68
:101850000230086004994868D1F808C0CB680A696A
:1018600001386FF35F204FF60061CFF6FF7101EB97
:101870004C2189B208440021CFF6FF7101EB0341EE
:1018800001F4FE0108444FF07F4101EB026101F0D9
:10189000FE41084444F23841C5F602010860FFE702
:1018A00044F22C41C5F602010091086820F0C00006
:1018B000049A526910430860086820F02000049AD6
:1018C000926910430860086820F01000086044F234
:1018D0003C42C5F6020210684FF6F8739843049B29
:1018E000DB6940EAC3001060086840F0100008603F
:1018F000039848B9FFE744F22C41C5F60201086895
:1019000040F40020086016E00398012809D1FFE7A1
:1019100044F22C41C5F60201086840F480100860CA
:1019200008E044F22C41C5F60201086840F40010BA
:101930000860FFE7FFE744F20041C5F602010868CE
:1019400040F080600860F9F78BF90290FFE744F2FD
:101950000040C5F60200006800F000610020B0EB16
:10196000D16F0CD1FFE7F9F77BF90299401A0328F0
:1019700004D3FFE703208DF8170006E0E7E7FFE751
:101980009DF807008DF81700FFE79DF8170006B0D7
:1019900080BD00000000000080B586B00490039177
:1019A00000208DF8070044F22840C5F602000068C8
:1019B00000F00300032804D1FFE701208DF8170091
:1019C000CBE044F20041C5F60201086820F08050E7
:1019D0000860F9F745F90290FFE744F20040C5F6C8
:1019E0000200006800F000510020B0EB517F0CD0E5
:1019F000FFE7F9F735F90299401A032804D3FFE706
:101A000003208DF81700A8E0E7E7FFE744F228413C
:101A1000C5F60201086820F07C70049A126840EA5A
:101A20000250086004994868D1F808C0CB680A6978
:101A300001386FF35F204FF60061CFF6FF7101EBC5
:101A40004C2189B208440021CFF6FF7101EB03411C
:101A500001F4FE0108444FF07F4101EB026101F007
:101A6000FE41084444F24041C5F602010860FFE728
:101A700044F22C41C5F602010091086820F4406050
:101A8000049A526910430860086820F40070049AB0
:101A9000926910430860086820F48070086044F27E
:101AA0004442C5F6020210684FF6F8739843049B4F
:101AB000DB6940EAC3001060086840F48070086089
:101AC000039848B9FFE744F22C41C5F602010868C3
:101AD00040F48000086016E00398012809D1FFE770
:101AE00044F22C41C5F60201086840F40000086089
:101AF00008E044F22C41C5F60201086840F080700D
:101B00000860FFE7FFE744F20041C5F602010868FC
:101B100040F080500860F9F7A3F80290FFE744F224
:101B20000040C5F60200006800F000510020B0EB54
:101B3000517F0CD1FFE7F9F793F80299401A032877
:101B400004D3FFE703208DF8170006E0E7E7FFE77F
:101B50009DF807008DF81700FFE79DF8170006B005
:101B600080BD00000000000081B00090009828B106
:101B7000FFE70098D0F8C00108B9FFE70EE0009831
:101B8000D0F8C01144F27110C0F60000C1F8B800DE
:101B90000098D0F8C011C1F8BC00FFE701B0704751
:101BA00080B58AB00990089109980290089803902E
:101BB000002004908DF814000690079002A8F2F718
:101BC000BFFF0190019828B1FFE701980821F3F7C2
:101BD000ABFAFFE701980AB080BD000000000000EA
:101BE00080B582B046F6A040C2F20040019046F6B1
:101BF000C041C2F20041009101600068C021EEF7CF
:101C000032FD00990198A23146F69C42C2F2004290
:101C10001160026846F28061C2F20041116040F238
:101C2000E411C2F2004109680268C2F8B810006805
:101C30000068D0F8800090B1FFE746F6A040C2F2FD
:101C4000004001680968D1F880204FF48071D161AB
:101C500000680068D0F88000F6F7FAFBFFE746F668
:101C6000A040C2F20040016851F8200B8022FDF72D
:101C70009BFD02B080BD000080B582B046F6A0405A
:101C8000C2F20040006808B9FFE713E0012000211C
:101C90004FF0FF3206F044F801909DF80400C007B1
:101CA00040B1FFE746F6A040C2F20040006800F0F5
:101CB00003F8FFE702B080BD80B590B00B900B98A1
:101CC00020300A900B9820300F9080200E900E98B4
:101CD000012820DBFFE70E980F9901F01F0108444F
:101CE0000D900F980C90BFF34F8FFFE70C984EF6B6
:101CF0005C71CEF2000108600C9820300C900D98B9
:101D000020380D900D980028F0DCFFE7BFF34F8FCF
:101D1000BFF36F8FFFE70B980068D0F88000006872
:101D20001021C4F20201884200F0B280FFE70B9854
:101D30000068D0F8800000682821C4F202018842BF
:101D400000F0A680FFE70B980068D0F880000068DC
:101D50004021C4F20201884200F09A80FFE70B980C
:101D60000068D0F8800000685821C4F2020188425F
:101D700000F08E80FFE70B980068D0F880000068C4
:101D80007021C4F20201884200F08280FFE70B98C4
:101D90000068D0F8800000688821C4F202018842FF
:101DA00076D0FFE70B980068D0F880000068A0218B
:101DB000C4F2020188426BD0FFE70B980068D0F8AC
:101DC00080000068B821C4F20201884260D0FFE7B9
:101DD0000B980068D0F88000006840F21041C4F20F
:101DE0000201884254D0FFE70B980068D0F88000C9
:101DF000006840F22841C4F20201884248D0FFE75F
:101E00000B980068D0F88000006840F24041C4F2AE
:101E1000020188423CD0FFE70B980068D0F88000B0
:101E2000006840F25841C4F20201884230D0FFE716
:101E30000B980068D0F88000006840F27041C4F24E
:101E40000201884224D0FFE70B980068D0F8800098
:101E5000006840F28841C4F20201884218D0FFE7CE
:101E60000B980068D0F88000006840F2A041C4F2EE
:101E7000020188420CD0FFE70B980068D0F8800080
:101E8000006840F2B841C4F20201884208D1FFE77D
:101E90000B980068D0F8800000684068029007E066
:101EA0000B980068D0F88000006840680290FFE757
:101EB0000298C0F18000ADF82600FFE70B98B0F85B
:101EC000A000BDF82610884200F0A180FFE7BDF811
:101ED00026000B99B1F8A010401AADF82400BDF906
:101EE0002400B0F1FF3F06DCFFE7BDF8240080309E
:101EF000ADF82400FFE7BDF92400112801DCFFE75D
:101F000085E000200390FFE70398112815DCFFE728
:101F10000A980B99B1F8A010039A1144CB1701EB62
:101F2000536323F07F03C91A405C0DF112018854FA
:101F3000FFE7039801300390E6E79DF81200AA2816
:101F40005BD1FFE79DF82300552856D1FFE79DF8A8
:101F500013000B9981F8A2009DF814000B9981F8E9
:101F6000A3009DF815000B9981F8A4009DF81600B8
:101F70000B9981F8A5000DF112000190053005F0D4
:101F800017FB014601980B9AA2F8A610073005F03E
:101F90000FFB0146019849420B9AA2F8A81009309C
:101FA00005F006FB014601980B9AA2F8AA100B3027
:101FB00005F0FEFA014601980B9AA2F8AC100D301C
:101FC00005F0F6FA0B99A1F8AE009DF821000B99E7
:101FD00081F8B0009DF822000B9981F8B100F8F764
:101FE0003FFE0B99C1F8B4000B99B1F8A000123074
:101FF00000F07F00A1F8A00008E00B99B1F8A00064
:10200000013000F07F00A1F8A000FFE756E710B014
:1020100080BD00000000000080B582B00190ADF8E6
:10202000021046F6A040C2F200400068A8B3FFE7E5
:1020300046F6A040C2F2004000680068019988425C
:102040002BD1FFE746F6A040C2F200400068D0F86E
:10205000B80068B9FFE740F2E410C2F2004000683F
:1020600046F6A041C2F200410968C1F8B800FFE796
:1020700046F6A040C2F200400068D0F8B80058B15F
:10208000FFE746F6A040C2F200400068D0F8B80072
:10209000012105F0F1FDFFE7FFE702B080BD000080
:1020A00083B002900298C16B012000EB51100190A7
:1020B0000298C0680130009000980730C008009076
:1020C00000980199484303B07047000000000000E9
:1020D000074B19680868B0E8F04F80F30988BFF330
:1020E0006F8F4FF0000080F31188704700BF00BF72
:1020F0001C6800240000000080B56FF0040000217F
:1021000005F0EEF980BD000084B0039003980090C4
:1021100000980078ADF80800009801300090009811
:102120000078ADF80600BDF80610BDF8080040EADA
:102130000120ADF80A00BDF80A0004B070470000A5
:1021400080B582B00190FFE7FFF796FDFCE7000045
:1021500080B54EF21000CEF20000006808F0ACFD31
:10216000012803D0FFE707F0F3FEFFE780BD000082
:1021700080B59EB00BA84C21EEF775FA00200190B7
:102180000A9009900890079006900590049003909B
:102190000220FAF7CDF8FFE70020029040F22C4031
:1021A000C5F60000016821F001010160006800F03F
:1021B0000100029044F61800C5F60200016841F4DF
:1021C00040410160006800F4404002900298FFE73F
:1021D000FFE744F61800C5F60200006800F400505E
:1021E000B0F5005F01D0FFE7F3E701200B904FF45B
:1021F00080300C9002201490159016904021179179
:102200001890082119911A900C201B9000201C9006
:102210001D900BA8FCF76CF818B1FFE7F2F718FB5C
:10222000FFE73F2003900320049000200590082042
:1022300006904020079008904FF4806109910A9021
:1022400003A80221FBF7E8FB18B1FFE7F2F700FB58
:10225000FFE71EB080BD000081B04EF68851CEF27F
:102260000001086840F47000086042F20000C5F206
:102270000020006800F00F0006280AD8FFE742F2AD
:102280000001C5F200210868072262F3030008601C
:10229000FFE744F20041C5F60201086840F0010082
:1022A000086044F21042C5F602020020106008687F
:1022B0004EF67F52CEF6F6221040086042F2000041
:1022C000C5F20020006800F00F0008280AD3FFE7DD
:1022D00042F20001C5F200210868072262F3030000
:1022E0000860FFE744F21841C5F6020100200090A3
:1022F000086044F21C41C5F60201086044F2204126
:10230000C5F60201086044F22842C5F6020240F216
:102310000021C0F20221116044F22C42C5F60202F3
:102320000021C0F2FF11116044F23042C5F60202F2
:1023300040F28021C0F20111116044F23442C5F62E
:102340000202106044F23842C5F60202116044F203
:102350003C42C5F60202106044F24042C5F6020259
:10236000116044F24441C5F60201086044F20042A3
:10237000C5F60202116821F48021116044F2604127
:10238000C5F60201086041F20001C5F60041096886
:10239000B0EB517F07D1FFE748F20811C5F20011F9
:1023A00001200860FFE744F2D440C5F6020000684F
:1023B000C004002814D4FFE744F2D441C5F602015A
:1023C000086840F48050086044F20002C5F2002220
:1023D00043F2D2001060086820F480500860FFE7E4
:1023E00001B070470000000080B546F2A050C2F274
:1023F0000040FDF70DF880BD83B002900191029876
:102400000068009002980021C4F20101884225D0A2
:10241000FFE70298B0F1804F20D0FFE7029840F22A
:102420000041C4F20001884218D0FFE7029840F64C
:102430000001C4F20001884210D0FFE7029840F684
:102440000041C4F20001884208D0FFE7029840F240
:102450000041C4F2010188420AD1FFE7009820F050
:102460007000009001984168009808430090FFE7D1
:1024700002980021C4F2010188423DD0FFE7029892
:10248000B0F1804F38D0FFE7029840F20041C4F22B
:102490000001884230D0FFE7029840F60001C4F204
:1024A0000001884228D0FFE7029840F60041C4F2BC
:1024B0000001884220D0FFE7029840F20041C4F2B8
:1024C0000101884218D0FFE7029844F20001C4F2EB
:1024D0000101884210D0FFE7029844F20041C4F2A3
:1024E0000101884208D0FFE7029844F60001C4F2D7
:1024F000010188420AD1FFE7009820F44070009063
:102500000198C168009808430090FFE7009820F008
:1025100080000199496908430090019880680299F8
:10252000C862019800680299886202980021C4F28A
:102530000101884220D0FFE7029840F20041C4F236
:102540000101884218D0FFE7029844F20001C4F26A
:102550000101884210D0FFE7029844F20041C4F222
:102560000101884208D0FFE7029844F60001C4F256
:102570000101884205D1FFE70198006902990863CB
:10258000FFE70299086840F0040008600299012002
:10259000486100980299086003B07047000000008D
:1025A00082B001900198406E40B9FFE70199012087
:1025B000A1F86A000199A1F8680032E010208DF8B6
:1025C00003008DF80200019800688068C0F3426043
:1025D0008DF80100019800688068400F8DF80000B8
:1025E0009DF802009DF800204CF2F443C0F6010370
:1025F000995C48434CF2EC41C0F601018A5CB0FBA7
:10260000F2F0019AA2F86A009DF803009DF80120FB
:102610009B5C5843895CB0FBF1F00199A1F868001C
:10262000FFE702B07047000081B00090009890F87A
:102630002800000700280BD5FFE7009800684068D5
:1026400020F40040009A1168926B10434860FFE745
:10265000009890F82800C00758B1FFE7009800687C
:10266000406820F40030009A1168D26A1043486034
:10267000FFE7009890F82800800700280BD5FFE7B7
:1026800000980068406820F48030009A1168126B4E
:1026900010434860FFE7009890F8280040070028A2
:1026A0000BD5FFE700980068406820F48020009A6E
:1026B0001168526B10434860FFE7009890F82800BB
:1026C000C00600280BD5FFE700980068806820F45A
:1026D0008050009A1168D26B10438860FFE7009821
:1026E00090F82800800600280BD5FFE700980068C6
:1026F000806820F40050009A1168126C10438860C2
:10270000FFE7009890F82800400600281CD5FFE756
:1027100000980068406820F48010009A1168526C9C
:10272000104348600098406CB0F5801F0BD1FFE764
:1027300000980068406820F4C000009A1168926C0C
:1027400010434860FFE7FFE7009890F82800000674
:1027500000280BD5FFE700980068406820F40020AF
:10276000009A1168D26C10434860FFE701B07047CF
:1027700080B588B0069006990020C1F89000F8F75F
:102780006FFA0590069800680068000700282FD5AA
:10279000FFE70698059B6A466FF07E4111604FF493
:1027A0000011002200F040FF08B3FFE7FFE7FFE75A
:1027B0000698006850E8000F20F080000490FFE7C2
:1027C00004990698026842E800100028F0D1FFE75B
:1027D000FFE706992020C1F88800FFE7069900204E
:1027E00081F88400FFE703208DF81F005FE0FFE71A
:1027F0000698006800684007002842D5FFE7069861
:10280000059B6A466FF07E4111604FF48001002203
:1028100000F00AFFA0B3FFE7FFE7FFE706980068B4
:1028200050E8000F20F490700390FFE7039906989A
:10283000026842E800100028F0D1FFE7FFE7FFE759
:10284000FFE70698006850E8020F20F001000290B0
:10285000FFE702990698026842E802100028F0D1CA
:10286000FFE7FFE706992020C1F88C00FFE70699F3
:10287000002081F88400FFE703208DF81F0016E098
:10288000FFE706992020C1F888000699C1F88C005E
:1028900006990020C86606990867FFE70699002098
:1028A00081F88400FFE700208DF81F00FFE79DF806
:1028B0001F0008B080BD000080B582B00190019873
:1028C000806B009000990020A1F85E000098FDF751
:1028D00023F902B080BD000080B584B00390039856
:1028E000806B02900298D0F8880001900298D0F88E
:1028F0008C000090029800688068000600280CD5C3
:10290000FFE70198212808D1FFE702990020A1F8EC
:102910005600029800F02CF9FFE7029800688068E2
:10292000400600280CD5FFE70098222808D1FFE7D1
:1029300002990020A1F85E00029800F0A5F8FFE7D8
:102940000299D1F8900040F01000C1F89000029870
:10295000FDF7E2F804B080BD80B586B0059005981B
:10296000806B04900598C069B0F5807F5BD0FFE76D
:1029700004990020A1F85E00FFE7FFE704980068D3
:1029800050E8000F20F480700390FFE7039904984B
:10299000026842E800100028F0D1FFE7FFE7FFE7F8
:1029A000FFE70498006850E8020F20F00100029051
:1029B000FFE702990498026842E802100028F0D16B
:1029C000FFE7FFE7FFE7FFE70498006850E8020F22
:1029D00020F040000190FFE701990498026842E866
:1029E00002100028F0D1FFE7FFE704992020C1F88A
:1029F0008C000498C06E012814D1FFE7FFE7FFE7C1
:102A00000498006850E8000F20F010000090FFE7E5
:102A100000990498026842E800100028F0D1FFE70E
:102A2000FFE7FFE7FFE70499002008670498C06EFE
:102A3000012806D1FFE70498B0F85C10FCF70CFF02
:102A400003E00498FDF78CFDFFE706B080BD0000B1
:102A500080B582B001900198806B009000990120B0
:102A600008670098C06E012807D1FFE70098B0F80A
:102A70005C104908FCF7F0FE03E00098FDF774FDD8
:102A8000FFE702B080BD000084B00390FFE7FFE7DE
:102A90000398006850E8000F20F490700290FFE760
:102AA00002990398026842E800100028F0D1FFE77D
:102AB000FFE7FFE7FFE70398006850E8020F4FF6D3
:102AC000FE71CEF6FF7108400190FFE7019903986F
:102AD000026842E802100028EDD1FFE7FFE7039803
:102AE000C06E012814D1FFE7FFE7FFE703980068F5
:102AF00050E8000F20F010000090FFE700990398C5
:102B0000026842E800100028F0D1FFE7FFE7FFE786
:102B100003992020C1F88C0003990020C86603990E
:102B2000486704B07047000080B582B00190FFE7AD
:102B3000FFE70198006850E8000F20F04000009087
:102B4000FFE700990198026842E800100028F0D1E0
:102B5000FFE7FFE701992020C1F8880001990020D4
:102B600088670198FDF7A0FD02B080BD000000005D
:102B700083B00290FFE7FFE70298006850E8000F7B
:102B800020F0C0000190FFE701990298026842E836
:102B900000100028F0D1FFE7FFE7FFE7FFE702980A
:102BA000006850E8020F20F400000090FFE7009951
:102BB0000298026842E802100028F0D1FFE7FFE720
:102BC00002992020C1F8880003B07047000000007F
:102BD00080B59CB01B9000208DF85F001B980068AA
:102BE00040F60041C5F60001884201D1FFE700E050
:102BF000FFE71B9988680B694A69C9691843104344
:102C000008431A901B980068006846F6F311CCF64A
:102C1000FF7108401A9908431B99096808601B98BE
:102C20000068406820F440501B9A1168D268104335
:102C300048601B9880691A901B98006840F6004114
:102C4000C5F60001884206D0FFE71B98016A1A9872
:102C500008431A90FFE71B98006880684FF2FF4115
:102C6000C1F2FF1108401A9908431B99096888604E
:102C70001B980068C06A20F00F001B9A1168526A06
:102C80001043C862FFE71B98006841F20001C4F2DC
:102C90000101884240F04180FFE744F25440C5F60C
:102CA0000200006800F0380001460E9128282FD855
:102CB0000E99DFE801F0152D2D2D2D2D2D2D192D1F
:102CC0002D2D2D2D2D2D1D2D2D2D2D2D2D2D212D50
:102CD0002D2D2D2D2D2D252D2D2D2D2D2D2D29005D
:102CE00001208DF8650017E004208DF8650013E0E1
:102CF00008208DF865000FE010208DF865000BE0CE
:102D000020208DF8650007E040208DF8650003E085
:102D100080208DF86500FFE7D6E11B98006844F23B
:102D20000041C4F2000188422ED1FFE744F2544032
:102D3000C5F60200006800F0070001460D91052865
:102D40001DD80D99DFE801F003070B0F13170020C2
:102D50008DF8650017E004208DF8650013E0082069
:102D60008DF865000FE010208DF865000BE0202045
:102D70008DF8650007E040208DF8650003E08020B5
:102D80008DF86500FFE79EE11B98006844F600019E
:102D9000C4F2000188422ED1FFE744F25440C5F648
:102DA0000200006800F0070001460C9105281DD8BC
:102DB0000C99DFE801F003070B0F131700208DF8C3
:102DC000650017E004208DF8650013E008208DF8F9
:102DD00065000FE010208DF865000BE020208DF8D5
:102DE000650007E040208DF8650003E080208DF845
:102DF0006500FFE766E11B98006844F60041C4F2F5
:102E0000000188422ED1FFE744F25440C5F602008B
:102E1000006800F0070001460B9105281DD80B99AA
:102E2000DFE801F003070B0F131700208DF8650092
:102E300017E004208DF8650013E008208DF8650088
:102E40000FE010208DF865000BE020208DF8650064
:102E500007E040208DF8650003E080208DF86500D4
:102E6000FFE72EE11B98006845F20001C4F2000163
:102E700088422ED1FFE744F25440C5F602000068B4
:102E800000F0070001460A9105281DD80A99DFE8DD
:102E900001F003070B0F131700208DF8650017E0F2
:102EA00004208DF8650013E008208DF865000FE020
:102EB00010208DF865000BE020208DF8650007E0FC
:102EC00040208DF8650003E080208DF86500FFE765
:102ED000F6E01B98006841F20041C4F2010188420B
:102EE00040F04180FFE744F25440C5F6020000681C
:102EF00000F038000146099128282FD80999DFE809
:102F000001F0152D2D2D2D2D2D2D192D2D2D2D2D86
:102F10002D2D1D2D2D2D2D2D2D2D212D2D2D2D2DFD
:102F20002D2D252D2D2D2D2D2D2D290001208DF818
:102F3000650017E004208DF8650013E008208DF887
:102F400065000FE010208DF865000BE020208DF863
:102F5000650007E040208DF8650003E080208DF8D3
:102F60006500FFE7ABE01B98006847F60001C4F27C
:102F7000000188422ED1FFE744F25440C5F602001A
:102F8000006800F007000146089105281DD808993F
:102F9000DFE801F003070B0F131700208DF8650021
:102FA00017E004208DF8650013E008208DF8650017
:102FB0000FE010208DF865000BE020208DF86500F3
:102FC00007E040208DF8650003E080208DF8650063
:102FD000FFE773E01B98006847F60041C4F2000168
:102FE00088422ED1FFE744F25440C5F60200006843
:102FF00000F007000146079105281DD80799DFE872
:1030000001F003070B0F131700208DF8650017E080
:1030100004208DF8650013E008208DF865000FE0AE
:1030200010208DF865000BE020208DF8650007E08A
:1030300040208DF8650003E080208DF86500FFE7F3
:103040003BE01B98006840F60041C5F6000188424D
:103050002ED1FFE744F25840C5F60200006800F0A8
:1030600007000146069105281DD80699DFE801F002
:1030700003070B0F131702208DF8650017E00420DB
:103080008DF8650013E008208DF865000FE0102032
:103090008DF865000BE020208DF8650007E04020EA
:1030A0008DF8650003E080208DF86500FFE703E000
:1030B00080208DF86500FFE7FFE7FFE7FFE7FFE708
:1030C000FFE7FFE7FFE7FFE7FFE71B98006840F631
:1030D0000041C5F60001884240F0B480FFE79DF84A
:1030E000650001460591022814D0FFE705980428E1
:1030F00014D0FFE70598082816D0FFE70598102898
:1031000018D0FFE70598202835D0FFE7059840281C
:1031100037D03AE0F9F76CF90F903CE013A8F9F7D3
:103120007BF914980F9036E010A8F9F7CDFA1198B2
:103130000F9030E044F20040C5F60200006800F055
:1031400020010020B0EB511F0ED0FFE744F20040F9
:10315000C5F602000068C0F3C10149F20000C0F2E8
:10316000D030C8400F9005E049F20000C0F2D030E6
:103170000F90FFE70FE040F60010C0F23D000F9007
:1031800009E04FF400400F9005E000200F9001206F
:103190008DF85F00FFE70F98002852D0FFE70F98E7
:1031A0001B994A6A4CF2FC41C0F6010131F8121039
:1031B000B0FBF1F0169016981B99496801EB41019C
:1031C000884207D3FFE716981B994968B0EB013F87
:1031D00004D9FFE701208DF85F0031E00F981B99BB
:1031E0004A6803924A6A4CF2FC41C0F6010131F888
:1031F0001220002304931946EDF71CF9039A049B4F
:10320000090241EA1061000210EB520041F1000195
:10321000EDF710F918901898B0F5407F0BD3FFE741
:1032200018990020B0EB115F05D1FFE718981B99A2
:103230000968C86003E001208DF85F00FFE7FFE741
:10324000FFE746E11B98C069B0F5004F40F0A88049
:10325000FFE79DF8650001460291402800F2638077
:103260000299DFE801F021256060296060602F602D
:103270006060606060603560606060606060606079
:103280006060606060605660606060606060606048
:10329000606060606060606060606060606060602E
:1032A0006060606060605C00FAF772FE0F9040E062
:1032B000FAF782FE0F903CE013A8F9F7ADF81498E6
:1032C0000F9036E010A8F9F7FFF911980F9030E051
:1032D00044F20040C5F60200006800F02001002022
:1032E000B0EB511F0ED0FFE744F20040C5F60200DC
:1032F0000068C0F3C10149F20000C0F2D030C840FC
:103300000F9005E049F20000C0F2D0300F90FFE7C7
:103310000FE040F60010C0F23D000F9009E04FF4BE
:1033200000400F9005E000200F9001208DF85F0015
:10333000FFE70F9898B3FFE70F981B9A5168536AFD
:103340004CF2FC42C0F6010232F81320B0FBF2F05E
:10335000400000EB5100B0FBF1F0189018981028D5
:1033600018D3FFE7BDF86200A0B9FFE7189820F076
:103370000F00ADF86600189800F00E01BDF8660069
:1033800040EA5100ADF86600BDF866001B99096877
:10339000C86003E001208DF85F00FFE7FFE797E0DA
:1033A0009DF8650001460191402800F26380019973
:1033B000DFE801F021256060296060602F606060B7
:1033C0006060606035606060606060606060606028
:1033D00060606060566060606060606060606060F7
:1033E00060606060606060606060606060606060DD
:1033F000606060605C00FAF7CBFD0F9040E0FAF788
:10340000DBFD0F903CE013A8F9F706F814980F9035
:1034100036E010A8F9F758F911980F9030E044F20F
:103420000040C5F60200006800F020010020B0EB6B
:10343000511F0ED0FFE744F20040C5F602000068BD
:10344000C0F3C10149F20000C0F2D030C8400F9073
:1034500005E049F20000C0F2D0300F90FFE70FE026
:1034600040F60010C0F23D000F9009E04FF400401C
:103470000F9005E000200F9001208DF85F00FFE71E
:103480000F9820B3FFE70F981B9A5168536A4CF2CC
:10349000FC42C0F6010232F81320B0FBF2F000EB60
:1034A0005100B0FBF1F01890189810280AD3FFE7EC
:1034B000BDF8620030B9FFE7BDF860001B990968EC
:1034C000C86003E001208DF85F00FFE7FFE7FFE73A
:1034D000FFE71B990120A1F86A001B99A1F8680079
:1034E0001B99002048671B9988679DF85F001CB0F6
:1034F00080BD00000000000080B588B006900591F6
:10350000ADF81220059806998865BDF81200069955
:10351000A1F85C0006990020C1F8900006992220CD
:10352000C1F88C000698D0F88000B0B3FFE7069889
:10353000D0F8801042F65910C0F60100C863069812
:10354000D0F8801042F65120C0F6010008640698B9
:10355000D0F8801042F6D900C0F60100C864069881
:10356000D0F880100020086506980168826DD0F8B8
:1035700080002431BDF81230F5F71EFC60B1FFE782
:1035800006991020C1F8900006992020C1F88C00FF
:1035900001208DF81F0042E0FFE706980069A0B106
:1035A000FFE7FFE7FFE70698006850E8000F40F4E8
:1035B00080700390FFE703990698026842E80010C4
:1035C0000028F0D1FFE7FFE7FFE7FFE7FFE70698F6
:1035D000006850E8020F40F001000290FFE70299F6
:1035E0000698026842E802100028F0D1FFE7FFE7E2
:1035F000FFE7FFE70698006850E8020F40F0400040
:103600000190FFE701990698026842E8021000283D
:10361000F0D1FFE7FFE700208DF81F00FFE79DF8DE
:103620001F0008B080BD000080B586B0DDF820C066
:10363000049003918DF80B200193FFE70498006834
:10364000C06903990840401AB0FA80F040099DF81B
:103650000B10884266D1FFE708980130002860D03F
:10366000FFE7F7F7FDFA0199401A0899884203D855
:10367000FFE7089820B9FFE703208DF8170055E011
:103680000498006800684007002849D5FFE70398C0
:10369000802845D0FFE70398402841D0FFE70498F1
:1036A0000068C06900F008010120B0EBD10F16D10D
:1036B000FFE7049801680820009008620498FFF76B
:1036C000E3F900980499C1F89000FFE704990020FD
:1036D00081F88400FFE701208DF8170026E00498A8
:1036E0000068C06900F400610120B0EBD12F16D151
:1036F000FFE7049801684FF4006008620498FFF740
:10370000C3F904992020C1F89000FFE70499002034
:1037100081F88400FFE703208DF8170006E0FFE73B
:10372000FFE78BE700208DF81700FFE79DF81700F3
:1037300006B080BD0000000080B546F2EC50C2F239
:103740000040FCF70DFA80BD80B546F28060C2F201
:103750000040FCF705FA80BD80B586B004908DF876
:103760000F100498D0F8C80201900498D0F8D41231
:1037700000EB8100D0F8C00220B9FFE703208DF8EC
:1037800017005FE00498D0F8D41200EB8100D0F865
:10379000C002029004989DF80F1001F00F0101EB98
:1037A000810100EB8100806940B3FFE704989DF838
:1037B0000F1001F00F0101EB810200EB8200826922
:1037C000019801EBC10100EB8100C169B2FBF1F08E
:1037D00000FB112090B9FFE704989DF80F1001F04D
:1037E0000F0101EB810100EB81000023836104984C
:1037F0009DF80F101A4601F003FE1FE00299002009
:10380000C1F814020498D0F8D41200EB8100D0F86B
:10381000C402006988B1FFE70498D0F8D41200EB25
:103820008100D0F8C40203690299D1F8080201F5B9
:1038300004719DF80F209847FFE7FFE700208DF8FF
:103840001700FFE79DF8170006B080BD00000000DC
:1038500080B584B002908DF807100298D0F8D41289
:1038600000EB8100D0F8C00200900298D0F8D4128A
:1038700000EB8100D0F8C00220B9FFE703208DF8EB
:103880000F0019E002989DF8071001F029FB00993C
:10389000C1F80C020298D0F8D41200EB8100D0F8E5
:1038A000C402C2680099D1F8040201F5037190477F
:1038B00000208DF80F00FFE79DF80F0004B080BDD9
:1038C00080B586B005908DF81310059840F201017F
:1038D000C2F200410091097801F016F900990598AB
:1038E000097801F00F0101EB810100EB810100205B
:1038F00003908884059840F20201C2F200410191D0
:10390000097801F001F9019A03980599127802F0FB
:103910000F0202EB820201EB8201A1F8640105981B
:1039200040F20001C2F200410291097801F0ECF886
:10393000029A03980599137803F00F0303EB8303AE
:1039400001EB830188840599127802F00F0202EBE3
:10395000820201EB8201C8840598D0F8D41200EBF2
:103960008100D0F8C002F0B1FFE70598D0F8D4127A
:1039700000EB8100D0F8C402406880470598D0F879
:10398000D41200EB8100D0F8C00202F0E5F90598EE
:10399000D0F8D41200EB81010020C1F8C0020599D3
:1039A000C1F8BC02FFE7002006B080BD00000000A7
:1039B00080B584B002900298D0F8D41200EB810058
:1039C000D0F8C0020190019820B9FFE703208DF8DC
:1039D0000F0025E00298D0F8D41200EB8100D0F857
:1039E000C402C8B1FFE7019890F80002FF2813D085
:1039F000FFE70298D0F8D41200EB8100D0F8C4029F
:103A00008368019991F8000291F801229847019981
:103A1000FF2081F80002FFE700208DF80F00FFE78C
:103A20009DF80F0004B080BD81B0009000990A207D
:103A3000088040F2A800C2F2004001B070470000C8
:103A400080B586B0059040F26400C2F2004001905B
:103A5000822100F0D5FE014601980491012100F079
:103A6000CFFE014601980391812100F0C9FE02902A
:103A7000049820B1FFE7049910208871FFE70398AC
:103A800020B1FFE7039940208880FFE7029820B12A
:103A9000FFE7029940208880FFE7059943200880CE
:103AA00040F26400C2F2004006B080BD0000000099
:103AB00080B586B0059040F26400C2F200400190EB
:103AC000822100F09DFE014601980491012100F041
:103AD00097FE014601980391812100F091FE02902A
:103AE000049820B1FFE7049910208871FFE703983C
:103AF00028B1FFE703994FF400708880FFE7029830
:103B000028B1FFE702994FF400708880FFE705991C
:103B10004320088040F26400C2F2004006B080BD3D
:103B200080B586B0059040F26400C2F2004001907A
:103B3000822100F065FE014601980491012100F008
:103B40005FFE014601980391812100F059FE029029
:103B5000049820B1FFE7049910208871FFE70398CB
:103B600020B1FFE7039940208880FFE7029820B149
:103B7000FFE7029940208880FFE7059943200880ED
:103B800040F26400C2F2004006B080BD00000000B8
:103B900080B590B00E908DF837104FF4077002F09A
:103BA000DFF80C900C9860B9FFE70E98D0F8D412AB
:103BB00000EB81010020C1F8C00202208DF83F0017
:103BC000F0E00C984FF40771ECF74DFD0C980E994E
:103BD000D1F8D42201EB8201C1F8C0020E99D1F8CC
:103BE000D40201EB8000D0F8C002C1F8BC020E98EC
:103BF000007C002840D1FFE70E9840F20101C2F29C
:103C0000004107910978022208924FF4007309934A
:103C100001F05AFA0799089A099B0E98097801F061
:103C20000F0101EB810100EB810101200B908884E1
:103C30000E9840F20201C2F200410A91097801F0A7
:103C400043FA0A9A0B980E99127802F00F0202EBCF
:103C5000820201EB8201A1F864010E9840F200019A
:103C6000C2F20041097801F00F0101EB810100EB84
:103C700081011020C8843EE00E9840F20101C2F29A
:103C8000004102910978022203924023049301F03B
:103C90001BFA0299039A049B0E98097801F00F0110
:103CA00001EB810100EB81010120069088840E98D0
:103CB00040F20201C2F200410591097801F004FAD4
:103CC000059A06980E99127802F00F0202EB820212
:103CD00001EB8201A1F864010E9840F20001C2F2EA
:103CE0000041097801F00F0101EB810100EB810136
:103CF0001020C884FFE70E9840F20001C2F2004194
:103D0000009109780322082301F0DEF900990E984A
:103D1000097801F00F0101EB810100EB8101012025
:103D200088840C9900200190C1F804020E98D0F804
:103D3000D41200EB8100D0F8C402006880470198DB
:103D40000C99C1F814020C99C1F818020C98D0F81B
:103D5000040220B9FFE702208DF83F0022E00E9810
:103D6000007C70B9FFE70E9840F20201C2F20041F8
:103D700009780C9AD2F804224FF4007301F0CCF9C0
:103D80000CE00E9840F20201C2F2004109780C9A50
:103D9000D2F80422402301F0BFF9FFE700208DF89C
:103DA0003F00FFE79DF83F0010B080BD000000001D
:103DB00080B584B002900298D0F8D41200EB810054
:103DC000D0F8C00201900298D0F8D41200EB810024
:103DD000D0F8C00220B9FFE703208DF80F0022E0E1
:103DE0000298007C70B9FFE7029840F20201C2F22B
:103DF00000410978019AD2F804224FF4007301F0CF
:103E00008BF90CE0029840F20201C2F200410978FD
:103E1000019AD2F80422402301F07EF9FFE7002046
:103E20008DF80F00FFE79DF80F0004B080BD000083
:103E300083B001900091009820B9FFE703208DF82E
:103E40000B000BE000980199D1F8D42201EB82011C
:103E5000C1F8C40200208DF80B00FFE79DF80B00AD
:103E600003B070470000000084B0029001910298F6
:103E7000D0F8D41200EB8100D0F8C0020090009876
:103E800020B9FFE703208DF80F0007E001980099A3
:103E9000C1F8040200208DF80F00FFE79DF80F0025
:103EA00004B070470000000085B0039002910192B9
:103EB0000398D0F8D41200EB8100D0F8C002009033
:103EC000009820B9FFE703208DF813000BE002985B
:103ED0000099C1F8080201980099C1F81002002069
:103EE0008DF81300FFE79DF8130005B07047000040
:103EF00080B58AB0089007910898D0F8D41200EBEA
:103F00008100D0F8C002069000208DF81500ADF8B1
:103F100012008DF81100069820B9FFE703208DF8F4
:103F20002700C7E00798007800F060000146039181
:103F300000285ED0FFE70398202840F0AE80FFE71E
:103F40000798C088002846D0FFE707980078000649
:103F5000002823D5FFE70898D0F8D41200EB8100A1
:103F6000D0F8C4028368079A50780699D288984797
:103F70000798C088082803D3FFE70720029003E0D2
:103F80000798C0880290FFE70298ADF816000898DD
:103F90000699BDF8162000F083F91BE007984078D9
:103FA000069981F800020798C0883F2804D8FFE7E7
:103FB0000798C088019002E040200190FFE7019837
:103FC000069981F801020898069991F8012200F0FB
:103FD00037F9FFE70CE00898D0F8D41200EB810025
:103FE000D0F8C40283680799487800229847FFE711
:103FF0005BE007984078014600910B2844D800996F
:10400000DFE801F0064142424242424242421C3253
:10401000089890F89C02032807D1FFE708980DF153
:104020001201022200F03CF907E00898079900F01D
:10403000F7F803208DF81100FFE72DE0089890F8BD
:104040009C02032807D1FFE708980DF11501012212
:1040500000F026F907E00898079900F0E1F803203E
:104060008DF81100FFE717E0089890F89C020328EC
:1040700008D0FFE70898079900F0D2F803208DF8E0
:104080001100FFE708E007E00898079900F0C8F87A
:1040900003208DF81100FFE707E00898079900F06A
:1040A000BFF803208DF81100FFE79DF811008DF88F
:1040B0002700FFE79DF827000AB080BD0000000040
:1040C00080B584B002900298D0F8D41200EB810041
:1040D000D0F8C002019001208DF80300019820B9AA
:1040E000FFE703208DF80F002AE00198D0F81402B2
:1040F00008BBFFE701990120C1F814020198D0F82C
:104100001002029A40F20101C2F200410B7803F062
:104110000F0303EB830302EB83029061029809789B
:10412000019BD3F80822D3F8103201F069F900207E
:104130008DF80300FFE79DF803008DF80F00FFE7FF
:104140009DF80F0004B080BD80B582B001908DF85D
:10415000031000208DF802000198D0F8B8124A68C8
:104160009DF80310904720B1FFE703208DF802006F
:10417000FFE79DF8020002B080BD000000000000D3
:1041800080B582B001900091019890F89C020138AE
:1041900002280ED8FFE700984088012808D1FFE7E1
:1041A00001990020C1F8A402019800F095F8FFE7FA
:1041B00004E00198009900F033F8FFE702B080BDF9
:1041C00082B001908DF80310002002B0704700000B
:1041D00082B001908DF80310002002B070470000FB
:1041E00080B584B00390029101920398029A019BDA
:1041F0000021009100F090FF009804B080BD000005
:1042000080B584B00390029101920398029A019BB9
:104210000021009101F0F4F8009804B080BD000086
:1042200080B582B0019000910198802101F094F84E
:104230000198002101F090F802B080BD000000005C
:1042400080B584B003900291019203990320C1F8D4
:10425000940201980399C1F8580101980399C1F893
:104260005C010398029A019B0021009100F054FF29
:10427000009804B080BD000080B582B00190019923
:104280000520C1F8940201980023009319461A46AC
:1042900000F042FF009802B080BD00000000000066
:1042A00080B584B003900291019203990220C1F875
:1042B000940201980399886101980399C861039851
:1042C000029A019B0021009101F09AF8009804B035
:1042D00080BD00000000000080B582B0019001990F
:1042E0000420C1F8940201980023009319461A464D
:1042F00001F086F8009802B080BD000000000000C8
:1043000080B582B08DF8070000919DF8070060B974
:10431000FFE7009A4CF27750C0F6010040F2F4112A
:10432000C2F2004100F00CFB0BE0009A4CF2775017
:10433000C0F6010040F2F411C2F2004100F000FBAF
:10434000FFE740F2F410C2F2004002B080BD00006E
:1043500082B08DF80700009100991220088040F289
:10436000B400C2F2004002B070470000000000003C
:1043700080B582B08DF8070000919DF8070060B904
:10438000FFE7009A4CF26950C0F6010040F2F411C8
:10439000C2F2004100F0D4FA0BE0009A4CF26950EE
:1043A000C0F6010040F2F411C2F2004100F0C8FA78
:1043B000FFE740F2F410C2F2004002B080BD0000FE
:1043C00082B08DF80700009100990420088040F227
:1043D000DC00C2F2004002B07047000000000000A4
:1043E00080B584B08DF80F000291029A4CF2825091
:1043F000C0F6010040F2F411C2F20041019100F058
:104400009FFA019804B080BD80B582B08DF8070096
:1044100000919DF8070060B9FFE7009A4CF29550B3
:10442000C0F6010040F2F411C2F2004100F088FA37
:104430000BE0009A4CF29550C0F6010040F2F411E6
:10444000C2F2004100F07CFAFFE740F2F410C2F241
:10445000004002B080BD000080B582B08DF807003A
:10446000009100991A200880F1F7C6FE40F2E000A2
:10447000C2F2004002B080BD80B584B003900291CA
:104480000298C088012805D0FFE703980299FFF73A
:10449000C7FE21E0039890F89C12481E0191022863
:1044A00004D3FFE7019803280AD00FE00399002006
:1044B0008860039800F108010122FFF7F1FE0AE08D
:1044C0000398011D0122FFF7EBFE04E00398029917
:1044D000FFF7A6FEFFE7FFE704B080BD0000000085
:1044E00080B588B0079006910020ADF816000490C2
:1044F0008DF80F000698C0780138014602910E2809
:1045000000F241810299DFE811F02A0034005100E5
:104510003E013E010B0123013E013E013E013E01F1
:104520003E013E013E010F000798D0F8B402C06979
:1045300050B1FFE70798D0F8B412CA69007C0DF1BA
:1045400016019047049009E007980699FFF768FE66
:104550009DF80F0001308DF80F00FFE71DE107986F
:10456000D0F8B4120A68007C0DF11601904704904F
:1045700013E10798007C60B9FFE70798D0F8B8020C
:10458000816A0DF116008847049004990220487052
:104590000BE00798D0F8B802C16A0DF11600884701
:1045A0000490049902204870FFE7F6E006988078AE
:1045B00001460191052800F2A8800199DFE801F089
:1045C000031E39546F8A0798D0F8B402406850B17E
:1045D000FFE70798D0F8B4124A68007C0DF1160185
:1045E0009047049009E007980699FFF719FE9DF897
:1045F0000F0001308DF80F00FFE790E00798D0F82A
:10460000B402806850B1FFE70798D0F8B4128A6806
:10461000007C0DF116019047049009E00798069977
:10462000FFF7FEFD9DF80F0001308DF80F00FFE74A
:1046300075E00798D0F8B402C06850B1FFE707985A
:10464000D0F8B412CA68007C0DF1160190470490AE
:1046500009E007980699FFF7E3FD9DF80F00013088
:104660008DF80F00FFE75AE00798D0F8B402006910
:1046700050B1FFE70798D0F8B4120A69007C0DF139
:1046800016019047049009E007980699FFF7C8FDC6
:104690009DF80F0001308DF80F00FFE73FE007980D
:1046A000D0F8B402406950B1FFE70798D0F8B412CF
:1046B0004A69007C0DF116019047049009E00798C3
:1046C0000699FFF7ADFD9DF80F0001308DF80F0042
:1046D000FFE724E00798D0F8B402806950B1FFE703
:1046E0000798D0F8B4128A69007C0DF11601904742
:1046F000049009E007980699FFF792FD9DF80F00D6
:1047000001308DF80F00FFE709E007980699FFF7E1
:1047100087FD9DF80F0001308DF80F00FFE73CE0AA
:104720000798007C48B9FFE70798D0F8B802416BBA
:104730000DF116008847049009E007980699FFF7E5
:104740006FFD9DF80F0001308DF80F00FFE724E0AA
:104750000798007C60B9FFE70798D0F8B802016BB2
:104760000DF116008847049004990720487009E06D
:1047700007980699FFF754FD9DF80F0001308DF85A
:104780000F00FFE709E007980699FFF749FD9DF83C
:104790000F0001308DF80F00FFE79DF80F0008B102
:1047A000FFE72AE00698C08818B3FFE7BDF81600B7
:1047B000C8B1FFE7BDF816000699C988884204DA37
:1047C000FFE7BDF81600009003E00698C08800904F
:1047D000FFE70098ADF8160007980499BDF8162079
:1047E000FFF75EFD04E007980699FFF719FDFFE764
:1047F00003E00798FFF770FDFFE708B080BD0000F9
:1048000080B586B005908DF8131005980390059833
:10481000029000200190029948880978884227DD9B
:10482000FFE702980078ADF80200FFE7BDF802004C
:104830000299498888421ADAFFE703980DF10201CC
:1048400000F036F803900398407805280ED1FFE772
:1048500003980190019880789DF81310884201D147
:10486000FFE704E000200190FFE7FFE7DEE7FFE756
:10487000019806B080BD000083B0029000208DF842
:10488000070002980090FFE70098007848B1FFE722
:104890009DF8070001308DF8070000980130009066
:1048A000F2E79DF8070003B0704700000000000029
:1048B00083B00290019102980090009802780199CB
:1048C00008881044088002980099097808440090EC
:1048D000009803B07047000080B582B0019000914D
:1048E000019890F89C02013802281FD8FFE7009831
:1048F000C088022805D0FFE701980099FFF790FCD7
:1049000019E001990120C8600198D0F8A40230B1E3
:10491000FFE70199C86840F00200C860FFE701980E
:1049200000F10C010222FFF7BBFC04E001980099A2
:10493000FFF776FCFFE702B080BD0000000000003A
:1049400080B586B005900491039200208DF80B008D
:10495000059808B9FFE74FE0059801900198FFF727
:104960008BFF0146022000EB4100B0F5007F04D927
:10497000FFE74FF40070009008E00198FFF77CFF1C
:104980000146022000EB41000090FFE700980399E8
:1049900008800398007804999DF80B2088549DF8AE
:1049A0000B0001308DF80B0004999DF80B200320BB
:1049B00088549DF80B0001308DF80B00FFE701983B
:1049C0000078C8B1FFE70198007804999DF80B20A2
:1049D00088540198013001909DF80B0001308DF84A
:1049E0000B0004999DF80B20002088549DF80B00C3
:1049F00001308DF80B00E2E706B080BD000000003A
:104A000082B08DF8070000208DF806009DF80700A1
:104A100001460091032814D80099DFE801F002064E
:104A20000A0E00208DF806000FE003208DF8060026
:104A30000BE001208DF8060007E003208DF806004A
:104A400003E003208DF80600FFE79DF8060002B0A2
:104A5000704700000000000080B584B00290019112
:104A60008DF80320029820B9FFE703208DF80F008E
:104A700023E002990020C1F8B8020299C1F8C402EB
:104A80000299C1F8D002019828B1FFE70198029974
:104A9000C1F8B402FFE70299012081F89C029DF859
:104AA000030002990870029800F02AFA8DF80200BB
:104AB0009DF802008DF80F00FFE79DF80F0004B08D
:104AC00080BD00000000000080B582B001908DF82C
:104AD000031000208DF802008DF801000198D0F835
:104AE000C8029DF80310F6F77BFB8DF802009DF8D5
:104AF0000200FFF785FF8DF801009DF8010002B06C
:104B000080BD00000000000080B582B001908DF8EB
:104B1000031000208DF802008DF801000198D0F8F4
:104B2000C8029DF80310F6F707FB8DF802009DF808
:104B30000200FFF765FF8DF801009DF8010002B04B
:104B400080BD00000000000080B588B006908DF8A0
:104B5000171004929DF81700002874D1FFE70698FB
:104B6000143003900698D0F8940202285DD1FFE734
:104B700003998868C968884212D9FFE70399886851
:104B8000CA68801A886006980499039A9268FFF7A9
:104B900037FB0698002319461A4600F0BDFA43E099
:104BA00003988168C06888421ED1FFE7039948686E
:104BB000C968884218D3FFE7039840680699D1F87E
:104BC0009812884210D2FFE70698002201921146FF
:104BD000FFF716FB019B0698C0F898320698194615
:104BE0001A4600F099FA1EE0069890F89C020328F5
:104BF00011D1FFE70698D0F8B802C06850B1FFE7BE
:104C000006990020C1F8D4020698D0F8B812C968F5
:104C10008847FFE7FFE70698802100F09DFB069894
:104C2000FFF72AFBFFE7FFE7FFE7069890F8A002EF
:104C300040B1FFE7069800F077FC0699002081F864
:104C4000A002FFE740E006989DF8171041F08001B0
:104C5000FFF7B6FA8DF80A009DF80A00FF2832D057
:104C6000FFE79DF80A0070BBFFE7069890F89C02EA
:104C7000032827D1FFE706989DF80A1000EB810072
:104C8000D0F8B8024069E0B1FFE79DF80A00069944
:104C9000C1F8D40206989DF80A1000EB8101D1F802
:104CA000B8124A699DF8171090478DF80B009DF8CF
:104CB0000B0028B1FFE79DF80B008DF81F0007E0FF
:104CC000FFE7FFE7FFE7FFE700208DF81F00FFE7A2
:104CD0009DF81F0008B080BD80B58AB008908DF89F
:104CE0001F10069200208DF813009DF81F00002869
:104CF00040F08280FFE7089800F5AA7005900898B8
:104D0000D0F89402032876D1FFE705998868C9682E
:104D100088421DD9FFE705998868CA68801A8860AB
:104D2000089802900698039005998868C968884297
:104D300004D2FFE705988068019003E00598C068F9
:104D40000190FFE703990298019AFFF749FA51E0B1
:104D5000089890F8AA0200F01F000146009140B1A7
:104D6000FFE70098012808D0FFE7009802280CD040
:104D700013E000208DF8120013E0089890F8AE12AE
:104D8000FFF726FA8DF812000BE0089890F8AE12A3
:104D9000FFF716FA8DF8120003E000208DF81200DC
:104DA000FFE79DF8120008BBFFE7089890F89C0207
:104DB00003281AD1FFE708989DF8121000EB810034
:104DC000D0F8B802006978B1FFE79DF812000899A1
:104DD000C1F8D40208989DF8121000EB8101D1F8B7
:104DE000B81209698847FFE7FFE7FFE70898FFF770
:104DF00073FAFFE7FFE740E008989DF81F1001F005
:104E00007F01FFF7DDF98DF812009DF81200FF28F1
:104E100032D0FFE79DF8120070BBFFE7089890F8CA
:104E20009C0203281ED1FFE708989DF8121000EBA2
:104E30008100D0F8B802806998B1FFE79DF81200B0
:104E40000899C1F8D40208989DF8121000EB81016E
:104E5000D1F8B8128A699DF81F1090478DF8130099
:104E6000FFE7FFE79DF8130028B1FFE79DF8130067
:104E70008DF8270005E0FFE7FFE700208DF8270009
:104E8000FFE79DF827000AB080BD00000000000089
:104E900081B00090002001B07047000000000000C9
:104EA00080B582B0019000208DF8030001990120A7
:104EB00081F89C020198D0F8B80268B1FFE7019828
:104EC000D0F8B8124A680179904720B1FFE7032073
:104ED0008DF80300FFE7FFE79DF8030002B080BDF7
:104EE00080B582B001908DF803100198D0F8C80207
:104EF0009DF80310F6F7D8F902B080BD000000005D
:104F000080B584B0039003980078B8BBFFE703999D
:104F100045F6AC70C2F200400290C0F8E01403996C
:104F2000C1F8C8020021C4F2080101600921017121
:104F30000222C2710021817142728172C1720173B9
:104F400041738173C173F6F783FF18B1FFE7EFF781
:104F50007FFCFFE745F6AC70C2F200400190802173
:104F60000091F6F71DF8019800214022F6F724F889
:104F7000009A01980121F6F71FF8FFE7002004B01E
:104F800080BD00000000000084B002908DF8071082
:104F90000298D0F8C80200909DF80700000600288B
:104FA0000DD5FFE700989DF8071001F07F0101EB98
:104FB000C10100EB8100807D8DF80F000DE00098AD
:104FC0009DF8071001F07F0101EBC10100EB8100AA
:104FD00090F856028DF80F00FFE79DF80F0004B01F
:104FE000704700000000000080B584B002908DF88A
:104FF00007100298D0F8D41200EB8100D0F8B80264
:1050000020B9FFE703208DF80F0020E0029890F808
:105010009C02032817D1FFE70298D0F8D41200EBC6
:105020008100D0F8B802006A60B1FFE70298D0F8BA
:10503000D41200EB8101D1F8B8120A6A9DF807106A
:105040009047FFE7FFE700208DF80F00FFE79DF88E
:105050000F0004B080BD000080B584B002908DF8D0
:1050600007100298D0F8D41200EB8100D0F8B802F3
:1050700020B9FFE703208DF80F0020E0029890F898
:105080009C02032817D1FFE70298D0F8D41200EB56
:105090008100D0F8B802406A60B1FFE70298D0F80A
:1050A000D41200EB8101D1F8B8124A6A9DF80710BA
:1050B0009047FFE7FFE700208DF80F00FFE79DF81E
:1050C0000F0004B080BD000080B584B003908DF85F
:1050D0000B108DF80A20ADF8083000208DF807007D
:1050E0008DF806000398D0F8C8029DF80B10BDF8A3
:1050F00008209DF80A30F6F7EBF88DF807009DF8C8
:105100000700FFF77DFC8DF806009DF8060004B04F
:1051100080BD00000000000080B586B005908DF8CD
:1051200013100392029300208DF807008DF80600FB
:105130000598D0F8C8029DF81310039A029BF6F761
:105140003FF98DF807009DF80700FFF759FC8DF82F
:1051500006009DF8060006B080BD000000000000BB
:1051600080B586B0059000208DF81300059A0121C6
:1051700082F89C120599C1F8940205994860059936
:10518000C1F8A402059981F8A0020598D0F8B802E8
:10519000A0B1FFE70598D0F8B802406868B1FFE712
:1051A0000598D0F8B8124A680179904720B1FFE716
:1051B00003208DF81300FFE7FFE7FFE705980022C3
:1051C0000192402303931146FFF77EFF019A039B50
:1051D000059901200290A1F864010598C0F860319A
:1051E00005988021FFF770FF02990398059A918432
:1051F000059908629DF8130006B080BD000000000C
:1052000081B00090009890F89C02042807D1FFE735
:10521000009890F89D02009981F89C02FFE7002019
:1052200001B070470000000080B582B00190019885
:1052300090F89C02032813D1FFE70198D0F8B80238
:1052400068B1FFE70198D0F8B802C06930B1FFE754
:105250000198D0F8B812C9698847FFE7FFE7FFE770
:10526000002002B080BD000082B001908DF80310D4
:105270009DF8030001990874002002B070470000F7
:1052800080B582B001908DF8031000208DF80200E7
:105290008DF801000198D0F8C8029DF80310F6F7C8
:1052A000ABFF8DF802009DF80200FFF7A9FB8DF817
:1052B00001009DF8010002B080BD00000000000068
:1052C00080B584B003900291039800F2AA2002995D
:1052D00000F0BAF803990120C1F894020399B1F8DB
:1052E000B002C1F89802039890F8AA0200F01F00DB
:1052F0000146009140B1FFE7009801280CD0FFE77C
:105300000098022810D017E0039800F2AA2100F0BC
:1053100067FA8DF8070019E0039800F2AA2100F05F
:105320009FFC8DF8070011E0039800F2AA2100F01D
:10533000BFFA8DF8070009E0039890F8AA1201F06F
:10534000800100F009F88DF80700FFE79DF80700DD
:1053500004B080BD0000000080B582B001908DF8DF
:10536000031000208DF802008DF801000198D0F89C
:10537000C8029DF80310F6F75BF88DF802009DF85F
:105380000200FFF73DFB8DF801009DF8010002B01F
:1053900080BD00000000000080B582B001900020B8
:1053A0008DF803008DF802000198D0F8C802F6F7D6
:1053B0005FFF8DF803009DF80300FFF721FB8DF8D8
:1053C00002009DF8020002B080BD00000000000055
:1053D00081B00090009890F89C02042807D0FFE765
:1053E000009890F89C02009981F89D02FFE70099CF
:1053F000042081F89C02002001B0704700000000EA
:1054000080B586B005908DF81310039202930020AA
:105410008DF807008DF806000598D0F8C8029DF8B1
:105420001310039A029BF6F773F88DF807009DF8A6
:105430000700FFF7E5FA8DF806009DF8060006B0B4
:1054400080BD00000000000080B584B00390029190
:105450000298019001980078039908700198013032
:1054600001900198007803994870019801300190EB
:105470000198FCF749FE039948800198013001909A
:105480000198013001900198FCF73EFE0399888055
:105490000198013001900198013001900198FCF7CA
:1054A00033FE0399C88004B080BD000000000000F6
:1054B00080B584B0029001910020ADF802000198FF
:1054C00020B9FFE703208DF80F0026E0019802992C
:1054D000C1F8B8020298D0F8D41200EB8100D0F8DD
:1054E000B802C06A78B1FFE70298D0F8D41200EB96
:1054F0008100D0F8B802C16A0DF102008847029914
:10550000C1F8D002FFE70299D1F8D8020130C1F802
:10551000D80200208DF80F00FFE79DF80F0004B0BF
:1055200080BD00000000000081B00090002001B0AC
:10553000704700000000000080B584B00390029125
:1055400002988088B8BBFFE70298C08898BBFFE745
:10555000029840887F282ED8FFE70298807800F0D4
:105560007F008DF80700039890F89C02032805D16E
:10557000FFE703980299FEF753FE1BE09DF8070032
:10558000039981F89E0203989DF80710FFF778FEB3
:105590000398FEF7A1FE9DF8070028B1FFE70399E5
:1055A000022081F89C0204E00399012081F89C020A
:1055B000FFE7FFE704E003980299FEF731FEFFE7FB
:1055C00004B080BD0000000080B582B001908DF86D
:1055D000031000208DF802000198D0F8B80250B1F5
:1055E000FFE70198D0F8B8120A689DF803109047B9
:1055F0008DF80200FFE79DF8020002B080BD0000B8
:1056000080B586B00490039100208DF80B000398BC
:10561000817840F2F010C2F2004001700078022858
:1056200008D3FFE704980399FEF7FAFD03208DF8ED
:105630001700A0E0049890F89C020146019102280E
:1056400004D0FFE7019803282FD07FE040F2F0104C
:10565000C2F20040007818B3FFE740F2F011C2F246
:1056600000410878049A506004980978FFF7ACFF6D
:105670008DF80B009DF80B0048B1FFE704980399E3
:10568000FEF7CEFD0499022081F89C0207E0049801
:10569000FEF722FE0499032081F89C02FFE703E055
:1056A0000498FEF719FEFFE760E040F2F010C2F246
:1056B0000040007898B9FFE70499022081F89C0225
:1056C00040F2F011C2F200410878049A5060049848
:1056D0000978FEF739FD0498FEF7FEFD35E040F24B
:1056E000F010C2F20040007804994968884227D03F
:1056F000FFE704980179FEF727FD40F2F011C2F2AE
:1057000000410878049A506004980978FFF75CFF1C
:105710008DF80B009DF80B0068B1FFE70498039922
:10572000FEF77EFD04980179FEF70EFD0499022034
:1057300081F89C0203E00498FEF7CEFDFFE703E04A
:105740000498FEF7C9FDFFE7FFE70FE0049803990F
:10575000FEF766FD049840F2F011C2F200410978AC
:10576000FEF7F2FC03208DF80B00FFE79DF80B001D
:105770008DF81700FFE79DF8170006B080BD000008
:1057800080B582B00190009100984088012808D12E
:10579000FFE701990120C1F8A4020198FEF79CFDE2
:1057A00013E000984088022809D1FFE7009840796B
:1057B000019981F8A0020198FEF78EFD04E001989E
:1057C0000099FEF72DFDFFE7FFE702B080BD000066
:1057D00080B582B001900198FFF7DEFD02B080BD78
:1057E00080B586B00590049100208DF80F000498D4
:1057F000007800F0600001460291A8B1FFE702982E
:10580000202804D0FFE70298402846D1FFE70598FA
:10581000D0F8D41200EB8101D1F8B8128A6804994B
:1058200090478DF80F003DE00498407801460191C3
:1058300009282CD80199DFE801F01B252A202A0A23
:10584000052A160F05980499FEF74AFE24E00598EC
:105850000499FFF771FE1FE005980499FFF7D0FE49
:105860008DF80F0018E005980499FEF705FE13E087
:1058700005980499FFF730F80EE005980499FFF7B2
:105880007FFF09E005980499FEF77AFC04E005988B
:105890000499FEF7C5FCFFE704E005980499FEF7BC
:1058A000BFFCFFE79DF80F0006B080BD00000000C0
:1058B00080B58CB00B900A9100208DF821000A98D9
:1058C00080888DF823000A98007800F06000014677
:1058D0000791B8B3FFE70798202805D0FFE707989E
:1058E000402840F0B281FFE70B989DF82310FEF7A7
:1058F00067FC8DF822009DF82200FF2821D0FFE7E9
:105900009DF82200E8B9FFE79DF822000B99C1F845
:10591000D4020B989DF8221000EB8100D0F8B80259
:10592000806868B1FFE70B989DF8221000EB8101B9
:10593000D1F8B8128A680A9990478DF82100FFE7DC
:10594000FFE787E10A98407801460691002800F0B9
:10595000BD80FFE7069801284CD0FFE70698032892
:1059600040F06D81FFE70B9890F89C02014605918D
:10597000022804D0FFE70598032819D034E09DF8E9
:10598000230078B1FFE79DF8230080280AD0FFE7C5
:105990000B989DF82310FFF7DFFC0B988021FFF791
:1059A000DBFC04E00B980A99FEF73AFCFFE720E0E5
:1059B0000A984088A0B9FFE79DF8230078B1FFE777
:1059C0009DF8230080280AD0FFE70A98C08830B9E4
:1059D000FFE70B989DF82310FFF7BEFCFFE7FFE7FA
:1059E0000B98FEF779FC04E00B980A99FEF718FC77
:1059F000FFE729E10B9890F89C02014604910228E8
:105A000004D0FFE70498032819D059E09DF823003B
:105A100078B1FFE79DF8230080280AD0FFE70B98B4
:105A20009DF82310FFF798FC0B988021FFF794FC5A
:105A300004E00B980A99FEF7F3FBFFE745E00A98AC
:105A40004088E0BBFFE79DF82300400630B1FFE748
:105A50000B989DF82310FFF737F8FFE70B98FEF738
:105A60003BFC0B989DF82310FEF7AAFB8DF8220053
:105A70009DF82200FF2821D0FFE79DF82200E8B919
:105A8000FFE79DF822000B99C1F8D4020B989DF80E
:105A9000221000EB8100D0F8B802806868B1FFE7FF
:105AA0000B989DF8221000EB8101D1F8B8128A689A
:105AB0000A9990478DF82100FFE7FFE7FFE704E030
:105AC0000B980A99FEF7ACFBFFE7BDE00B9890F846
:105AD0009C0201460391022804D0FFE703980328A3
:105AE00038D0A6E09DF8230050B1FFE79DF82300D1
:105AF000802805D0FFE70B980A99FEF791FB9DE0FF
:105B00009DF82300000600280CD5FFE70B989DF8B0
:105B1000231001F07F0101EB810100EB81001430C3
:105B200002900CE00B989DF8231001F07F0101EB2F
:105B3000810100EB810000F5AA700290FFE7029856
:105B400009900999002008600B9809990222FEF734
:105B5000A7FB73E09DF823000006002812D5FFE79D
:105B60000B989DF8231001F00F0101EB810100EB70
:105B70008100808C28B9FFE70B980A99FEF750FB4B
:105B80005CE012E00B989DF8231001F00F0101EB8F
:105B9000810100EB8100B0F8640128B9FFE70B98A0
:105BA0000A99FEF73DFB49E0FFE79DF82300000658
:105BB00000280CD5FFE70B989DF8231001F07F011A
:105BC00001EB810100EB8100143001900CE00B9897
:105BD0009DF8231001F07F0101EB810100EB8100B2
:105BE00000F5AA700190FFE7019809909DF8230045
:105BF00028B1FFE79DF82300802804D1FFE7099929
:105C0000002008600FE00B989DF82310FFF7BCF907
:105C100020B1FFE709990120086003E009990020FD
:105C20000860FFE7FFE70B9809990222FEF738FBAF
:105C300004E00B980A99FEF7F3FAFFE704E00B98EB
:105C40000A99FEF7EDFAFFE704E00B980A99FEF7D0
:105C5000E7FAFFE79DF821000CB080BD00000000CE
:105C600080B584B00390029100208DF8070002985F
:105C7000007800F060000146009140B1FFE7009815
:105C8000202804D0FFE7009840285AD1FFE7039866
:105C900090F89C02013802284DD8FFE7029800795D
:105CA000012842D8FFE7039802990979FEF790FA94
:105CB0008DF806009DF80600FF2825D0FFE79DF827
:105CC000060008BBFFE703989DF8061000EB810073
:105CD000D0F8B802806890B1FFE79DF806000399FC
:105CE000C1F8D40203989DF8061000EB8101D1F8A9
:105CF000B8128A68029990478DF8070003E00320E4
:105D00008DF80700FFE703E003208DF80700FFE7A9
:105D10000298C08840B9FFE79DF8070020B9FFE767
:105D20000398FEF7D9FAFFE704E003980299FEF71B
:105D300077FAFFE704E003980299FEF771FAFFE7AC
:105D400004E003980299FEF76BFAFFE79DF807005D
:105D500004B080BD0000000081B0009001B0704729
:105D600081B0009040F2F430C2F2004001B07047C0
:105D700084B00390029103980190029800780090FB
:105D800002984078012830D1FFE70298007800F0AF
:105D90000F010120884082B20199D1F81C081043FC
:105DA000C1F81C080198009900EB4110D0F80009D7
:105DB0000004002818D4FFE7029988686FF3DF20F9
:105DC000097940EA8140009A40EA8250019901EB4A
:105DD0004211D1F80029104348F20002C1F200023A
:105DE0001043C1F80009FFE72EE00298007800F0A8
:105DF0000F01012000FA01F20199D1F81C0840EAD4
:105E00000240C1F81C080198009900EB4110D0F83D
:105E1000000B0004002816D4FFE7029988686FF38E
:105E2000DF20097940EA81400199009A01EB421193
:105E3000D1F8002B104348F20002C1F200021043D7
:105E4000C1F8000BFFE7FFE7002004B07047000037
:105E500082B00190019800900099D1F8000940F2B9
:105E6000FF729043C1F800090099D1F8040840F48A
:105E70008070C1F80408002002B0704700000000E4
:105E800080B58AB0DDF830C0CDF814C00493039219
:105E900002919DF814108DF824100299039A049B26
:105EA00008930792069101909DF81D00012823D1C7
:105EB000FFE70199886B20F4803088630199C868F6
:105EC0004FF6BF72CFF6BD721040C8600199C86826
:105ED00020F44010C8609DF82400012806D1FFE797
:105EE0000199C86840F48010C860FFE7019800F08D
:105EF0003FF88DF803001AE00199C86840F04000AF
:105F0000C860019800F034F88DF803009DF8210076
:105F100030B9FFE70199886B40F48030886305E071
:105F20000199886B20F480308863FFE7FFE79DF8D4
:105F30001A00012816D1FFE70199C86D80B2C86523
:105F40000199C86D0022C0F2EE321043C865019974
:105F5000886840F0060088600199886840F0200059
:105F60008860FFE79DF803000AB080BD00000000D4
:105F700083B0019000200090FFE70098013000906E
:105F80000098B0F1706F04D9FFE703208DF80B0083
:105F900025E0FFE701980069C00F0028EDD0FFE77A
:105FA000002000900199086940F001000861FFE7B6
:105FB0000098013000900098B0F1706F04D9FFE7AD
:105FC00003208DF80B000AE0FFE701980069C00785
:105FD0000028EDD1FFE700208DF80B00FFE79DF8CA
:105FE0000B0003B07047000084B003900291039847
:105FF00001900298007800900298407801284CD1D6
:10600000FFE70198009900EB4110D0F80009C00F9C
:10601000A8B1FFE70198009900EB4111D1F8000900
:1060200040F00060C1F800090198009900EB4111AF
:10603000D1F8000940F08040C1F80009FFE702985C
:10604000007800F00F00012101FA00F20020CFF6E5
:10605000FF7060EA020C019BD3F83C2802EA0C02B4
:10606000C3F83C28029A127802F00F02914060EACD
:1060700001020199D1F81C081040C1F81C080198D0
:10608000009900EB4111D1F8000947F60002CEF665
:1060900033421040C1F8000946E00198009900EB36
:1060A0004110D0F8000BC00FA8B1FFE7019800998C
:1060B00000EB4111D1F8000B40F00060C1F8000B7B
:1060C0000198009900EB4111D1F8000B40F080409D
:1060D000C1F8000BFFE70298007800F00F010120E3
:1060E00000FA01F3019AD2F83C1821EA0341C2F800
:1060F0003C180299097801F00F0100FA01F20199A8
:10610000D1F81C0820EA0240C1F81C080198009947
:1061100000EB4111D1F8000B47F60002CEF6F37206
:106120001040C1F8000BFFE7002004B070470000EA
:1061300082B00190019800900099D1F8000E20F0F3
:106140000300C1F8000E0099D1F8040820F0020005
:10615000C1F80408002002B07047000000000000F1
:1061600082B00190019800900099D1F8000E20F0C3
:106170000300C1F8000E0099D1F8040840F00200B5
:10618000C1F80408002002B07047000000000000C1
:1061900080B58CB0DDF838C0CDF81CC006930592F0
:1061A00004919DF81C108DF82C100499059A069BFB
:1061B0000A9309920891039000208DF80B0003992F
:1061C00001910090FFE700980E280CD8FFE7039894
:1061D000009900EB81010020C1F80401FFE700985D
:1061E00001300090EFE79DF82A00B8B9FFE7019968
:1061F000D1F8040840F00200C1F804080399886B44
:1062000020F4001088630399086840F0400008609B
:106210000399086840F08000086005E00399886BE6
:1062200040F400108863FFE701990020C1F8000ED8
:106230009DF8250001280FD1FFE79DF8230028B91C
:10624000FFE70398002100F077FF04E003980121A5
:1062500000F072FFFFE704E00398032100F06CFFF9
:10626000FFE70398102100F0AFFC20B1FFE7012009
:106270008DF80B00FFE7039800F06AFC20B1FFE700
:1062800001208DF80B00FFE701990020C1F81008EC
:106290000199C1F814080199C1F81C080090FFE7A2
:1062A00000989DF8201088423BD2FFE701980099A2
:1062B00000EB4110D0F80009C00FB0B1FFE7009823
:1062C00048B9FFE70198009900EB41114FF00060D9
:1062D000C1F8000908E00198009900EB41114FF066
:1062E0009040C1F80009FFE707E00198009900EB32
:1062F00041110020C1F80009FFE70198009900EB67
:1063000041110020C1F810090198009900EB4111DA
:106310004FF67F30C1F80809FFE700980130009080
:10632000BEE700200090FFE700989DF8201088420B
:106330003BD2FFE70198009900EB4110D0F8000B29
:10634000C00FB0B1FFE7009848B9FFE70198009986
:1063500000EB41114FF00060C1F8000B08E001981C
:10636000009900EB41114FF09040C1F8000BFFE79E
:1063700007E00198009900EB41110020C1F8000BE3
:10638000FFE70198009900EB41110020C1F8100BC4
:106390000198009900EB41114FF67F30C1F8080BCE
:1063A000FFE7009801300090BEE70199D1F810088E
:1063B00020F48070C1F810080399002088610399C7
:1063C0006FF0804048619DF8220030B9FFE70399E3
:1063D000886940F010008861FFE70399886943F6F7
:1063E0000002C8F23C02104388619DF8260030B1DB
:1063F000FFE70399886940F008008861FFE79DF88E
:106400002A00012808D1FFE7039988690422C4F211
:10641000000210438861FFE79DF80B000CB080BDBF
:1064200081B000900099886820F001008860002009
:1064300001B070470000000086B004908DF80F1086
:106440000292049801900498006C0090009843F226
:106450000B01C4F6547188420BD3FFE70198D0F8C2
:10646000000BC00F20B1FFE700208DF817002EE0D1
:10647000FFE701990020C1F8100B0199D1F8100B2A
:1064800040F40020C1F8100B0199D1F8100B40F036
:106490001800C1F8100B0199D1F8100B40F0C04062
:1064A000C1F8100B9DF80F0001280CD1FFE70298EE
:1064B0000199C1F8140B0199D1F8000B40F080202C
:1064C000C1F8000BFFE700208DF81700FFE79DF8EB
:1064D000170006B07047000084B003900291039843
:1064E000019002980078009002984078012820D10D
:1064F000FFE70198009900EB4111D1F8000920F461
:106500000010C1F8000902980079032805D0FFE7C0
:106510000298007902280BD1FFE70198009900EB5F
:106520004111D1F8000940F08050C1F80009FFE79F
:106530001FE00198009900EB4111D1F8000B20F405
:106540000010C1F8000B02980079032805D0FFE77E
:106550000298007902280BD1FFE70198009900EB1F
:106560004111D1F8000B40F08050C1F8000BFFE75B
:10657000FFE7002004B0704784B0039002910398B5
:10658000019002980078009002984078012822D16A
:10659000FFE70198009900EB4110D0F80009C00F07
:1065A00070B9FFE7009858B1FFE70198009900EB38
:1065B0004111D1F8000920F08040C1F80009FFE73F
:1065C0000198009900EB4111D1F8000940F4001046
:1065D000C1F8000921E00198009900EB4110D0F8C2
:1065E000000BC00F70B9FFE7009858B1FFE70198A2
:1065F000009900EB4111D1F8000B20F08040C1F868
:10660000000BFFE70198009900EB4111D1F8000B56
:1066100040F40010C1F8000BFFE7002004B0704701
:1066200080B588B0079006918DF8172007980490E0
:1066300006980078039006984078012840F024815D
:10664000FFE706980069F8B9FFE70498039900EBA3
:106650004111D1F810096FF3DC40C1F8100904981A
:10666000039900EB4111D1F8100940F40020C1F862
:1066700010090498039900EB4111D1F810096FF348
:106680001200C1F8100971E00498039900EB411160
:10669000D1F810096FF31200C1F81009049803999A
:1066A00000EB4111D1F810096FF3DC40C1F810097B
:1066B0000398A8B9FFE7069881680069884204D961
:1066C000FFE7069988680861FFE70498039900EBE3
:1066D0004111D1F8100940F40020C1F8100937E049
:1066E00006988168006908440138B0FBF1F0ADF804
:1066F0000A00BDF80A100020C1F6F87000EAC14295
:106700000498039900EB4111D1F810091043C1F826
:10671000100906980079012819D1FFE70498039918
:1067200000EB4111D1F8100920F0C040C1F8100968
:10673000BDF80A0000F003020498039900EB411130
:10674000D1F8100940EA4270C1F81009FFE7FFE7ED
:10675000069802696FF3DF420498039900EB411138
:10676000D1F810091043C1F81009FFE79DF8170090
:1067700001283BD1FFE70698C06948B1FFE70698BA
:10678000C0690499039A01EB4211C1F81409FFE7AB
:106790000698007901281ED1FFE70498D0F8080870
:1067A000C00500280BD4FFE70498039900EB4111C2
:1067B000D1F8000940F00050C1F800090AE004983F
:1067C000039900EB4111D1F8000940F08050C1F865
:1067D0000009FFE7FFE70498039900EB4111D1F8A6
:1067E000000940F00440C1F800094CE00498039906
:1067F00000EB4111D1F8000940F00440C1F8000954
:1068000006980079012813D0FFE70698006970B157
:10681000FFE70698007800F00F01012000FA01F26E
:106820000499D1F834081043C1F83408FFE729E08F
:106830000498D0F80808C00500280BD4FFE7049896
:10684000039900EB4111D1F8000940F00050C1F864
:1068500000090AE00498039900EB4111D1F80009FE
:1068600040F08050C1F80009FFE70798069BD968FF
:106870001A781B8A9DF817C0EE46CEF800C000F0CB
:10688000BBFDFFE7FFE7C4E00498039900EB41116B
:10689000D1F8100B6FF31200C1F8100B0498039994
:1068A00000EB4111D1F8100B6FF3DC40C1F8100B75
:1068B000039818BBFFE70698006920B1FFE7069927
:1068C00088680861FFE70699886808620698026A86
:1068D0006FF3DF420498039900EB4111D1F8100BDC
:1068E0001043C1F8100B0498039900EB4111D1F843
:1068F000100B40F40020C1F8100B49E00698006925
:10690000C0B9FFE7069882686FF3DF4204980399E5
:1069100000EB4111D1F8100B1043C1F8100B049893
:10692000039900EB4111D1F8100B40F40020C1F89D
:10693000100B2CE006988168006908440138B0FB10
:10694000F1F0ADF80A0006998868BDF80A205043B6
:106950000862BDF80A100020C1F6F87000EAC142D2
:106960000498039900EB4111D1F8100B1043C1F8C2
:10697000100B0698026A6FF3DF420498039900EB4C
:106980004111D1F8100B1043C1F8100BFFE7FFE7DE
:106990009DF8170001280ED1FFE70698C06848B19E
:1069A000FFE70698C0680499039A01EB4211C1F809
:1069B000140BFFE7FFE70698007901281ED1FFE7D7
:1069C0000498D0F80808C00500280BD4FFE7049805
:1069D000039900EB4111D1F8000B40F00050C1F8D1
:1069E000000B0AE00498039900EB4111D1F8000B69
:1069F00040F08050C1F8000BFFE7FFE704980399CF
:106A000000EB4111D1F8000B40F00440C1F8000B3D
:106A1000FFE7002008B080BD85B0049003910020FE
:106A200002908DF8070004980090039840780128A0
:106A30003ED1FFE700980399097800EB4110D0F8A8
:106A40000009C00F98B3FFE700980399097800EB9D
:106A50004111D1F8000940F00060C1F80009009828
:106A60000399097800EB4111D1F8000940F080400A
:106A7000C1F80009FFE7029801300290029842F243
:106A80001171884204D3FFE701208DF807000DE063
:106A9000FFE700980399097800EB4110D0F800094E
:106AA00000F00040B0F1004FE5D0FFE7FFE73DE028
:106AB00000980399097800EB4110D0F8000BC00F43
:106AC00098B3FFE700980399097800EB4111D1F8DA
:106AD000000B40F00060C1F8000B009803990978A2
:106AE00000EB4111D1F8000B40F08040C1F8000BE1
:106AF000FFE7029801300290029842F21171884239
:106B000004D3FFE701208DF807000DE0FFE70098B0
:106B10000399097800EB4110D0F8000B00F0004019
:106B2000B0F1004FE5D0FFE7FFE7FFE79DF8070072
:106B300005B070470000000081B00090009988689F
:106B400040F001008860002001B0704700000000A4
:106B500083B0019000200090FFE700980130009082
:106B60000098B0F1706F04D9FFE703208DF80B0097
:106B700024E0FFE701980069C00F0028EDD0FFE78F
:106B800000200090019910200861FFE70098013073
:106B900000900098B0F1706F04D9FFE703208DF8E2
:106BA0000B000BE0FFE70198006900F010001028CF
:106BB000ECD0FFE700208DF80B00FFE79DF80B00FD
:106BC00003B070470000000084B0029001910020E3
:106BD0000090FFE70098013000900098B0F1706FCE
:106BE00004D9FFE703208DF80F0026E0FFE70298A5
:106BF0000069C00F0028EDD0FFE700200090019849
:106C00008001203002990861FFE700980130009070
:106C10000098B0F1706F04D9FFE703208DF80F00E2
:106C20000BE0FFE70298006900F020002028ECD07C
:106C3000FFE700208DF80F00FFE79DF80F0004B07C
:106C4000704700000000000084B003900398029099
:106C50000298D0F8080800F006000090009820B9CB
:106C6000FFE700208DF8070010E00098022804D00C
:106C7000FFE70098062804D1FFE702208DF80700FF
:106C800003E00F208DF80700FFE7FFE79DF80700FE
:106C900004B070470000000081B000900098406987
:106CA00000F0010001B0704780B582B04FF2D460AF
:106CB000C2F200400078D0BBFFE740F20000C3F210
:106CC00004004FF400610191E9F7ABFC019940F633
:106CD0000000C3F20400E9F7A4FC019946F68050D5
:106CE000C2F20040E9F79DFC46F69441C2F2004131
:106CF0000020086046F69841C2F20041086047F261
:106D00008061C2F2004108604FF2D462C2F20042D8
:106D1000012111704FF2C861C2F2004188604860E1
:106D200008604FF2D861C2F200410860FFE702B08C
:106D300080BD00000000000080B582B0FFE70DF1CB
:106D40000700012100F0E0F828B1FFE79DF80700F7
:106D500001F026F9F3E702B080BD0000000000005A
:106D600083B00290029801900198D0F81808009022
:106D70000198D0F81C18009808400090BDF8000059
:106D800003B070470000000083B0029002980190A9
:106D90000198D0F8180800900198D0F81C180098B5
:106DA00008400090BDF8020003B0704700000000EA
:106DB00086B005908DF81310059803900398D0F8CD
:106DC000100801900398D0F83408009000989DF8BE
:106DD000131001F00F01C84000F00101019840EAD2
:106DE000C110019003989DF8131000EB4110D0F8EA
:106DF0000809019908400290029806B07047000007
:106E000084B003908DF80B100398019001989DF8C1
:106E10000B1000EB4110D0F8080B00900198D0F84F
:106E20001418009808400090009804B070470000C3
:106E300082B00190019840690090019881690098A2
:106E400008400090009802B0704700000000000069
:106E500089B008900791ADF81A2008980590079816
:106E60000490BDF81A0080080190BDF81A0000F0E7
:106E70000300ADF8020000200290FFE7029801999C
:106E8000884217D2FFE705984FF480514058049983
:106E9000086004980130049004980130049004982C
:106EA00001300490049801300490FFE7029801300B
:106EB0000290E3E7BDF8020008B3FFE7002002906C
:106EC00005984FF4805140580390FFE703989DF8D0
:106ED0000810C900C8400499087002980130029057
:106EE000049801300490BDF802000138ADF80200AA
:106EF000FFE7BDF802000028E8D1FFE7FFE70498AC
:106F000009B070470000000080B584B00390029182
:106F10000020019002F080FCFFE70199029A002016
:106F2000914200900FD2FFE746F69440C2F2004033
:106F3000006846F69841C2F200410968401A18BF3D
:106F400001200090FFE70098C007B8B1FFE746F6C0
:106F50009841C2F200410A6846F68050C2F20040F1
:106F6000805C039A019B03F1010CCDF804C0D0545E
:106F7000086801306FF3DF200860CEE702F07CFC88
:106F8000019804B080BD000080B584B003900291E8
:106F90000298002841D0FFE700200190FFE7019808
:106FA0000299884228D2FFE746F69440C2F2004098
:106FB000006801306FF3DF200090009846F698419A
:106FC000C2F200410968884210D0FFE70398019996
:106FD000405C46F69441C2F200410B6846F680528E
:106FE000C2F20042D0540098086000E004E0FFE7DD
:106FF000019801300190D2E747F28060C2F2004070
:10700000006848B1FFE747F28060C2F200400268C2
:10701000039802999047FFE7FFE704B080BD0000A6
:1070200080B586B004908DF80F100020029004996E
:10703000C86820F0C040C8609DF80F00012823D127
:10704000FFE70499C86840F00050C860FFE70A20D5
:10705000F2F736FA02980A300290FFE70498FFF739
:107060001BFE014600200129019007D0FFE702998D
:107070000020C82938BF01200190FFE70198C00710
:107080000028E4D1FFE72AE09DF80F0010BBFFE7DE
:107090000499C86840F08040C860FFE70A20F2F712
:1070A0000FFA02980A300290FFE70498FFF7F4FD08
:1070B00001460020009039B1FFE702990020C8295D
:1070C00038BF01200090FFE70098C0070028E5D1F5
:1070D000FFE703E001208DF817000CE0FFE70298BE
:1070E000C82804D1FFE701208DF8170003E0002035
:1070F0008DF81700FFE79DF8170006B080BD00006F
:1071000083B002908DF80710029800900099D1F892
:10711000000820F4FE60C1F800089DF8070000F0A8
:107120007F020099D1F8000840EA0210C1F8000877
:10713000002003B07047000083B002908DF8071064
:10714000029800909DF807200099D1F8000810439C
:10715000C1F80008002003B07047000000000000E4
:1071600084B0039002918DF807209DF80700022853
:1071700040F0B880FFE702984AF6C041C0F2D8015B
:1071800088420BD3FFE702984EF2BF11C0F2E40130
:10719000884203D8FFE70F200090A2E002984EF249
:1071A000C011C0F2E40188420BD3FFE7029842F21B
:1071B000FF31C0F2F401884203D8FFE70E200090AF
:1071C0008EE0029842F20041C0F2F40188420BD3F3
:1071D000FFE7029847F27F31C0F20611884203D8D8
:1071E000FFE70D2000907AE0029847F28031C0F26C
:1071F000061188420BD3FFE7029844F69F11C0F2B4
:107200001A11884203D8FFE70C20009066E002982C
:1072100044F6A011C0F21A1188420BD3FFE702987E
:1072200042F6FF41C0F23111884203D8FFE70B203C
:10723000009052E0029842F60051C0F231118842AB
:107240000BD3FFE702984AF23F41C0F24C1188424B
:1072500003D8FFE70A2000903EE002984AF240413E
:10726000C0F24C1188420BD3FFE7029843F2FF5162
:10727000C0F26E11884203D8FFE7092000902AE08F
:10728000029843F20061C0F26E1188420BD3FFE70F
:1072900002984AF61F31C0F2A611884203D8FFE7D0
:1072A0000820009016E002984AF62031C0F2A6119C
:1072B00088420BD3FFE7029844F2FF71C0F2E81155
:1072C000884203D8FFE70720009002E006200090E4
:1072D000FFE7FFE7FFE7FFE7FFE7FFE7FFE7FFE77E
:1072E000FFE70AE09DF8070018B9FFE709200090C2
:1072F00002E009200090FFE7FFE70399C86820F447
:107300007050C860009800F00F020399C86840EA06
:107310008220C860002004B0704700000000000018
:1073200080B58AB00490ADF80E10049850B1FFE714
:10733000BDF80E0030B1FFE7BDF80E00B0F5006FEC
:1073400004DDFFE703208DF8170050E045F6142018
:10735000C2F20040D0F8BC0202900298D0F81402A9
:1073600020B1FFE701208DF8170040E00499BDF837
:107370000E2040F60000C3F204000190E9F7D2F8B5
:107380000199BDF80E001F3020F01F0009910890F0
:107390000898012820DBFFE70898099901F01F01F0
:1073A0000844079009980690BFF34F8FFFE70698AF
:1073B0004EF66871CEF20001086006982030069003
:1073C00007982038079007980028F0DCFFE7BFF304
:1073D0004F8FBFF36F8FFFE7BDF80E1040F6000030
:1073E000C3F20400E9F7DCFF8DF81700FFE79DF812
:1073F00017000AB080BD000080B588B084460A98A6
:10740000CDF81CC006918DF81720ADF814308DF81A
:10741000130007980390069802909DF8130048BB4C
:10742000FFE7BDF8140003308008019000200090B1
:10743000FFE70098019988421BD2FFE70298006895
:1074400003999DF8172001EB02314FF480528850C8
:1074500002980130029002980130029002980130A7
:107460000290029801300290FFE7009801300090EE
:10747000DFE7FFE7002008B080BD0000000000004B
:10748000FFE7FEE70000000080B582B00190FFE753
:10749000FFF752FC012000F083FBF9E70000000039
:1074A00081B0ADF80200BDF9020000280ED4FFE75C
:1074B000BDF9021001F01F02012090404A094EF26E
:1074C0000011CEF2000141F82200FFE701B0704741
:1074D0004EF60C50CEF200000068C0F30220704758
:1074E00082B0ADF806000091BDF9060000280AD46C
:1074F000FFE700980001BDF906104EF20042CEF2FF
:10750000000288540BE000980001BDF8061001F05D
:107510000F014EF61452CEF200028854FFE702B07B
:10752000704700000000000082B0ADF80600009136
:10753000BDF9060000280AD4FFE700980001BDF954
:1075400006104EF20042CEF2000288540BE0009882
:107550000001BDF8061001F00F014EF61452CEF2F4
:1075600000028854FFE702B07047000000000000EE
:1075700083B00290029800F0070000904EF60C5184
:10758000CEF200010868019001984FF6FF0210400A
:1075900001900198009A40EA02200022C0F2FA52BB
:1075A000104301900198086003B07047000000008C
:1075B00081B0009000980178407840EA012000B244
:1075C00001B070470000000080B582B001908DF8D6
:1075D000031000208DF802008DF80100FFE79DF8F0
:1075E00001009DF80310884211DAFFE79DF80200C0
:1075F00001999DF80120895C00F016F88DF80200D1
:10760000FFE79DF8010001308DF80100E7E79DF8E4
:10761000020002B080BD000080B582B00190FFE79B
:10762000012000F0BDFAFBE781B08DF803008DF872
:1076300002109DF803009DF8021041404CF2E42036
:10764000C0F60100405C01B070470000000000007F
:1076500081B00090009890ED0D0A90ED111A20EE87
:10766000010AB5EE400AF1EE10FA3ADDFFE70098A4
:1076700090ED081A90ED0D0AB0EEC00AB4EE410A82
:10768000F1EE10FA01DCFFE72BE0009890ED071A0D
:1076900090ED082A90ED0D0AB0EEC00A31EE021A04
:1076A000B4EE410AF1EE10FA16DCFFE7009890ED17
:1076B000072A90ED083A90ED0D1A90ED130AB0EEFE
:1076C000C11A32EE411A31EE031A81EE021A20EE8F
:1076D000010A80ED130A03E000990020C864FFE767
:1076E000FFE701B07047000081B00090009890ED76
:1076F0000A3A90ED120A90ED161A90ED192A20EE32
:10770000020A33EE022A80EE020A21EE031A81EE0B
:10771000021A30EE010A80ED120A01B07047000033
:1077200081B00090009890ED020A90ED0B3A90ED38
:107730000C2A90ED191A32EE432A20EE020A80EE4E
:10774000010A80ED120A01B070470000000000003D
:1077500081B00090009890ED110A90ED131A30EE70
:10776000010A41F2D070C2F2004080ED000A009898
:1077700090ED100A90ED112A90ED121A30EE020AE7
:1077800030EE010A41F2D470C2F2004080ED000AEE
:1077900090ED000AB0EEC00A009890ED031AB4EE26
:1077A000410AF1EE10FA12DDFFE7009890ED0D0AA4
:1077B00090ED111A20EE010AB5EE400AF1EE10FA32
:1077C00004DDFFE700990020C864FFE7FFE741F20E
:1077D000D070C2F2004090ED000A009890ED061AB9
:1077E000B4EE410AF1EE10FA07DDFFE70099002040
:1077F000C864009988694864FFE741F2D070C2F21A
:10780000004090ED000A009890ED061AB1EE411A82
:10781000B4EE410AF1EE10FA0BDAFFE7009900200E
:10782000C864009890ED060AB1EE400A80ED110A96
:10783000FFE701B07047000081B00090009890ED24
:10784000093A90ED140A90ED151A90ED192A20EEE0
:10785000020A33EE022A80EE020A21EE031A81EEBA
:10786000021A30EE010A80ED140A01B070470000E0
:1078700081B00090009890ED031A90ED140AB4EED8
:10788000410AF1EE10FA04DDFFE70099C8680865C7
:10789000FFE7009890ED031A90ED140AB1EE411A3B
:1078A000B4EE410AF1EE10FA08DAFFE7009890ED25
:1078B000030AB1EE400A80ED140AFFE701B07047F9
:1078C00081B00090009890ED031A90ED140AB0EE8C
:1078D000C00A9FED262A21EE021AB4EE410AF1EE0B
:1078E00010FA0DDBFFE7009890ED170AB0EEC00A22
:1078F0009FED1F1AB4EE410AF1EE10FA01DAFFE72C
:1079000031E0009890ED0B0A90ED171A31EE400A25
:10791000B0EEC00AB0EEC11A80EE010A9FED151A52
:10792000B4EE410AF1EE10FA09DDFFE700998A6E24
:10793000C86E013240F100008A66C86604E0009912
:107940000020C8668866FFE70098816EC06E40F22E
:10795000F512891A70F1000005D3FFE700990120A4
:1079600081F87000FFE701B0704700BF6F12833AE3
:1079700017B7D1383333733F81B00090009890ED42
:10798000010A90ED0D2A90ED0E3A90ED191AB7EE1E
:10799000C00A32EE032AB7EEC22AB0EE003B82EEF6
:1079A000032B20EE020BB7EEC11A20EE010BB7EE4F
:1079B000C00B80ED130A01B070470000000000000A
:1079C00080B584B000200090F8F7FEFE4EF614500B
:1079D000CEF2000000688003002801D5FFE71AE01E
:1079E000BFF34F8FBFF36F8F4EF65071CEF2000191
:1079F00000200860BFF34F8FBFF36F8F4EF6145116
:107A0000CEF20001086840F400300860BFF34F8FE9
:107A1000BFF36F8FFFE74EF61450CEF20000006800
:107A2000C003002801D5FFE73CE04EF68451CEF2BA
:107A3000000100200860BFF34F8F4EF68050CEF259
:107A40000000006803900398C0F34E300290FFE7F7
:107A50000398C0F3C9000190FFE7029901988007DD
:107A600061F34D104EF66071CEF20001086001988E
:107A7000411E01910028F0D1FFE70298411E0291BA
:107A80000028E5D1FFE7BFF34F8F4EF61451CEF239
:107A90000001086840F480300860BFF34F8FBFF3E7
:107AA0006F8FFFE7F3F7F4F8FAF762FBF8F7D8FF08
:107AB000F8F7BAFEF8F7E8FEF8F726FFF9F780F8CE
:107AC000F9F732F9F9F7B0F8F9F7E2F8FFF7ECF85F
:107AD000FAF786F8E9F794FCE9F78AF84FF4C870EA
:107AE000ECF726FA00F078F8F8F752FF00F098F873
:107AF000FFE7FEE70000000080B582B0019001982A
:107B000000684FF2C861C2F2004108600198406805
:107B10004860019880688860F3F7A2F84FF2D86156
:107B2000C2F200410860019801F0A6FC02B080BDDD
:107B300081B0009001B0704781B0009001B07047F3
:107B400081B0009001B0704781B0009001B07047E3
:107B500081B0009001B0704780B582B0019001986B
:107B600001F0DAFC02B080BD80B582B00190F3F77D
:107B700077F84FF2D861C2F200410860019801F035
:107B800013FD02B080BD000081B0009001B07047CD
:107B900081B0009001B0704781B0009001B0704793
:107BA00080B584B00290EFF305800390039820B174
:107BB000FFE76FF00500019009E0002001900298B6
:107BC00020B1FFE7029801F0B7FFFFE7FFE7019858
:107BD00004B080BD0000000082B0EFF3058001908A
:107BE000019820B1FFE76FF00500009014E040F22B
:107BF000E010C2F20040006848B9FFE740F2E0112F
:107C0000C2F20041012008600020009003E04FF024
:107C1000FF300090FFE7FFE7009802B070470000D8
:107C200080B582B0EFF305800190019820B1FFE7A5
:107C30006FF00500009019E040F2E010C2F2004041
:107C4000006801280DD1FFE7FAF756FA40F2E0117B
:107C5000C2F200410220086002F016F800200090F5
:107C600003E04FF0FF300090FFE7FFE7009802B01D
:107C700080BD00000000000080B58AB00890079128
:107C800008980690069830B1FFE79DF81F0000069F
:107C9000002804D5FFE76FF0030005903BE04FF0AC
:107CA000FF300590EFF305800990099820B3FFE7B6
:107CB00000230393049306980799EC4604AACCF892
:107CC0000020012202F00CFF039A069869460A6020
:107CD00005AB114602F004FF049860B1FFE74EF6D1
:107CE0000451CEF200014FF080500860BFF34F8F77
:107CF000BFF36F8FFFE70DE006980799012200237D
:107D0000029302F029FE029A069805AB114602F092
:107D100023FEFFE7FFE705980AB080BD00000000E2
:107D200080B58CB00A9009910892EFF305800B9012
:107D30000B9820B1FFE76FF0050007907AE09DF8FF
:107D40002B000006002804D5FFE76FF00300079022
:107D50006FE09DF824008007002803D5FFE700208E
:107D6000059002E00A980590FFE700200790089828
:107D7000029002F0BDFF0490FFE70599029B0020EE
:107D800006AA03F0A5F80190019801283FD1FFE76A
:107D90000A990798084007900699079808430790A2
:107DA0009DF82400C00780B1FFE70A9907980840B2
:107DB000884201D1FFE73BE0089820B9FFE76FF068
:107DC0000200079034E0FFE70EE00A9807990842A6
:107DD00001D0FFE72CE0089820B9FFE76FF0020020
:107DE000079025E0FFE7FFE702F082FF0499401AC1
:107DF000039003980299884203D9FFE7002002907C
:107E000004E003990298401A0290FFE70BE00898FB
:107E100020B9FFE76FF00200079003E06FF0010068
:107E20000790FFE7FFE7FFE701980028A5D1FFE7EC
:107E3000FFE7FFE707980CB080BD000000000000DE
:107E4000B0B58EB00B900A91099200200690EFF326
:107E500005800D900D98002840F09980FFE70B9861
:107E6000002800F09480FFE78020079018200590FC
:107E7000002008904FF0FF300490099800284DD062
:107E8000FFE70998006820B1FFE7099800680890AB
:107E9000FFE70998806920B1FFE70998806905909C
:107EA000FFE7059848B1FFE70598382805D8FFE7B0
:107EB00009980079C00718B1FFE700200C9069E02D
:107EC0000998406928B1FFE7099840698008079040
:107ED000FFE70998806880B1FFE70998C0685C28CF
:107EE0000BD3FFE70998006938B1FFE709984069AB
:107EF00018B1FFE7012004900FE00998806858B995
:107F0000FFE70998C06838B9FFE70998006918B910
:107F1000FFE700200490FFE7FFE702E00020049065
:107F2000FFE70498012817D1FFE70B980899079AF3
:107F30000A9BDDF814C0DDF824E0DEF80850DEF816
:107F40001040EE46CEF80850CEF80440CEF800C0FF
:107F500002F092FC069019E00498B0B9FFE70B9884
:107F60000899BDF81C200A9BDDF814C0EE4606AC4B
:107F7000CEF80440CEF800C002F02EFC012803D059
:107F8000FFE700200690FFE7FFE7FFE7FFE706981F
:107F90000C90FFE70C980EB0B0BD00000000000090
:107FA00080B588B08DF81F0047F28A60C2F20040A9
:107FB000007801460691052800F2AA810699DFE8BB
:107FC00001F003162A416FAD9DF81F005A280DD10C
:107FD000FFE747F28A61C2F200410120087047F2D0
:107FE0008461C2F2004100200870FFE797E19DF82C
:107FF0001F00A52807D1FFE747F28A61C2F20041BE
:108000000220087006E047F28A61C2F200410020B7
:108010000870FFE783E19DF81F1047F28960C2F204
:108020000040017001780020FFF7FEFA47F28461FA
:10803000C2F20041087047F28A61C2F20041032097
:1080400008706CE19DF81F0047F28861C2F20041A0
:108050000591087047F28460C2F2004004900078F5
:108060000978FFF7E1FA049A01460598117047F282
:108070008662C2F20042002111800078012807DBED
:10808000FFE747F28A61C2F200410420087006E06F
:1080900047F28A61C2F2004105200870FFE73EE125
:1080A00047F28660C2F200400088FF282ED8FFE722
:1080B0009DF81F0047F28663C2F2004303931A88BB
:1080C000511C198047F28051C2F20041885447F296
:1080D0008460C2F20040029000789DF81F10FFF704
:1080E000A3FA029A014603981170008847F288614A
:1080F000C2F200410978884207DBFFE747F28A6154
:10810000C2F2004105200870FFE706E047F28A61ED
:10811000C2F2004100200870FFE700E19DF81F0057
:1081200047F28461C2F200410978884240F0E98058
:10813000FFE747F28960C2F20040007801460191F2
:1081400000284CD0FFE70198012858D0FFE701989C
:10815000022864D0FFE70198032870D0FFE7019858
:1081600004287CD0FFE70198052800F08880FFE70D
:108170000198062800F09380FFE70198192800F085
:108180009E80FFE70198202800F0A980FFE7019872
:10819000FE2804D0FFE70198FF2810D0AFE047F297
:1081A0008860C2F200400078042807D1FFE747F258
:1081B0008050C2F20040FFF7D7FCFFE7A0E047F293
:1081C0008860C2F200400078042807D1FFE747F238
:1081D0008050C2F20040FFF7BFFCFFE790E047F29B
:1081E0008860C2F2004000780C2807D1FFE747F210
:1081F0008050C2F20040FFF77FFCFFE780E047F2CB
:108200008860C2F200400078012807D1FFE747F2FA
:108210008050C2F20040FFF79BFCFFE770E047F29E
:108220008860C2F2004000780C2807D1FFE747F2CF
:108230008050C2F20040FFF7AFFCFFE760E047F27A
:108240008860C2F200400078022807D1FFE747F2B9
:108250008050C2F20040FFF79BFCFFE750E047F27E
:108260008860C2F200400078102807D1FFE747F28B
:108270008050C2F20040FFF787FCFFE740E047F282
:108280008860C2F2004000780C2807D1FFE747F26F
:108290008050C2F20040FFF757FCFFE730E047F2A2
:1082A0008860C2F2004000780C2807D1FFE747F24F
:1082B0008050C2F20040FFF743FCFFE720E047F2A6
:1082C0008860C2F200400078032807D1FFE747F238
:1082D0008050C2F20040FFF72FFCFFE710E047F2AA
:1082E0008860C2F200400078032807D1FFE747F218
:1082F0008050C2F20040FFF71BFCFFE700E0FFE701
:10830000FFE747F28A61C2F200410020087006E0F0
:1083100047F28A61C2F2004100200870FFE708B00E
:1083200080BD00000000000080B584B00390029181
:108330004FF6A860C2F200400068009046F61C00AC
:10834000C2F200400068043001F08EF908B9FFE77E
:1083500000E0FFE70398013080B9FFE7029868B1B9
:10836000FFE746F61C00C2F200400068011D4FF610
:108370008060C2F2004001F023FA3DE000980399CA
:1083800008440190019846F61C01C2F200410968B8
:1083900048600198009988420ED2FFE746F62C000B
:1083A000C2F20040006846F61C01C2F200410968B2
:1083B000043101F0CDF91EE046F62400C2F200407F
:1083C000006846F61C01C2F200410968043101F060
:1083D000BFF901984FF60C61C2F20041096888426A
:1083E00007D2FFE701984FF60C61C2F20041086026
:1083F00000E0FFE7FFE7FFE704B080BD00000000FA
:1084000080B582B0019001F007FA4FF2E061C2F24C
:10841000004108680130086046F61C00C2F20040C6
:10842000006898B9FFE7019846F61C01C2F20041C6
:1084300008604FF2E060C2F200400068012803D1FA
:10844000FFE700F009FB00E0FFE71CE04FF6746077
:10845000C2F200400068A0B9FFE746F61C00C2F275
:1084600000400068C06A0199C96A884207D8FFE7DE
:10847000019846F61C01C2F20041086000E0FFE7E7
:1084800000E0FFE7FFE74FF2EC60C2F20040016856
:10849000013101600068019948640198C06A4FF297
:1084A000F061C2F200410968884208D9FFE70198EB
:1084B000C06A4FF2F061C2F200410860FFE7019923
:1084C000C86A00EB800246F63400C2F2004000EBBE
:1084D0008200043101F074F901F0CEF94FF67460B6
:1084E000C2F200400068C8B1FFE746F61C00C2F2C5
:1084F00000400068C06A0199C96A88420CD2FFE74F
:108500004EF60451CEF200014FF080500860BFF3E8
:108510004F8FBFF36F8F00E0FFE700E0FFE702B08F
:1085200080BD00000000000080B584B001F074F947
:108530004FF6AC60C2F200400068002840D1FFE76F
:108540004FF6AC50C2F20040029001F0E1F84FF655
:10855000C050C2F20040039001F0DAF8029903988B
:1085600046F62002C2F20042116046F63001C2F225
:108570000041086069460020086046F22872C2F295
:10858000004246F2C873C2F200430A20102101F0F3
:10859000FFFC01464FF6AC60C2F20040016000688B
:1085A00060B1FFE74FF6AC60C2F2004000684CF2E9
:1085B0005C51C0F6010101F05FFA00E0FFE700E066
:1085C000FFE701F059F904B080BD00000000000091
:1085D00080B582B0FFE74FF2E460C2F2004000686D
:1085E00008B3FFE701F018F94FF69460C2F20040BB
:1085F000C068C06801900198043001F035F84FF26E
:10860000E061C2F200410868013808604FF2E4619D
:10861000C2F2004108680138086001F02DF90198A4
:1086200000F092F8D7E702B080BD00000000000023
:1086300080B582B0019000910198006CB8B1FFE75D
:108640000199C8680A6C1044C86001988168C068C4
:10865000884204D3FFE701990868C86000E0FFE79B
:108660000098019AD168126CE7F75CFFFFE702B04F
:1086700080BD00000000000080B586B00590049128
:108680000392002002900598806B01900598006C81
:1086900078B9FFE70598006848B9FFE70598806852
:1086A00002F082FC029005990020886000E0FFE75C
:1086B00041E00398B8B9FFE7059A04995068126C35
:1086C000E7F730FF059948680A6C1044486005993F
:1086D00048688968884204D3FFE7059908684860BC
:1086E00000E0FFE726E0059A0499D068126CE7F7EE
:1086F00019FF0599C8680A6C801AC8600598016856
:10870000C068884206D2FFE7059988680A6C801A1B
:10871000C86000E0FFE70398022809D1FFE701984D
:1087200020B1FFE701980138019000E0FFE700E089
:10873000FFE7FFE7FFE7019801300599886302989A
:1087400006B080BD0000000080B582B000900098A7
:1087500090F8590040B9FFE70098006B01F0B4F8B9
:10876000009801F0B1F81EE0009890F85900012837
:1087700004D1FFE7009801F0A7F813E0009890F803
:10878000590002280DD0FFE74FF0500072B680F379
:108790001188BFF36F8FBFF34F8F62B60190FFE771
:1087A000FEE7FFE7FFE702B080BD00000000000029
:1087B00082B0019046F62000C2F2004000680068D6
:1087C000B0FA80F04009019908600198006848B942
:1087D000FFE746F62000C2F200400068C06800686B
:1087E000009002E000200090FFE7009802B0704780
:1087F00084B04FF40040009047F2BC60C2F20040E9
:1088000001909DF80400400788B1FFE70198073008
:108810000190019820F007000190019A47F2BC6195
:10882000C2F200410098891A08440090FFE70198BD
:10883000029002994FF67860C2F200400160002178
:1088400041600298009A1044019001980838019004
:10885000019820F007000190019A46F62800C2F224
:108860000040026002685160026811600299039141
:108870000199039A891A5160006803990860039866
:1088800040684FF60861C2F20041086003984068F2
:108890004FF60061C2F2004108604FF6D451C2F2B7
:1088A00000414FF00040086004B070470000000035
:1088B00080B582B00190FFE7FFF78AFE46F63400EC
:1088C000C2F20040006802280CD3FFE74EF60451C4
:1088D000CEF200014FF080500860BFF34F8FBFF31E
:1088E0006F8F00E0FFE7E7E780B584B0DDF818C0E0
:1088F0000390029101928DF80330029818B9FFE7B6
:108900000698006003E0019806990860FFE7039865
:108910000699C8630298069908640698012101F037
:10892000CBFB9DF80300069981F84C0004B080BD94
:1089300080B588B0DDF834C0DDF830C0DDF82CC07B
:10894000DDF828C006900591049203930C98006B03
:1089500004998900A522E7F75CFE0C98006B049946
:1089600000EB810004380290029820F0070002908A
:108970009DF80800400768B1FFE74FF0500072B65D
:1089800080F31188BFF36F8FBFF34F8F62B60790EC
:10899000FFE7FEE70598F8B1FFE700200190FFE749
:1089A00001980F2813D8FFE70598019A805C0C996D
:1089B000114481F8340005980199405C08B9FFE73B
:1089C00005E0FFE7FFE7019801300190E8E70C9927
:1089D000002081F8430004E00C99002081F8340065
:1089E000FFE70A98382803D3FFE737200A9000E012
:1089F000FFE70A980C99C8620A980C99C8640C9908
:108A00000020009008650C98043000F099FE0C9846
:108A1000183000F095FE00980C9909610A99C1F18F
:108A200038010C9A91610C9949620C9948650C992E
:108A300081F8580002980699039A00F0EDFC0C9911
:108A400008600B9820B1FFE70C980B99086000E0D4
:108A5000FFE708B080BD000080B584B0002003901F
:108A6000FFE70398372810D8FFE7039800EB800151
:108A700046F63400C2F2004000EB810000F048FEF0
:108A8000FFE7039801300390EBE74FF6D850C2F2AE
:108A90000040019000F03CFE4FF6EC50C2F2004066
:108AA000029000F035FE4FF62060C2F2004000F068
:108AB0002FFE4FF69460C2F2004000F029FE4FF600
:108AC0008060C2F2004000F023FE0199029846F651
:108AD0002402C2F20042116046F62C01C2F20041AB
:108AE000086004B080BD000083B002904FF678604B
:108AF000C2F200400190FFE70198006802998842A5
:108B000005D2FFE7FFE7019800680190F4E70198BC
:108B1000009000980199496808440299884209D157
:108B2000FFE702984268019948681044486001983C
:108B3000029000E0FFE702980090009802994968CF
:108B4000084401990968884220D1FFE7019800682C
:108B500046F62801C2F20041096888420DD0FFE7BD
:108B6000019800684268029948681044486001987A
:108B7000006800680299086007E046F62800C2F223
:108B80000040006802990860FFE704E0019800686F
:108B900002990860FFE701980299884204D0FFE734
:108BA00002980199086000E0FFE703B070470000F9
:108BB00080B586B005900491039202930020019045
:108BC00004980599486005980061049803998842C3
:108BD00016D8FFE703980299401A059989698842D7
:108BE00003D3FFE70120019009E046F63000C2F20E
:108BF000004000680599043100F0AAFDFFE717E086
:108C000003980299884208D2FFE7049802998842A3
:108C100003D3FFE70120019009E046F62000C2F2ED
:108C2000004000680599043100F092FDFFE7FFE77E
:108C3000019806B080BD000080B582B0019000F0C0
:108C4000EBFD0198806B18B9FFE70120009002E06E
:108C500000200090FFE700F00FFE009802B080BDFA
:108C600080B582B0019000F0D7FD0198806B01992A
:108C7000C96B884203D1FFE70120009002E0002089
:108C80000090FFE700F0F8FD009802B080BD000002
:108C900008480068006880F308884FF0000080F3FF
:108CA000148862B661B6BFF34F8FBFF36F8F00DFDA
:108CB00000BF00BF08ED00E080B586B004900391CE
:108CC00046F62000C2F200400068C068C06801900B
:108CD0000198043000F0C8FC019890F82800400783
:108CE000002825D5FFE70198049B81691944039A60
:108CF000FFF75EFFD0B1FFE70198049A69460023B1
:108D00000B60194602F04CFB0290029868B9FFE72D
:108D10004FF0500072B680F31188BFF36F8FBFF32E
:108D20004F8F62B60590FFE7FEE700E0FFE707E040
:108D3000019991F8280000F0FE0081F82800FFE773
:108D40000198016A884706B080BD0000000000005D
:108D500080B58EB0FFE74FF6AC60C2F2004000680D
:108D600007A9002201F0D8FB002800F0BE80FFE731
:108D70000798B0F1FF3F19DCFFE707A80430029025
:108D8000029868B9FFE74FF0500072B680F311887F
:108D9000BFF36F8FBFF34F8F62B60B90FFE7FEE715
:108DA00002990A6848688968904700E0FFE70798D9
:108DB000002800F19980FFE709980690069840691D
:108DC00028B1FFE70698043000F04EFC00E0FFE712
:108DD00005A800F001F9039007980190092800F216
:108DE00081800199DFE801F00505053F476A050527
:108DF0003F47069991F8280040F0010081F82800CB
:108E00000698089B81691944039AFFF7D1FE40B385
:108E1000FFE70698016A8847069890F828004007FF
:108E200000281CD5FFE70698089982690A4469461C
:108E300000230B60194602F0B3FA0490049868B955
:108E4000FFE74FF0500072B680F31188BFF36F8FC9
:108E5000BFF34F8F62B60C90FFE7FEE700E0FFE73D
:108E600000E0FFE73FE0069991F8280000F0FE00DF
:108E700081F8280037E0069991F8280040F00100B9
:108E800081F828000898069988610698806968B971
:108E9000FFE74FF0500072B680F31188BFF36F8F79
:108EA000BFF34F8F62B60D90FFE7FEE70698039B76
:108EB000816919441A46FFF77BFE14E0069890F882
:108EC00028008007002804D4FFE7069800F0FCFC87
:108ED00007E0069991F8280000F0FE0081F82800CC
:108EE000FFE700E0FFE7FFE735E70EB080BD0000D9
:108EF00080B584B00390029100F03AFF684600F01C
:108F00006BF801900098D8BBFFE7029860B9FFE7C3
:108F100003980199884207D8FFE702F02DF90398DA
:108F20000199FFF7C9FE2AE0029858B1FFE746F61B
:108F30003000C2F2004000680068B0FA80F04009DA
:108F40000290FFE74FF6AC60C2F200400068039960
:108F5000019A891A029A00F0BBFD02F00DF960B97E
:108F6000FFE74EF60451CEF200014FF0805008604A
:108F7000BFF34F8FBFF36F8F00E0FFE7FFE702E023
:108F800002F0FAF8FFE704B080BD00000000000026
:108F900081B046F62400C2F200400068006840B983
:108FA000FFE74FF60C61C2F200414FF0FF3008605E
:108FB0000FE046F62400C2F200400068C068C068B6
:108FC0000090009840684FF60C61C2F200410860C2
:108FD000FFE701B07047000080B582B0019001F05A
:108FE00087FE0090009846F61801C2F20041096819
:108FF000884206D2FFE700F013F8019901200860CB
:1090000003E0019900200860FFE7009846F6180188
:10901000C2F200410860009802B080BD000000006C
:1090200080B588B0FFE746F62000C2F20040006835
:109030000068002850D0FFE746F62000C2F200404A
:109040000168C968096806910068C068C068039033
:109050000398043000F008FB0398016A88470398DE
:1090600090F828004007002834D5FFE706980399B8
:109070008969084405900598069988420FD9FFE749
:109080000598039948600398006146F62000C2F2F3
:10909000004000680399043100F05AFB19E003987E
:1090A000069A694600230B60194602F079F902908E
:1090B000029868B9FFE74FF0500072B680F311884C
:1090C000BFF36F8FBFF34F8F62B60790FFE7FEE7E6
:1090D000FFE700E0FFE7A6E746F62002C2F2004203
:1090E0001068049046F63001C2F200410868106032
:1090F0000498086008B080BD83B00020009040F262
:109100001410C2F200400068013068B1FFE74FF070
:10911000500072B680F31188BFF36F8FBFF34F8F8B
:1091200062B60190FFE7FEE74FF0500072B680F3A1
:109130001188BFF36F8FBFF34F8F62B60290FFE7C6
:10914000009808B9FFE7FBE703B070470000000094
:1091500080B584B00390FFE701A8FFF729FB0290D8
:1091600002980199FFF7C4FEFFF7F2FDF4E7000053
:1091700080B582B0019000F04FFB019890F8450057
:109180008DF80300FFE79DF90300012816DBFFE7D8
:109190000198406A58B1FFE70198243001F080FF40
:1091A00018B1FFE700F018FD00E0FFE700E005E080
:1091B0009DF8030001388DF80300E4E70199FF20D2
:1091C00081F8450000F058FB00F026FB019890F86C
:1091D00044008DF80200FFE79DF90200012816DB2C
:1091E000FFE70198006980B1FFE70198103001F0B6
:1091F00057FF18B1FFE700F0EFFC00E0FFE79DF834
:10920000020001388DF8020000E000E0E4E7019977
:10921000FF2081F8440000F02FFB02B080BD000069
:1092200080B58AB006900020029000F0A1FD46F6BD
:109230002800C2F20040006818B9FFE7FFF7D8FA2B
:1092400000E0FFE706984FF6D451C2F200410968EA
:10925000084240F0C980FFE7069810B3FFE7069880
:10926000083006909DF818004007C0B1FFE7069847
:1092700020F00700083006909DF81800400768B1FC
:10928000FFE74FF0500072B680F31188BFF36F8F85
:10929000BFF34F8F62B60790FFE7FEE700E0FFE7FE
:1092A00000E0FFE70698002800F09C80FFE70698A2
:1092B0004FF60061C2F200410968884200F29280D4
:1092C000FFE74FF67860C2F2004004900068059016
:1092D000FFE705984168069A00209142019007D265
:1092E000FFE705980068002818BF01200190FFE7FC
:1092F0000198C00730B1FFE7059804900598006811
:109300000590E6E7059846F62801C2F20041096893
:10931000884265D0FFE704980068083002900598FD
:10932000006804990860059840680699401A112859
:1093300023D3FFE705980699084403909DF80C0095
:10934000400768B1FFE74FF0500072B680F3118814
:10935000BFF36F8FBFF34F8F62B60890FFE7FEE752
:10936000059840680699401A03994860069805993F
:1093700048600398FFF7B8FB00E0FFE705984268F4
:109380004FF60060C2F200400168891A016000686F
:109390004FF60861C2F20041096888420BD2FFE72C
:1093A0004FF60060C2F2004000684FF60861C2F25A
:1093B0000041086000E0FFE74FF6D450C2F20040E1
:1093C00002680599486810434860059900200860C4
:1093D0004FF61461C2F2004108680130086000E0F5
:1093E000FFE700E0FFE700E0FFE701F0C5FE9DF8C2
:1093F0000800400768B1FFE74FF0500072B680F3F5
:109400001188BFF36F8FBFF34F8F62B60990FFE7EC
:10941000FEE702980AB080BD83B0029001910092ED
:1094200002980438029002994FF080700860029808
:1094300004380290019820F0010002990860029817
:1094400004380290029949F2F900C0F60100086060
:109450000298143802900098029908600298043823
:10946000029002996FF00200086002982038029082
:10947000029803B07047000080B588B007900021C3
:10948000ADF80810BDF80830581CADF808000DF113
:109490000B0001905A22C254BDF808305A1CADF896
:1094A0000820A522C254BDF80820531CADF808308E
:1094B0008154BDF80820511CADF808100C218154CE
:1094C000BDF808E000EB0E02079BD3F800C0596816
:1094D0009B6840F80EC093605160BDF808100C31D5
:1094E000ADF808100230BDF808100239C9B2FEF715
:1094F0006BF801460198BDF808208154BDF80810AA
:109500000131ADF80810BDF8081000F095F808B06A
:1095100080BD00000000000080B586B005900020EE
:10952000ADF80800BDF80820501CADF808000DF19A
:109530000B0001905A218154BDF80820511CADF850
:109540000810A5218154BDF80820511CADF8081061
:10955000FF218154BDF80820511CADF808100421EA
:109560008154BDF80820059909688150BDF808109C
:109570000431ADF808100230BDF808100239C9B244
:10958000FEF722F801460198BDF808208154BDF885
:1095900008100131ADF80810BDF8081000F04CF8C3
:1095A00006B080BD0000000080B586B005900020A8
:1095B000ADF80800BDF80820501CADF808000DF10A
:1095C0000B0001905A218154BDF80820511CADF8C0
:1095D0000810A5218154BDF80820511CADF80810D1
:1095E000FE218154BDF80820511CADF8081004215B
:1095F0008154BDF80820059909688150BDF808100C
:109600000431ADF808100230BDF808100239C9B2B3
:10961000FDF7DAFF01460198BDF808208154BDF836
:1096200008100131ADF80810BDF8081000F004F87A
:1096300006B080BD0000000080B582B00190ADF89A
:109640000210019820B1FFE7BDF8020008B9FFE75A
:1096500005E00198BDF80210FDF762FEFFE702B0D9
:1096600080BD00000000000082B0019001980069F8
:10967000009001984168806888600199486889680D
:109680004860009840680199884205D1FFE7019839
:1096900080680099486000E0FFE7019900200861B8
:1096A00000990868013808600098006802B07047A7
:1096B00083B002900191009202994FF6F400C2F239
:1096C0000040086001994FF2F460C2F20040086067
:1096D00000998020086003B070470000000000007F
:1096E00083B002900191009202994FF65050C2F25D
:1096F0000040086001994FF65010C2F20040086027
:1097000000994FF48070086003B0704700000000BB
:1097100081B00090009901F10800486000994FF075
:10972000FF308860009901F10800C860009901F1DC
:109730000800086100990020086001B0704700002F
:1097400081B0009000990020086101B070470000CE
:1097500084B0039002910298006800900098013054
:1097600020B9FFE703980069019010E003980830E2
:109770000190FFE70198406800680099884205D889
:10978000FFE7FFE7019840680190F3E7FFE70198E2
:10979000406802994860029841688860019802997F
:1097A00088600298019948600398029908610399BA
:1097B00008680130086004B0704700000000000035
:1097C00083B002900191029840680090009801993E
:1097D00048600098806801998860019800998968BC
:1097E000486001980099886002980199086102997F
:1097F00008680130086003B07047000000000000F6
:10980000DFF80C00016841F470010160704700BF8F
:1098100088ED00E00000000082B04FF0500072B60A
:1098200080F31188BFF36F8FBFF34F8F62B6009044
:1098300040F21410C2F2004001680131016000687A
:10984000012816D1FFE74EF60450CEF20000006862
:10985000000668B1FFE74FF0500072B680F3118840
:10986000BFF36F8FBFF34F8F62B60190FFE7FEE744
:10987000FFE702B07047000082B040F21410C2F25D
:109880000040006868B9FFE74FF0500072B680F3FF
:109890001188BFF36F8FBFF34F8F62B60090FFE761
:1098A000FEE740F21410C2F2004001680139016085
:1098B000006830B9FFE700200190019880F311881B
:1098C000FFE702B07047000080B586B003900398B0
:1098D00002900398002860D0FFE7029808380290B1
:1098E00002980190019840684FF6D451C2F20041AD
:1098F000096808420DD1FFE74FF0500072B680F3BF
:109900001188BFF36F8FBFF34F8F62B60490FFE7EC
:10991000FEE70198006868B1FFE74FF0500072B6AB
:1099200080F31188BFF36F8FBFF34F8F62B605903E
:10993000FFE7FEE7019840684FF6D451C2F20041BC
:109940000968084227D0FFE70198006808BBFFE7D5
:109950004FF6D450C2F20040026801994868904323
:10996000486000F005FA019842684FF60061C2F2C3
:1099700000410868104408600198FFF7B5F84FF6F9
:109980001861C2F2004108680130086001F0F4FB80
:1099900000E0FFE700E0FFE7FFE706B080BD000062
:1099A0004EF21001CEF20001002008604EF21802C3
:1099B000CEF20002106040F22400C2F200400068C3
:1099C00044F6D352C1F26202A0FB02024FF0FF3014
:1099D00000EB92104EF21402CEF20002106007204B
:1099E000086070470000000084B0EFF3058001902C
:1099F0000198102820D3FFE701984EF2F031CEF203
:109A00000001405C8DF803009DF803004FF2BC613B
:109A1000C2F20041097888420DDAFFE74FF05000AA
:109A200072B680F31188BFF36F8FBFF34F8F62B6AA
:109A30000290FFE7FEE7FFE74EF60C50CEF2000083
:109A4000006800F4E0604FF2C061C2F200410968B2
:109A500088420DD9FFE74FF0500072B680F31188AD
:109A6000BFF36F8FBFF34F8F62B60390FFE7FEE740
:109A700004B070470000000083B002900191002004
:109A80000090FFE7009807281DD8FFE700994FF6E0
:109A90003460C2F2004050F8310070B9FFE701981D
:109AA000009A4FF63461C2F2004141F83200029848
:109AB000009A01EBC201486005E0FFE7FFE700986C
:109AC00001300090DEE703B07047000000000000A6
:109AD00080B584B003900291019203980090FFF743
:109AE0009BFE009890F94400013028B9FFE70099E7
:109AF000002081F84400FFE7009890F9450001300C
:109B000028B9FFE70099002081F84500FFE7FFF73B
:109B1000B3FE0098806B38B9FFE7009824300299B3
:109B2000019A00F085F800E0FFE70098FFF720FBBE
:109B300004B080BD0000000080B584B00290002019
:109B400001900298F0B1FFE74FF2E860C2F20040E6
:109B5000006868B1FFE74FF0500072B680F31188DB
:109B6000BFF36F8FBFF34F8F62B60390FFE7FEE73F
:109B700000F0FEF802980021FEF7D6FB01F0FCFA97
:109B8000019000E0FFE7019860B9FFE74EF604514D
:109B9000CEF200014FF080500860BFF34F8FBFF34B
:109BA0006F8F00E0FFE704B080BD00000000000000
:109BB00081B000904FF61060C2F20040006800993A
:109BC00008604FF6A860C2F2004000680099486043
:109BD00001B07047000000004FF6B461C2F20041CE
:109BE000012008607047000080B584B002900191A8
:109BF000029868B9FFE74FF0500072B680F3118801
:109C0000BFF36F8FBFF34F8F62B60390FFE7FEE79E
:109C1000029846F61C01C2F2004109681831FFF7AC
:109C200097FD01980121FEF77FFB04B080BD000085
:109C300080B584B0029001910092029868B9FFE764
:109C40004FF0500072B680F31188BFF36F8FBFF3EF
:109C50004F8F62B60390FFE7FEE7029846F61C01BD
:109C6000C2F2004109681831FFF7AAFD009820B13F
:109C7000FFE74FF0FF300190FFE701980099FEF7F2
:109C800053FB04B080BD000080B58AB00020039073
:109C90000690059006A805A904AAFFF709FD039BF5
:109CA000049A0599DDF818C06846C0F808C04160FC
:109CB000036048F6B100C0F601004CF25751C0F6FF
:109CC000010100F0D9FD01464FF60460C2F20040E8
:109CD0000160006818B1FFE70120079002E0002052
:109CE0000790FFE70798012804D1FFE701F00CFB7C
:109CF000079000E0FFE70798012825D1FFE74FF024
:109D0000500072B680F31188BFF36F8FBFF34F8F8F
:109D100062B608904FF60C61C2F200414FF0FF307E
:109D200008604FF67461C2F20041012008604FF6EE
:109D3000A861C2F200410020086000F089F808B173
:109D4000FFE700E0FFE711E00798013068B9FFE79F
:109D50004FF0500072B680F31188BFF36F8FBFF3DE
:109D60004F8F62B60990FFE7FEE7FFE70AB080BDBC
:109D70004FF2E861C2F200410868013008607047A4
:109D800083B04FF2E860C2F20040006838B1FFE7EC
:109D90004FF6B461C2F200410120086053E04FF673
:109DA000B461C2F20041002008604FF2F060C2F2DC
:109DB000004000680190FFE7019800EB800146F643
:109DC0003400C2F2004050F82100A0B9FFE701982A
:109DD00068B9FFE74FF0500072B680F31188BFF307
:109DE0006F8FBFF34F8F62B60290FFE7FEE70198D7
:109DF00001380190E0E7019800EB800146F634005D
:109E0000C2F2004000EB8100009000994868406871
:109E10004860009948680831884205D1FFE70099F9
:109E2000486840684860FFE700984068C06846F6A8
:109E30001C01C2F20041086001984FF2F061C2F2C9
:109E400000410860FFE703B0704700000000000019
:109E500080B586B04EF20040CEF20000039001784B
:109E60000491FF21017000788DF80B009DF80B0024
:109E700000F050004FF2BC61C2F2004108704FF296
:109E8000C061C2F2004107200860FFE79DF80B00A7
:109E9000000600280DD5FFE74FF2C061C2F2004175
:109EA0000868013808609DF80B0040008DF80B0031
:109EB000ECE74FF2C060C2F20040006803280DD00A
:109EC000FFE74FF0500072B680F31188BFF36F8F39
:109ED000BFF34F8F62B60590FFE7FEE74FF2C06118
:109EE000C2F20041086800020860086800F4E060FF
:109EF000086004984EF20041CEF2000108704EF660
:109F00002051CEF20001086840F470000860086833
:109F100040F070400860FFF743FD40F21411C2F2B8
:109F20000041002001900860FFF76AFC4EF6347192
:109F3000CEF20001086840F040400860FEF7A8FE3D
:109F4000FFF71EFFFFF7D8F8019806B080BD0000AC
:109F500080B582B04FF0500072B680F31188BFF325
:109F60006F8FBFF34F8F62B6009000F0CDFE40B10F
:109F7000FFE74EF60451CEF200014FF0805008602A
:109F8000FFE700200190019880F3118802B080BDA6
:109F900080B590B084461298CDF828C009910892F7
:109FA00007938DF81B000A9868B9FFE74FF050003F
:109FB00072B680F31188BFF36F8FBFF34F8F62B615
:109FC0000B90FFE7FEE7079868B9FFE74FF05000F6
:109FD00072B680F31188BFF36F8FBFF34F8F62B6F5
:109FE0000C90FFE7FEE708990020039031B1FFE7EE
:109FF0000998B0FA80F040090390FFE70398C00782
:10A0000068B1FFE74FF0500072B680F31188BFF3DC
:10A010006F8FBFF34F8F62B60D90FFE7FEE7089991
:10A020000020029031B9FFE70998002818BF0120ED
:10A030000290FFE70298C00768B1FFE74FF05000B9
:10A0400072B680F31188BFF36F8FBFF34F8F62B684
:10A050000E90FFE7FEE750200490049850280DD0A2
:10A06000FFE74FF0500072B680F31188BFF36F8F97
:10A07000BFF34F8F62B60F90FFE7FEE70498079893
:10A080000590059888B1FFE70599012081F8460001
:10A090000A980999089A9DF81B30DDF814C0EE461D
:10A0A000CEF800C0FEF720FC00E0FFE7059810B0F6
:10A0B00080BD00000000000080B584B002900191D6
:10A0C00002980090009868B9FFE74FF0500072B610
:10A0D00080F31188BFF36F8FBFF34F8F62B6039089
:10A0E000FFE7FEE7FFF798FB00990B68C86B0A6C67
:10A0F00000FB02308860009900208863009908689E
:10A10000486000990B68C86B0A6C013800FB02308C
:10A11000C8600099FF2081F84400009981F845004B
:10A120000198D0B9FFE700980069A0B1FFE7009857
:10A13000103000F0B5FF60B1FFE74EF60451CEF2EB
:10A1400000014FF080500860BFF34F8FBFF36F8F57
:10A1500000E0FFE700E0FFE708E000981030FFF7BD
:10A16000D7FA00982430FFF7D3FAFFE7FFF784FB14
:10A17000012004B080BD000080B592B00C900B911E
:10A180000A920993002008900C980490049868B9EA
:10A19000FFE74FF0500072B680F31188BFF36F8F66
:10A1A000BFF34F8F62B60E90FFE7FEE70B990020DA
:10A1B000039039B9FFE70498006C002818BF01200C
:10A1C0000390FFE70398C00768B1FFE74FF0500026
:10A1D00072B680F31188BFF36F8FBFF34F8F62B6F3
:10A1E0000F90FFE7FEE7099900200229029007D1AE
:10A1F000FFE70498C06B013818BF01200290FFE709
:10A200000298C00768B1FFE74FF0500072B680F3C4
:10A210001188BFF36F8FBFF34F8F62B61090FFE7C7
:10A22000FEE700F049FD01460020019031B9FFE74B
:10A230000A98002818BF01200190FFE70198C00785
:10A2400068B1FFE74FF0500072B680F31188BFF39A
:10A250006F8FBFF34F8F62B61190FFE7FEE7FFE706
:10A26000FFF7DAFA0498806B0499C96B884204D32B
:10A27000FFE70998022834D1FFE704980B99099A5F
:10A28000FEF7FAF907900498406AA0B1FFE7049836
:10A29000243000F005FF60B1FFE74EF60451CEF226
:10A2A00000014FF080500860BFF34F8FBFF36F8FF6
:10A2B00000E0FFE710E0079860B1FFE74EF60451B9
:10A2C000CEF200014FF080500860BFF34F8FBFF314
:10A2D0006F8F00E0FFE7FFE7FFF7CEFA01200D9058
:10A2E00065E00A9828B9FFE7FFF7C6FA00200D904D
:10A2F0005DE0089830B9FFE705A8FFF759FC012099
:10A30000089000E0FFE7FFE7FFE7FFF7B5FAFFF788
:10A310002FFDFFF781FA049890F94400013028B925
:10A32000FFE70499002081F84400FFE7049890F9C2
:10A330004500013028B9FFE70499002081F8450065
:10A34000FFE7FFF799FA05A80AA900F0D9F928BB99
:10A35000FFE70498FEF784FCC8B1FFE704981030CB
:10A360000A99FFF741FC0498FEF702FF00F004FF92
:10A3700060B9FFE74EF60451CEF200014FF0805075
:10A380000860BFF34F8FBFF36F8FFFE705E00498BE
:10A39000FEF7EEFE00F0F0FEFFE707E00498FEF7A0
:10A3A000E7FE00F0E9FE00200D9000E058E70D9870
:10A3B00012B080BD0000000080B592B00B900A91F1
:10A3C000099208930B980590059868B9FFE74FF03C
:10A3D000500072B680F31188BFF36F8FBFF34F8FB9
:10A3E00062B60C90FFE7FEE70A990020029039B9A7
:10A3F000FFE70598006C002818BF01200290FFE7D6
:10A400000298C00768B1FFE74FF0500072B680F3C2
:10A410001188BFF36F8FBFF34F8F62B60D90FFE7C8
:10A42000FEE7089900200229019007D1FFE705986F
:10A43000C06B013818BF01200190FFE70198C007E9
:10A4400068B1FFE74FF0500072B680F31188BFF398
:10A450006F8FBFF34F8F62B60E90FFE7FEE7FFF7F7
:10A46000C3FAEFF311814FF0500072B680F31188F8
:10A47000BFF36F8FBFF34F8F62B610910F9010989C
:10A4800006900598806B0599C96B884204D3FFE755
:10A490000898022833D1FFE7059890F845008DF819
:10A4A00013000598806B039005980A99089AFEF7A7
:10A4B000E3F89DF913000130B8B9FFE70598406A49
:10A4C00088B1FFE70598243000F0EAFD48B1FFE7C6
:10A4D000099820B1FFE709990120086000E0FFE733
:10A4E00000E0FFE700E0FFE706E09DF81300013021
:10A4F000059981F84500FFE70120079002E0002060
:10A500000790FFE706981190119880F3118807983B
:10A5100012B080BD0000000080B58EB00990089197
:10A5200007920020069009980390039868B9FFE706
:10A530004FF0500072B680F31188BFF36F8FBFF3F6
:10A540004F8F62B60B90FFE7FEE70899002001905D
:10A5500039B9FFE70398006C002818BF012001906B
:10A56000FFE70198C00768B1FFE74FF0500072B6EF
:10A5700080F31188BFF36F8FBFF34F8F62B60C90DB
:10A58000FFE7FEE700F098FB01460020009031B99C
:10A59000FFE70798002818BF01200090FFE7009808
:10A5A000C00768B1FFE74FF0500072B680F3118822
:10A5B000BFF36F8FBFF34F8F62B60D90FFE7FEE7DB
:10A5C000FFE7FFF729F90398806B0290029830B3F8
:10A5D000FFE703980899FEF72BF8029801380399D2
:10A5E000886303980069A0B1FFE70398103000F07A
:10A5F00057FD60B1FFE74EF60451CEF200014FF077
:10A6000080500860BFF34F8FBFF36F8F00E0FFE70C
:10A6100000E0FFE7FFF730F901200A906DE00798AE
:10A6200028B9FFE7FFF728F900200A9065E00698AF
:10A6300030B9FFE704A8FFF7BBFA0120069000E05D
:10A64000FFE7FFE7FFE7FFF717F9FFF791FBFFF7DA
:10A65000E3F8039890F94400013028B9FFE7039923
:10A66000002081F84400FFE7039890F9450001308D
:10A6700028B9FFE70399002081F84500FFE7FFF7BD
:10A68000FBF804A807A900F03BF830BBFFE70398EC
:10A69000FEF7D2FAD0B1FFE7039824300799FFF70D
:10A6A000A3FA0398FEF764FD00F066FD60B9FFE7CA
:10A6B0004EF60451CEF200014FF080500860BFF317
:10A6C0004F8FBFF36F8F00E0FFE705E00398FEF7C1
:10A6D0004FFD00F051FDFFE70EE00398FEF748FD47
:10A6E00000F04AFD0398FEF7A7FA18B1FFE7002033
:10A6F0000A9002E0FFE7FFE763E70A980EB080BD2B
:10A7000080B588B005900491059868B9FFE74FF0CF
:10A71000500072B680F31188BFF36F8FBFF34F8F75
:10A7200062B60690FFE7FEE7049868B9FFE74FF0CE
:10A73000500072B680F31188BFF36F8FBFF34F8F55
:10A7400062B60790FFE7FEE7FFF766F84FF6A860EE
:10A75000C2F2004000680290029805994968401AC8
:10A76000019004980068013018B9FFE700200390B9
:10A770002BE04FF61060C2F20040006805990968AE
:10A78000884209D0FFE7029805994968884203D3B7
:10A79000FFE70120039017E00198049909688842B7
:10A7A0000BD2FFE7019A04990868801A086005989F
:10A7B000FFF7FEF90020039005E0049900200860EF
:10A7C00001200390FFE7FFE7FFE7FFF755F8039845
:10A7D00008B080BD0000000070B58CB0DDF844C04A
:10A7E000DDF840C00B900A91ADF826200893BDF823
:10A7F00026008000FEF714FD0590059880B1FFE764
:10A800005C20FEF70DFD0790079820B1FFE7059843
:10A810000799086303E00598FFF756F8FFE702E0A1
:10A8200000200790FFE70798F0B1FFE707980026A0
:10A8300080F859600B980A99BDF82620089BDDF82E
:10A8400040C0119C079DEE46CEF80C60CEF8085033
:10A85000CEF80440CEF800C0FEF76AF80798FDF77E
:10A86000CFFD0120069003E04FF0FF300690FFE798
:10A8700006980CB070BD0000B0B58EB0DDF850C0C9
:10A88000DDF84CC0DDF848C00A90099108920793A2
:10A89000139868B9FFE74FF0500072B680F3118843
:10A8A000BFF36F8FBFF34F8F62B60B90FFE7FEE7EA
:10A8B000149868B9FFE74FF0500072B680F3118822
:10A8C000BFF36F8FBFF34F8F62B60C90FFE7FEE7C9
:10A8D0005C20049004985C280DD0FFE74FF05000F6
:10A8E00072B680F31188BFF36F8FBFF34F8F62B6DC
:10A8F0000D90FFE7FEE70498149820B3FFE7139844
:10A9000008B3FFE714980690139806990863069910
:10A91000022081F859000A980999089A079BDDF8E6
:10A9200048C0069CEE460025CEF80C50CEF80840F4
:10A9300005ACCEF80440CEF800C0FDF7F9FF06984C
:10A94000FDF75EFD02E000200590FFE705980EB0E0
:10A95000B0BD00000000000080B58CB008900791E9
:10A960008DF81B20059301200390089868B9FFE734
:10A970004FF0500072B680F31188BFF36F8FBFF3B2
:10A980004F8F62B60990FFE7FEE708980490FEF744
:10A9900043FF059828B1FFE70498406D05990860CA
:10A9A000FFE7049890F858008DF80B0004990220F6
:10A9B00081F858009DF81B0001460191042822D817
:10A9C0000199DFE801F01F03090E1200079A0499AC
:10A9D000486D1043486529E00499486D0130486589
:10A9E00024E007980499486520E09DF80B000228B0
:10A9F00004D0FFE707980499486502E0002003901F
:10AA0000FFE713E012E00498406D013068B1FFE702
:10AA10004FF0500072B680F31188BFF36F8FBFF311
:10AA20004F8F62B60A90FFE7FEE7FFE79DF80B0045
:10AA300001284DD1FFE704980430FEF715FE049875
:10AA4000C06A4FF2F061C2F200410968884208D939
:10AA5000FFE70498C06A4FF2F061C2F2004108605B
:10AA6000FFE70499C86A00EB800246F63400C2F2A0
:10AA7000004000EB82000431FEF7A2FE0498806AD9
:10AA800068B1FFE74FF0500072B680F31188BFF352
:10AA90006F8FBFF34F8F62B60B90FFE7FEE704980E
:10AAA000C06A46F61C01C2F200410968C96A8842C0
:10AAB0000CD9FFE74EF60451CEF200014FF0805062
:10AAC0000860BFF34F8FBFF36F8F00E0FFE700E038
:10AAD000FFE7FEF7D1FE03980CB080BD0000000038
:10AAE00080B590B0DDF848C0099008918DF81F201E
:10AAF000069301200390099868B9FFE74FF05000D2
:10AB000072B680F31188BFF36F8FBFF34F8F62B6B9
:10AB10000A90FFE7FEE7FEF767FF09980590EFF35D
:10AB200011814FF0500072B680F31188BFF36F8F20
:10AB3000BFF34F8F62B60C910B900C980290069861
:10AB400028B1FFE70598406D06990860FFE7059872
:10AB500090F858008DF813000599022081F85800EC
:10AB60009DF81F0001460191042822D80199DFE8D1
:10AB700001F01F03090E1200089A0599486D104351
:10AB8000486529E00599486D0130486524E008983A
:10AB90000599486520E09DF81300022804D0FFE7DE
:10ABA00008980599486502E000200390FFE713E04C
:10ABB00012E00598406D013068B1FFE74FF050009A
:10ABC00072B680F31188BFF36F8FBFF34F8F62B6F9
:10ABD0000D90FFE7FEE7FFE79DF81300012861D124
:10ABE000FFE70598806A68B1FFE74FF0500072B642
:10ABF00080F31188BFF36F8FBFF34F8F62B60E9053
:10AC0000FFE7FEE74FF2E860C2F20040006820BBB9
:10AC1000FFE705980430FEF727FD0598C06A4FF25C
:10AC2000F061C2F200410968884208D9FFE705983F
:10AC3000C06A4FF2F061C2F200410860FFE7059977
:10AC4000C86A00EB800246F63400C2F2004000EB16
:10AC500082000431FEF7B4FD09E0059800F1180107
:10AC60004FF62060C2F20040FEF7AAFDFFE705980C
:10AC7000C06A46F61C01C2F200410968C96A8842EE
:10AC80000ED9FFE7129820B1FFE712990120086062
:10AC9000FFE74FF6B461C2F200410120086000E016
:10ACA000FFE7FFE702980F900F9880F31188039851
:10ACB00010B080BD0000000081B04FF67460C2F299
:10ACC0000040006818B9FFE7012000900DE04FF246
:10ACD000E860C2F20040006818B9FFE70220009067
:10ACE00002E000200090FFE7FFE7009801B0704706
:10ACF00081B04FF6A860C2F2004000680090009852
:10AD000001B070470000000080B586B000200290BE
:10AD10004FF2E860C2F200400068002840F0CD80A9
:10AD2000FFE74FF6A861C2F20041086801300190C8
:10AD300001980860019868BBFFE746F62400C2F25C
:10AD400000400068006868B1FFE74FF0500072B63D
:10AD500080F31188BFF36F8FBFF34F8F62B60590FA
:10AD6000FFE7FEE746F62402C2F2004210680090B8
:10AD700046F62C01C2F20041086810600098086095
:10AD80004FF61061C2F20041086801300860FEF71A
:10AD9000FFF800E0FFE701984FF60C61C2F20041B6
:10ADA0000968884268D3FFE7FFE746F62400C2F24D
:10ADB00000400068006840B9FFE74FF60C61C2F23E
:10ADC00000414FF0FF30086055E046F62400C2F223
:10ADD00000400068C068C068049004984068039010
:10ADE00001980399884207D2FFE703984FF60C6158
:10ADF000C2F2004108603EE0FFE704980430FEF72D
:10AE000033FC0498806A28B1FFE704981830FEF7F5
:10AE10002BFC00E0FFE70498C06A4FF2F061C2F239
:10AE200000410968884208D9FFE70498C06A4FF2D8
:10AE3000F061C2F200410860FFE70499C86A00EBC4
:10AE4000800246F63400C2F2004000EB820004317A
:10AE5000FEF7B6FC0498C06A46F61C01C2F2004137
:10AE60000968C96A884203D3FFE70120029000E025
:10AE7000FFE7FFE799E7FFE746F61C00C2F2004054
:10AE80000068C06A00EB800146F63400C2F2004060
:10AE900050F82100022803D3FFE70120029000E0D0
:10AEA000FFE74FF6B460C2F20040006818B1FFE758
:10AEB0000120029000E0FFE707E04FF61C61C2F2BC
:10AEC0000041086801300860FFE7029806B080BDC5
:10AED00080B586B00590049103920293FEF79CFC26
:10AEE00046F61C00C2F20040006890F858000228A4
:10AEF00022D0FFE7059B46F61C00C2F20040026824
:10AF0000516D994351650168012081F858000298FC
:10AF100080B1FFE702980121FDF706FA4EF60451D1
:10AF2000CEF200014FF080500860BFF34F8FBFF3A7
:10AF30006F8F00E0FFE700E0FFE7FEF79DFCFEF704
:10AF40006BFC039848B1FFE746F61C00C2F20040D4
:10AF50000068406D03990860FFE746F61C00C2F2E6
:10AF60000040006890F85800022803D0FFE7002056
:10AF700001900BE0049A46F61C00C2F20040016802
:10AF8000486D9043486501200190FFE746F61C009C
:10AF9000C2F200400168002081F85800FEF76CFC06
:10AFA000019806B080BD000080B586B0039003987C
:10AFB000029000200190039800286BD0FFE70298D0
:10AFC00046F61C01C2F20041096888420DD0FFE735
:10AFD0004FF0500072B680F31188BFF36F8FBFF34C
:10AFE0004F8F62B60490FFE7FEE70298006D68B9E4
:10AFF000FFE74FF0500072B680F31188BFF36F8FF8
:10B00000BFF34F8F62B60590FFE7FEE70299086D28
:10B01000013808650299C86AC96C884238D0FFE7D0
:10B020000298006D90BBFFE702980430FEF71CFB0E
:10B0300008B9FFE700E0FFE70299C86CC86202990F
:10B04000C86AC0F1380088610298C06A4FF2F061A6
:10B05000C2F200410968884208D9FFE70298C06A35
:10B060004FF2F061C2F200410860FFE70299C86A3E
:10B0700000EB800246F63400C2F2004000EB820092
:10B080000431FEF79DFB0120019000E0FFE700E0A6
:10B09000FFE700E0FFE7019806B080BD0000000078
:10B0A00080B584B002900298C068C0680190019891
:10B0B00068B9FFE74FF0500072B680F31188BFF314
:10B0C0006F8FBFF34F8F62B60390FFE7FEE70198E3
:10B0D0001830FEF7C9FA4FF2E860C2F2004000688B
:10B0E00020BBFFE701980430FEF7BEFA0198C06A62
:10B0F0004FF2F061C2F200410968884208D9FFE7C7
:10B100000198C06A4FF2F061C2F200410860FFE7A7
:10B110000199C86A00EB800246F63400C2F2004092
:10B1200000EB82000431FEF74BFB09E0019800F1CF
:10B1300018014FF62060C2F20040FEF741FBFFE726
:10B140000198C06A46F61C01C2F200410968C96A4A
:10B15000884208D9FFE7012000904FF6B461C2F29F
:10B160000041086002E000200090FFE7009804B072
:10B1700080BD00000000000080B584B00020029077
:10B1800001904FF2E860C2F20040006868B9FFE742
:10B190004FF0500072B680F31188BFF36F8FBFF38A
:10B1A0004F8F62B60390FFE7FEE7FEF735FB4FF2E5
:10B1B000E860C2F2004001680139016000680028BF
:10B1C00040F09980FFE74FF2E060C2F20040006873
:10B1D000002800F08F80FFE7FFE74FF62060C2F203
:10B1E00000400068002842D0FFE74FF62060C2F21E
:10B1F0000040C068C068029002981830FEF734FA28
:10B2000002980430FEF730FA0298C06A4FF2F061FB
:10B21000C2F200410968884208D9FFE70298C06A73
:10B220004FF2F061C2F200410860FFE70299C86A7C
:10B2300000EB800246F63400C2F2004000EB8200D0
:10B240000431FEF7BDFA0298C06A46F61C01C2F24C
:10B2500000410968C96A884207D3FFE74FF6B46125
:10B26000C2F200410120086000E0FFE7B5E7029864
:10B2700018B1FFE7FDF78CFEFFE74FF61C60C2F246
:10B280000040006800900098E0B1FFE7FFE7FFF79B
:10B290003BFD38B1FFE74FF6B461C2F20041012037
:10B2A000086000E0FFE7009801380090FFE7009891
:10B2B0000028ECD1FFE74FF61C61C2F200410020EC
:10B2C000086000E0FFE74FF6B460C2F2004000689B
:10B2D00070B1FFE7012001904EF60451CEF200015B
:10B2E0004FF080500860BFF34F8FBFF36F8F00E0C7
:10B2F000FFE7FFE700E0FFE7FEF7BEFA019804B0C2
:10B3000080BD00000000000080B58AB000200890D9
:10B31000FDF70AF94FF6AC60C2F20040006858B37E
:10B32000FFE7002004900790069007A806A905AA49
:10B33000FEF7D6F9049B059A0698DDF81CC069460D
:10B34000C1F808C048600220086049F25110C0F6F8
:10B3500001004CF26151C0F60101FFF78DFA014680
:10B360004FF6B060C2F200400160006818B1FFE71C
:10B3700001200890FFE700E0FFE7089868B9FFE7C1
:10B380004FF0500072B680F31188BFF36F8FBFF398
:10B390004F8F62B60990FFE7FEE708980AB080BDBC
:10B3A00080B58AB0DDF830C0089007910692059309
:10B3B00000200490089868B9FFE74FF0500072B67B
:10B3C00080F31188BFF36F8FBFF34F8F62B6099080
:10B3D000FFE7FEE74FF6AC60C2F200400068A8B39A
:10B3E000FFE7079800900698019008980290079848
:10B3F00005281EDCFFE7FFF75FFC02280CD1FFE702
:10B400004FF6AC60C2F2004000680C9A6946002317
:10B41000FEF7B2FE04900BE04FF6AC60C2F20040C3
:10B420000068694600231A46FEF7A6FE0490FFE76F
:10B430000BE04FF6AC60C2F200400068059A694626
:10B440000023FEF7B9FF0490FFE700E0FFE7049850
:10B450000AB080BD4100080218BF04200A0E18BFC0
:10B4600040F001004FF07F4232EA010108BF40F096
:10B470000200012808BF05207047000010B510EE3B
:10B48000104A4FF01A402DED028B00EB4400B0F152
:10B49000C85F4AD84FF0FC40B0EB440F22D2B0EE68
:10B4A000C00AF7EE000A30EEC00AF6EE000A20EEFF
:10B4B000208A18EE100A00F069FC00EE100A14F061
:10B4C000004F1DBF9FED281ADFED280AB1EE400A9C
:10B4D0009FED271A08BFF0EE410AF8EE001A20EEA1
:10B4E000210A05E020EE008A9FED221ADFED220AF4
:10B4F000DFED221A9FED222A70EEC00A20EE080A24
:10B5000008EE212ADFED1F1A48EE021A9FED1E2ACF
:10B5100008EE212ADFED1D1A48EE021ABDEC028B5F
:10B5200040EE610A30EE810A10BD4FF0CC40B0EB26
:10B53000440F82BF9FED160ABDEC028B10BD4FF089
:10B540007F40B0EB440F05D2BDEC028BBDE810404C
:10B5500000F05BBB0120E5F708F9BDEC028BBDE80C
:10B56000104000F059BB00000000494022AA7D3A7B
:10B57000000000000000C93F22AAFD3924FE1C3D46
:10B58000C78AD83C1E67383D1B93993DAFAA2A3E17
:10B59000DB0FC93F70B54FF068422DED048BF0EE24
:10B5A000408A18EE900AB0EE608A18EE101A02EB8C
:10B5B0004003B3F1654F3CBF02EB4102B2F1654F6E
:10B5C0007DD200BFC0F3C753C1F3C7529A1A1B2ADA
:10B5D00009DD10F0004F14BF9FED830A9FED830A31
:10B5E000BDEC048B70BD12F11A0F36DA11F0004F6A
:10B5F00009D010F0004F0CBF9FED7D0A9FED7D0A32
:10B60000BDEC048B70BD88EE889A19EE100AFFF726
:10B6100021FF042808BF00F007FB18EE900AFFF78F
:10B6200019FF054618EE100AFFF714FF044619EE3D
:10B63000100AFFF70FFF042D18BF052D08D1042CA9
:10B6400018BF052C04D1002804BF0220E5F78DF8AF
:10B65000B0EE490ABDEC048B70BD4200B2EB410F65
:10B660003AD910F0004F19BFDFED630A9FED630A6E
:10B67000DFED630A9FED630AB0EE481A0A46B1EEA9
:10B68000688A80F00041F0EE418A10460A1A5200A2
:10B69000B2F1807F34D2484010F0004FDFED5A1AEB
:10B6A0009FED5A2A1DBFBEEE001A70EEE10A30EE81
:10B6B000420AB6EE001A08BF70EEA10A00E040E0B0
:10B6C00008BF30EE020AB0EE682A01EE482A08EE02
:10B6D000818AC2EE081A15E011F0004F04BF9FEDF9
:10B6E0004C0AF0EE400AD1D010F0004F19BFDFED48
:10B6F000490A9FED490ADFED490A9FED490AC5E76E
:10B70000C8EE881A21EEA11A9FED462ADFED462ADF
:10B7100041EE022A9FED452A01EE222ADFED442A5E
:10B7200041EE022A9FED432ABDEC048B01EE222A52
:10B7300021EE811A01EE020A30EE210A30EE200AD3
:10B7400070BD4FF07F42B2EB400F28BFB2EB410F0C
:10B7500009D2F0EE480AB0EE680ABDEC048BBDE8F1
:10B76000704000F055BA40EA01035B0008BF41F0A9
:10B77000FF410BD0B2EB400F08BFB2EB410F08D135
:10B7800020F0804008EE900A21F0804108EE101A67
:10B7900018E7B2EB400F12BF5FEA410340F0FF40F1
:10B7A00001F000413FF40EAFB2EB410F12BF5FEA70
:10B7B000400200F0004041F0FF413FF403AF4A0077
:10B7C00092EA40033FF5FEAE002AACBF9FED1A0A95
:10B7D0009FED1A0A68EE808A28EE008A18EE900A19
:10B7E00018EE101AEEE60000DB0FC9BFDB0FC93FF1
:10B7F000DB0F4940DB0F49C00000C9BF22AAFDB9D9
:10B800000000C93F22AAFD390060ED3EC30ACE37D1
:10B8100000000000000049C022AA7DBA0000494093
:10B8200022AA7D3A2DAD65BD8FB8D53D0FB511BEAD
:10B8300061C84C3EA8AAAABE0000804F0000802F1D
:10B8400010EE101A08B5444A6846B2EB410F28D9E9
:10B850004FF0E640B0EB410F94BF00204FF0FF30B7
:10B8600000900098002861DB60EE000A10F0010FE4
:10B8700045D010F0020FDFED391A9FED391A00EEB6
:10B88000A11ADFED381A40EE811A21EEA01AF0EE6F
:10B89000400A40EE010A08BFF1EE600AB0EE600A0D
:10B8A00008BD314B21F0004293423CD911F0004FCA
:10B8B000DFED2E0A20EE201ADFED2D0A19BF31EE42
:10B8C000601A71EE200A31EE201A71EE600ABDEEA8
:10B8D000E01A11EE100A9FED271A00F0030000EEA7
:10B8E000C10A9FED251A009000EEC10A9FED231AB0
:10B8F00000EEC10A9FED221A00EEC10AB1E79FEDEA
:10B90000211A9FED210A10F0020F00EE810A9FED2F
:10B910001F1A00EE801AB7EE000A00EE810A18BF67
:10B92000B1EE400A08BD00F087F99AE710EE100A60
:10B930004000B0F17F4F3CBFB7EE000A08BD07D111
:10B940004FF00100E4F711FFBDE8084000F064B9D2
:10B95000BDE8084000F059B9B61F927E336D4CB96E
:10B96000DA82083CA0AA2ABE490E494683F9223F42
:10B970000000004B0000C93F00A0FD390020A233A9
:10B980001A61342CB93AB2BACA9F2A3DDDFFFFBE14
:10B9900010B52DED028BF0EE408A18EE900AB0EE55
:10B9A000608A20F00040C0F1FF40C00F07D118EEC0
:10B9B000100A20F00040C0F1FF40C00F2BD018EE5D
:10B9C000101A18EE900A00F053FA00EE100A10EE6A
:10B9D000100A6FEAD05010F0FF0F04BFBDEC028BCD
:10B9E00010BD18EE900A00F0004110EE100A00F0B1
:10B9F0000040814204BFBDEC028B10BD18EE101A4E
:10BA000010EE100ABDEC028B61F31E0000EE900AEE
:10BA100030EE600A10BD18EE900A4FF07F41B1EB96
:10BA2000400F1CBF18EE100A5FEA4000C7D101208A
:10BA3000E4F79BFEBDEC028BBDE8104000F0ECB8D3
:10BA400000B510EE101A2DED028B81B0524A6846F7
:10BA5000B2EB410F2ED94FF0E640B0EB410F94BF4F
:10BA600000204FF0FF3000900098B0EE408A002890
:10BA70006ADB10F0010F4BD068EE080A9FED471A01
:10BA80009FED470A00EE810A9FED461A10F0020F63
:10BA900000EE801AB7EE000A00EE810A02BF01B084
:10BAA000BDEC028B00BD00BF01B0B1EE400ABDECA1
:10BAB000028B00BD3C4B21F00042934241D911F072
:10BAC000004FDFED3A0A20EE201ADFED390A19BFE8
:10BAD00031EE601A71EE200A31EE201A71EE600A22
:10BAE000BDEEE01A11EE100A9FED321A00F00300CD
:10BAF00000EEC10A9FED301A009000EEC10A9FEDE2
:10BB00002F1A00EEC10A9FED2E1A00EEC10AABE714
:10BB100028EE080A9FED2B1ADFED2B0A10F0020F1A
:10BB200040EE010A9FED291A00EE201A61EE000A8C
:10BB3000B0EE480A08EE200AB6D101B0BDEC028B87
:10BB400000BD00F079F88FE718EE100A4000B0F160
:10BB50007F4F0DD218EE100AFFF77CFC042808BFB7
:10BB600000F062F8B0EE480A01B0BDEC028B00BDF7
:10BB700009D10120E4F7F9FD01B0BDEC028B5DF8BD
:10BB800004EB00F049B801B0B0EE480ABDEC028BFE
:10BB90005DF804EB00F039B8B61F927EB93AB2BA3C
:10BBA000CA9F2A3DDDFFFFBE490E494683F9223F69
:10BBB0000000004B0000C93F00A0FD390020A23367
:10BBC0001A61342C336D4CB9DA82083CA0AA2ABE23
:10BBD00010B52DED028BB1EEC08A18EE100A20F0E0
:10BBE0000040C0F1FF40C00F0AD010EE100A20F054
:10BBF0000040C0F1FF40C00F04BF0120E4F7B5FDD5
:10BC0000B0EE480ABDEC028B10BD30EE000A704762
:10BC100030EE200A70470000DFED020A80EEA00A35
:10BC200070470000000000009FED020A20EE000AAD
:10BC300070470000000000102DE9F0014FF07F4236
:10BC4000B2EB410F9FBF4FF0FF310160BDE8F00143
:10BC500070474FF0004242EA0123C1F3C752783ADD
:10BC6000551112F01F0C434CCCF120067C44C1F35B
:10BC7000C752A2F178024FEA621204EB820254F832
:10BC8000254008BFD2E9015612D0556804FA0CF4D9
:10BC900025FA06F73C43976805FA0CF527FA06F8EB
:10BCA000D26807FA0CFCF24045EA08054CEA0206A5
:10BCB000A4FB034CA5FB0352A6FB03631D449D425A
:10BCC00034BF012600261319334416B1934202D91A
:10BCD00003E0934201D2012200E00022624402F11B
:10BCE000200C9206DC0C42EA443200EE102A5B0380
:10BCF000DFED210AF8EEC01A00EE103A4FEA9C1C64
:10BD000011F0004FB8EE400AC0F800C020EE201A33
:10BD100000EE105ADFED190AB8EE400A20EE200AB4
:10BD200071EE810A70EE800A10EE902A02F5006230
:10BD30006FF30B0200EE902A70EEE11A31EEC11A99
:10BD4000DFED101A30EE411A9FED0D0A20EE800A49
:10BD500001EE210A9FED0C1A00EE810A04BFBDE836
:10BD6000F0017047CCF180510160BDE8F001B1EE07
:10BD7000400A7047F4020000000000360000802CEA
:10BD800022AAFD29DB0FC92F0000C92F10B500EE34
:10BD9000100A2DED028BB1EEC08A18EE100A20F0C9
:10BDA0000040C0F1FF40C00F0AD010EE100A20F092
:10BDB0000040C0F1FF40C00F04BF0120E4F7D5FCF4
:10BDC00018EE100ABDEC028B10BD0EF1020E2EF023
:10BDD000030E5EF8044B244204D44FEA4102B2F150
:10BDE0007F4F11D84FEA4003B3F17F4F0CD80ED1EB
:10BDF0004FEAD07C0CEB4C0C0CF1020CB2F17F4FF3
:10BE000008BF4CEBD17C04E04FF0080C01E04FEA96
:10BE1000D17C0CEB4C0324FA03F404F00704B4F1D6
:10BE2000040C06D20EEB840CBDE810404CF0010C63
:10BE30006047DFE80CF0070802024FF00040A0F571
:10BE4000800010BD0846420018BFD2F1807288BF42
:10BE500000F0004010BDF1EE100A4FF6FF71C0F285
:10BE6000C03120EA010040F04070E1EE100A704756
:10BE70004FF07F4C3CEA410318BF3CEA400200F01F
:10BE800062804FF47F0C0CEAD11310F0004F18BF02
:10BE900043F005031CEAD01218BF13EA0C0F00F0A0
:10BEA00057804FF0004C4CEA00204CEA0121A3F5EA
:10BEB00080339A4210DD23F00203B0F1004F06D325
:10BEC00043F00203401ABCBF404283F001034FEA33
:10BED0004000A2F58032ECE74FEA224CBCEB234F46
:10BEE00008DB884206D31CD0A0EB4100C0F1000063
:10BEF00083F0010340001DD217D40DD0B0FA80FCAE
:10BF00000CF1010C00FA0CF0A2EB0C42D2F1000C87
:10BF100012DB4FEAC37070474FEA437000F00040F5
:10BF2000704713F0020FE5D0DEE74FEA4000B2F5AC
:10BF30008032EBDD002AE9DD4FEAC21242EA5020EE
:10BF400040EAC370704710B5FFF73FFFEDFFFF3EBB
:10BF50001CEAD11F02D000F0004070470048704733
:10BF60000000C07F000000006E83F9A22915444E36
:10BF7000D15727FCC0DD34F5999562DB4190433CF5
:10BF8000AB6351FE00000000000000000000000054
:10BF900000000000000000000000000000000000A1
:10BFA0000000000000000000000000000000000091
:10BFB0000000000000000000000000000000000081
:10BFC0000000000000000000000000000000000071
:10BFD0000000000000000000000000000000000061
:10BFE0000000000000000000000000000000000051
:10BFF0000000000000000000000000000000000041
:10C000000000000000000000000000000000000030
:10C010000000000000000000000000000000000020
:10C020000100000005000000585E0024010000002F
:10C0300011000000000000000000000000000000EF
:10C040000000803F00000000000000000060EA46A1
:10C0500000000000000000000000000000000000E0
:10C060000000000000000000000000000000004090
:10C070000AD7233C000000000060EA4600000000F0
:10C0800000000000000000000000000000000000B0
:10C0900000000000000000000000F0410AD7A33CAF
:10C0A000000000000060EA46000000000000000000
:10C0B0000000000000000000000000000000000080
:10C0C0000000000000000000000000000000000070
:10C0D00000000000400049000000000000000000D7
:10C0E00002000000585E0024030000000000000071
:10C0F0000000000000000000000000000000003F01
:10C100000AD7233C00000000005043470000000015
:10C110000100000000401C4600000000000000007C
:10C12000000000000000000000008040CDCCCC3CAE
:10C130000AD7A33C00606A460000000049000000E6
:10C1400000401C460000000000000000000000004D
:10C1500000000000000020410000003FCDCCCC3D9D
:10C160000050434700000000C9969C000050434720
:10C170000000000000000000000000000AD7233C7F
:10C1800000000000000000000000000000000000AF
:10C190004000490000000000000B00000200000009
:10C1A000585E0024020000000000000000000000B3
:10C1B0000000000000000000CDCC4C3E52491D3A6A
:10C1C0000000000000606A4600000000010000005E
:10C1D00000401C46000000000000000000000000BD
:10C1E00000000000000040400AD7A33B6F12833BD1
:10C1F00000606A46000000004900000000401C4644
:10C20000000000000000000000000000000000002E
:10C21000000040400000C03FCDCCCC3D00401C475A
:10C2200000000000C9969C0000606A470000000002
:10C2300000000000000000000AD7233C00000000BE
:10C240000000000000000000000000004000490065
:10C2500000000000000B000001000000585E0024F8
:10C2600001000000000000000000000000000000CD
:10C2700000000000000000000000000000000000BE
:10C2800000000000000000000100000002000000AB
:10C290000300000004000000000000000500000092
:10C2A0000000000000000000000000000600000088
:10C2B0000000000000000000000000000700000077
:10C2C00028C5010800000000000000000000000078
:10C2D0000000000000080000100000000000000046
:10C2E0000000000000316253C4F5A697B988DBEA6C
:10C2F0007D4C1F2E4372211087B6E5D4FACB98A946
:10C300003E0F5C6D86B7E4D5427320113F0E5D6C25
:10C31000FBCA99A8C5F4A796013063527C4D1E2F25
:10C32000B889DAEB3D0C5F6EF9C89BAA84B5E6D7F5
:10C33000407122137E4F1C2DBA8BD8E9C7F6A59405
:10C3400003326150BB8AD9E87F4E1D2C0233605105
:10C35000C6F7A495F8C99AAB3C0D5E6F41702312E5
:10C3600085B4E7D67A4B1829BE8FDCEDC3F2A190D5
:10C370000736655439085B6AFDCC9FAE80B1E2D3C5
:10C3800044752617FCCD9EAF38095A6B45742716A5
:10C3900081B0E3D2BF8EDDEC7B4A192806376455A5
:10C3A000C2F3A0914776251483B2E1D0FECF9CADB5
:10C3B0003A0B586904356657C0F1A293BD8CDFEE85
:10C3C00079481B2AC1F0A3920534675678491A2B85
:10C3D000BC8DDEEF82B3E0D1467724153B0A596865
:10C3E000FFCE9DAC1DC5010800000000000000004C
:10C3F0000000000000000000000C00001000000021
:10C4000000000000000000003FC50108000000001F
:10C410000000000000000000000000000008000014
:10C4200020000000000000000000000000000000EC
:10C4300001020304010203040607080931C50108CB
:10C4400000000000000000000000000000000000EC
:10C4500000100000280000000000000000000000A4
:10C460000001020304050607080C101418203040D0
:10C470000001020304050607080C101418203040C0
:10C480000001020304050607080C101418203040B0
:10C490000006101600061016585E0024FF0100006A
:10C4A000585E002400020000585E0024FF020000D5
:10C4B000F85E0024FF010000F85E00240002000086
:10C4C000F85E0024FF0200004CC5010800000000D7
:10C4D000000000000000000000000000000200005A
:10C4E0001800000000000000000000000804020422
:10C4F0000801010101010103070100000100020020
:10C500000400060008000A000C0010002000400093
:10C51000800000017573625F5461736B0043617446
:10C5200063685F5461736B0041726D5F5461736B3C
:10C5300000444A494D6F746F725F5461736B0043DE
:10C540006861737369735F5461736B0052656D6FDB
:10C55000745F5461736B0049444C4500546D7251D3
:10C5600000546D72205376630043444320496E7437
:10C570006572666163650043444320436F6E66697C
:10C58000670053544D6963726F656C656374726FB5
:10C590006E6963730053544D33322056697274755B
:10C5A000616C20436F6D506F7274000014C50108F8
:10C5B000000000000000000000000000000000007B
:10C5C0000008000020000000000000000000000043
:10C5D00000C601080000002420010000D402000869
:10C5E00020C7010820010024984D0100F002000836
:10C5F000000000000000000000000000000000003B
:10C600008281010051430108C1430108E14301084F
:10C610000944010859440108014301087143010814
:10C62000000000000090D0030090D003913B01086F
:10C63000C1380108F13E010800000000B1390108CD
:10C6400059370108513801080000000000000000BF
:10C6500000000000B13A0108413A0108213B0108FD
:10C66000293A010809024300020100C0320904000E
:10C67000000102020100052400100105240100014F
:10C6800004240202052406000107058203080010A5
:10C6900009040100020A0000000705010240000031
:10C6A00007058102400000000A0600020000004069
:10C6B0000100000012010002020200408304405702
:10C6C0000002010203010000091300080113000821
:10C6D000A112000859130008891300080403090473
:10C6E0001A0300000000000000000000000000002D
:10C6F000000000000000000000000000585E002460
:10C7000000000000F85E00240000000001000000AE
:10C7100010000000AAAAAAAA000000000000000061
:020000043004C6
:1000000000000000000000000000000000000000F0
:1000100000000000000000000000000000000000E0
:1000200000000000000000000000000000000000D0
:1000300000000000000000000000000000000000C0
:1000400000000000000000000000000000000000B0
:1000500000000000000000000000000000000000A0
:100060000000000000000000000000000000000090
:100070000000000000000000000000000000000080
:100080000000000000000000000000000000000070
:100090000000000000000000000000000000000060
:1000A0000000000000000000000000000000000050
:1000B0000000000000000000000000000000000040
:1000C0000000000000000000000000000000000030
:1000D0000000000000000000000000000000000020
:1000E0000000000000000000000000000000000010
:1000F0000000000000000000000000000000000000
:1001000000000000000000000000000000000000EF
:1001100000000000000000000000000000000000DF
:1001200000000000000000000000000000000000CF
:1001300000000000000000000000000000000000BF
:1001400000000000000000000000000000000000AF
:10015000000000000000000000000000000000009F
:10016000000000000000000000000000000000008F
:10017000000000000000000000000000000000007F
:10018000000000000000000000000000000000006F
:10019000000000000000000000000000000000005F
:1001A000000000000000000000000000000000004F
:1001B000000000000000000000000000000000003F
:1001C000000000000000000000000000000000002F
:1001D000000000000000000000000000000000001F
:1001E000000000000000000000000000000000000F
:1001F00000000000000000000000000000000000FF
:1002000000000000000000000000000000000000EE
:1002100000000000000000000000000000000000DE
:1002200000000000000000000000000000000000CE
:1002300000000000000000000000000000000000BE
:1002400000000000000000000000000000000000AE
:10025000000000000000000000000000000000009E
:10026000000000000000000000000000000000008E
:10027000000000000000000000000000000000007E
:10028000000000000000000000000000000000006E
:10029000000000000000000000000000000000005E
:1002A000000000000000000000000000000000004E
:1002B000000000000000000000000000000000003E
:1002C000000000000000000000000000000000002E
:1002D000000000000000000000000000000000001E
:1002E000000000000000000000000000000000000E
:1002F00000000000000000000000000000000000FE
:1003000000000000000000000000000000000000ED
:1003100000000000000000000000000000000000DD
:1003200000000000000000000000000000000000CD
:1003300000000000000000000000000000000000BD
:1003400000000000000000000000000000000000AD
:10035000000000000000000000000000000000009D
:10036000000000000000000000000000000000008D
:10037000000000000000000000000000000000007D
:10038000000000000000000000000000000000006D
:10039000000000000000000000000000000000005D
:1003A000000000000000000000000000000000004D
:1003B000000000000000000000000000000000003D
:1003C000000000000000000000000000000000002D
:1003D000000000000000000000000000000000001D
:1003E000000000000000000000000000000000000D
:1003F00000000000000000000000000000000000FD
:1004000000000000000000000000000000000000EC
:1004100000000000000000000000000000000000DC
:1004200000000000000000000000000000000000CC
:1004300000000000000000000000000000000000BC
:1004400000000000000000000000000000000000AC
:10045000000000000000000000000000000000009C
:10046000000000000000000000000000000000008C
:10047000000000000000000000000000000000007C
:10048000000000000000000000000000000000006C
:10049000000000000000000000000000000000005C
:1004A000000000000000000000000000000000004C
:1004B000000000000000000000000000000000003C
:1004C000000000000000000000000000000000002C
:1004D000000000000000000000000000000000001C
:1004E000000000000000000000000000000000000C
:1004F00000000000000000000000000000000000FC
:1005000000000000000000000000000000000000EB
:1005100000000000000000000000000000000000DB
:1005200000000000000000000000000000000000CB
:1005300000000000000000000000000000000000BB
:1005400000000000000000000000000000000000AB
:10055000000000000000000000000000000000009B
:10056000000000000000000000000000000000008B
:10057000000000000000000000000000000000007B
:10058000000000000000000000000000000000006B
:10059000000000000000000000000000000000005B
:1005A000000000000000000000000000000000004B
:1005B000000000000000000000000000000000003B
:1005C000000000000000000000000000000000002B
:1005D000000000000000000000000000000000001B
:1005E000000000000000000000000000000000000B
:1005F00000000000000000000000000000000000FB
:1006000000000000000000000000000000000000EA
:1006100000000000000000000000000000000000DA
:1006200000000000000000000000000000000000CA
:1006300000000000000000000000000000000000BA
:1006400000000000000000000000000000000000AA
:10065000000000000000000000000000000000009A
:10066000000000000000000000000000000000008A
:10067000000000000000000000000000000000007A
:10068000000000000000000000000000000000006A
:10069000000000000000000000000000000000005A
:1006A000000000000000000000000000000000004A
:1006B000000000000000000000000000000000003A
:1006C000000000000000000000000000000000002A
:1006D000000000000000000000000000000000001A
:1006E000000000000000000000000000000000000A
:1006F00000000000000000000000000000000000FA
:1007000000000000000000000000000000000000E9
:1007100000000000000000000000000000000000D9
:1007200000000000000000000000000000000000C9
:1007300000000000000000000000000000000000B9
:1007400000000000000000000000000000000000A9
:100750000000000000000000000000000000000099
:100760000000000000000000000000000000000089
:100770000000000000000000000000000000000079
:100780000000000000000000000000000000000069
:100790000000000000000000000000000000000059
:1007A0000000000000000000000000000000000049
:1007B0000000000000000000000000000000000039
:1007C0000000000000000000000000000000000029
:1007D0000000000000000000000000000000000019
:1007E0000000000000000000000000000000000009
:1007F00000000000000000000000000000000000F9
:020000043004C6
:1008000000000000000000000000000000000000E8
:1008100000000000000000000000000000000000D8
:1008200000000000000000000000000000000000C8
:1008300000000000000000000000000000000000B8
:1008400000000000000000000000000000000000A8
:100850000000000000000000000000000000000098
:100860000000000000000000000000000000000088
:100870000000000000000000000000000000000078
:100880000000000000000000000000000000000068
:100890000000000000000000000000000000000058
:1008A0000000000000000000000000000000000048
:1008B0000000000000000000000000000000000038
:1008C0000000000000000000000000000000000028
:1008D0000000000000000000000000000000000018
:1008E0000000000000000000000000000000000008
:1008F00000000000000000000000000000000000F8
:1009000000000000000000000000000000000000E7
:1009100000000000000000000000000000000000D7
:1009200000000000000000000000000000000000C7
:1009300000000000000000000000000000000000B7
:1009400000000000000000000000000000000000A7
:100950000000000000000000000000000000000097
:100960000000000000000000000000000000000087
:100970000000000000000000000000000000000077
:100980000000000000000000000000000000000067
:100990000000000000000000000000000000000057
:1009A0000000000000000000000000000000000047
:1009B0000000000000000000000000000000000037
:1009C0000000000000000000000000000000000027
:1009D0000000000000000000000000000000000017
:1009E0000000000000000000000000000000000007
:1009F00000000000000000000000000000000000F7
:100A000000000000000000000000000000000000E6
:100A100000000000000000000000000000000000D6
:100A200000000000000000000000000000000000C6
:100A300000000000000000000000000000000000B6
:100A400000000000000000000000000000000000A6
:100A50000000000000000000000000000000000096
:100A60000000000000000000000000000000000086
:100A70000000000000000000000000000000000076
:100A80000000000000000000000000000000000066
:100A90000000000000000000000000000000000056
:100AA0000000000000000000000000000000000046
:100AB0000000000000000000000000000000000036
:100AC0000000000000000000000000000000000026
:100AD0000000000000000000000000000000000016
:100AE0000000000000000000000000000000000006
:100AF00000000000000000000000000000000000F6
:100B000000000000000000000000000000000000E5
:100B100000000000000000000000000000000000D5
:100B200000000000000000000000000000000000C5
:100B300000000000000000000000000000000000B5
:100B400000000000000000000000000000000000A5
:100B50000000000000000000000000000000000095
:100B60000000000000000000000000000000000085
:100B70000000000000000000000000000000000075
:100B80000000000000000000000000000000000065
:100B90000000000000000000000000000000000055
:100BA0000000000000000000000000000000000045
:100BB0000000000000000000000000000000000035
:100BC0000000000000000000000000000000000025
:100BD0000000000000000000000000000000000015
:100BE0000000000000000000000000000000000005
:100BF00000000000000000000000000000000000F5
:100C000000000000000000000000000000000000E4
:100C100000000000000000000000000000000000D4
:100C200000000000000000000000000000000000C4
:100C300000000000000000000000000000000000B4
:100C400000000000000000000000000000000000A4
:100C50000000000000000000000000000000000094
:100C60000000000000000000000000000000000084
:100C70000000000000000000000000000000000074
:100C80000000000000000000000000000000000064
:100C90000000000000000000000000000000000054
:100CA0000000000000000000000000000000000044
:100CB0000000000000000000000000000000000034
:100CC0000000000000000000000000000000000024
:100CD0000000000000000000000000000000000014
:100CE0000000000000000000000000000000000004
:100CF00000000000000000000000000000000000F4
:100D000000000000000000000000000000000000E3
:100D100000000000000000000000000000000000D3
:100D200000000000000000000000000000000000C3
:100D300000000000000000000000000000000000B3
:100D400000000000000000000000000000000000A3
:100D50000000000000000000000000000000000093
:100D60000000000000000000000000000000000083
:100D70000000000000000000000000000000000073
:100D80000000000000000000000000000000000063
:100D90000000000000000000000000000000000053
:100DA0000000000000000000000000000000000043
:100DB0000000000000000000000000000000000033
:100DC0000000000000000000000000000000000023
:100DD0000000000000000000000000000000000013
:100DE0000000000000000000000000000000000003
:100DF00000000000000000000000000000000000F3
:100E000000000000000000000000000000000000E2
:100E100000000000000000000000000000000000D2
:100E200000000000000000000000000000000000C2
:100E300000000000000000000000000000000000B2
:100E400000000000000000000000000000000000A2
:100E50000000000000000000000000000000000092
:100E60000000000000000000000000000000000082
:100E70000000000000000000000000000000000072
:100E80000000000000000000000000000000000062
:100E90000000000000000000000000000000000052
:100EA0000000000000000000000000000000000042
:100EB0000000000000000000000000000000000032
:100EC0000000000000000000000000000000000022
:100ED0000000000000000000000000000000000012
:100EE0000000000000000000000000000000000002
:100EF00000000000000000000000000000000000F2
:100F000000000000000000000000000000000000E1
:100F100000000000000000000000000000000000D1
:100F200000000000000000000000000000000000C1
:100F300000000000000000000000000000000000B1
:100F400000000000000000000000000000000000A1
:100F50000000000000000000000000000000000091
:100F60000000000000000000000000000000000081
:100F70000000000000000000000000000000000071
:100F80000000000000000000000000000000000061
:100F90000000000000000000000000000000000051
:100FA0000000000000000000000000000000000041
:100FB0000000000000000000000000000000000031
:100FC0000000000000000000000000000000000021
:100FD0000000000000000000000000000000000011
:100FE0000000000000000000000000000000000001
:100FF00000000000000000000000000000000000F1
:040000050800029954
:00000001FF
